<?xml version="1.0" encoding="UTF-8"?>
<!DOCTYPE mapper PUBLIC "-//mybatis.org//DTD Mapper 3.0//EN" "http://mybatis.org/dtd/mybatis-3-mapper.dtd">
<mapper namespace="com.ruihe.common.dao.mapper.PosBaVisitMapper">


    <select id="getVisitCount" resultType="java.math.BigDecimal">
        SELECT
        sum( operation_qty )
        FROM
        t_pos_ba_visit
        WHERE
        create_time > date( now( ) )
        and counter_id = #{counterId}
        and ba_code = #{baCode}
        and operation_type = #{type}
    </select>


    <!--会员销售要素报表-基础数据-->
    <select id="posBaVisitReport" resultType="java.util.HashMap">
        select
        <if test="scols != null and scols != ''">
            ${scols},
        </if>
        <if test="dcols != null and dcols != ''">
            ${dcols},
        </if>
        FROM
        t_pos_ba_visit a,
        t_counter_info b
        <where>
            a.counter_id = b.counter_id
            <if test="request.startTime != null ">
                <![CDATA[a.create_ime > #{request.startTime}]]>
            </if>
            <if test="request.endTime != null ">
                <![CDATA[and a.create_ime <= DATE_ADD( date(#{request.endTime}), INTERVAL 1 DAY )]]>
            </if>
            <!--由于查询组织机构的时候，如果有数据，那么大区这个是必有的-->
            <if test="request.orgQueryConditionRequest.orgAreaCode != null and request.orgQueryConditionRequest.orgAreaCode != ''">
                and a.org_area_code = #{request.orgQueryConditionRequest.orgAreaCode}
                <if test="request.orgQueryConditionRequest.orgOfficeCode != null and request.orgQueryConditionRequest.orgOfficeCode != ''">
                    and a.org_office_code = #{request.orgQueryConditionRequest.orgOfficeCode}
                </if>
                <if test="request.orgQueryConditionRequest.orgPrincipalCode != null and request.orgQueryConditionRequest.orgPrincipalCode != ''">
                    and a.org_principal_code = #{request.orgQueryConditionRequest.orgPrincipalCode}
                </if>
                <if test="request.orgQueryConditionRequest.counterId != null and request.orgQueryConditionRequest.counterId != ''">
                    and a.counter_id = #{request.orgQueryConditionRequest.counterId}
                </if>
                <if test="request.orgQueryConditionRequest.baCode != null and request.orgQueryConditionRequest.baCode != ''">
                    and a.ba_code = #{request.orgQueryConditionRequest.baCode}
                </if>
            </if>
            <if test="request.orgQueryConditionRequest.issueCounterIdList != null and request.orgQueryConditionRequest.issueCounterIdList.isEmpty() == false">
                and a.counter_id in
                <foreach collection="request.orgQueryConditionRequest.issueCounterIdList" index="index" item="item"
                         open="(" separator="," close=")">
                    #{item}
                </foreach>
            </if>
        </where>
        <if test="gcols != null and gcols != ''">
            group by
            ${gcols}
            order by
            ${gcols}
        </if>
    </select>

    <!-- ba回访分页查询统计 -->
    <select id="listVisit" resultType="com.ruihe.common.pojo.response.member.BaVisitTypeResponse"
            parameterType="java.sql.Wrapper">
        SELECT
	    operation_type,
	    type_id,
	    count( operation_qty ) AS operation_number
        FROM
	    t_pos_ba_visit
        ${ew.customSqlSegment}
    </select>
</mapper>