<?xml version="1.0" encoding="UTF-8"?>
<!DOCTYPE mapper PUBLIC "-//mybatis.org//DTD Mapper 3.0//EN" "http://mybatis.org/dtd/mybatis-3-mapper.dtd">
<mapper namespace="com.ruihe.shop.mapper.bi">
    <sql id="CommonWhere">
        <where>
            <if test="request.startTime != null and request.endTime != null">
                <![CDATA[and o.biz_time >= #{request.startTime} and o.biz_time < DATE_ADD( date(#{request.endTime}), INTERVAL 1 DAY ) ]]>
            </if>
            <if test="request.channelCode != null and request.channelCode != ''">
                and o.counter_chan_code = #{request.channelCode}
            </if>
            <!--由于查询组织机构的时候，如果有数据，那么大区这个是必有的-->
            <if test="request.orgQueryConditionRequest.orgAreaCode != null and request.orgQueryConditionRequest.orgAreaCode != ''">
                and org_area_code = #{request.orgQueryConditionRequest.orgAreaCode}
                <if test="request.orgQueryConditionRequest.orgOfficeCode != null and request.orgQueryConditionRequest.orgOfficeCode != ''">
                    and o.org_office_code = #{request.orgQueryConditionRequest.orgOfficeCode}
                </if>
                <if test="request.orgQueryConditionRequest.orgPrincipalCode != null and request.orgQueryConditionRequest.orgPrincipalCode != ''">
                    and o.org_principal_code = #{request.orgQueryConditionRequest.orgPrincipalCode}
                </if>
                <if test="request.orgQueryConditionRequest.counterId != null and request.orgQueryConditionRequest.counterId != ''">
                    and o.counter_id = #{request.orgQueryConditionRequest.counterId}
                </if>
                <if test="request.orgQueryConditionRequest.baCode != null and request.orgQueryConditionRequest.baCode != ''">
                    and o.ba_code = #{request.orgQueryConditionRequest.baCode}
                </if>
            </if>
            <if test="request.orgQueryConditionRequest.issueCounterIdList != null and request.orgQueryConditionRequest.issueCounterIdList.isEmpty() == false">
                and o.counter_id in
                <foreach collection="request.orgQueryConditionRequest.issueCounterIdList" index="index" item="item" open="(" separator="," close=")">
                    #{item}
                </foreach>
            </if>
            <if test="flag and (request.orgQueryConditionRequest.orgAreaCode == null or request.orgQueryConditionRequest.orgAreaCode == '')">
                and (o.counter_id in(select dept_code from t_employee_concern
                where emp_id = #{empId})
                or o.org_area_code in(select dept_code from t_employee_concern
                where emp_id = #{empId})
                or o.org_office_code in(select dept_code from t_employee_concern
                where emp_id = #{empId})
                or o.org_principal_code in(select dept_code from t_employee_concern
                where emp_id = #{empId})
                )
            </if>
        </where>
    </sql>

</mapper>