<?xml version="1.0" encoding="UTF-8"?>
<!DOCTYPE mapper PUBLIC "-//mybatis.org//DTD Mapper 3.0//EN" "http://mybatis.org/dtd/mybatis-3-mapper.dtd">
<mapper namespace="com.ruihe.admin.mapper.bi.MemberReportMapper">


    <select id="memberPurchaseTrace"
            resultType="com.ruihe.admin.response.bi.MemberPurchaseResponse">
        SELECT
        <if test="scols != null and scols != ''">
            ${scols},
        </if>
        ifnull(sum(a.trans_type*ABS(a.goods_qty)),0) goods_qty,
        ifnull(sum(a.trans_type*ABS(a.sk_qty)),0) sk_qty,
        ifnull(sum(a.trans_type*ABS(a.real_amt)),0) real_amt,
        ifnull(sum(ABS(a.trans_type)),0) order_qty
        FROM
        t_pos_order a inner join t_member_info b on a.member_id = b.member_id
        inner join t_counter_info c on b.counter_id = c.counter_id
        <where>
            <if test="request.startTime != null and request.endTime != null">
                <![CDATA[and a.biz_time >= #{request.startTime} and a.biz_time < DATE_ADD( date(#{request.endTime}), INTERVAL 1 DAY ) ]]>
            </if>
            <if test="request.channelCode != null and request.channelCode != ''">
                and a.counter_chan_code = #{request.channelCode}
            </if>
            <if test="request.orgQueryConditionRequest.orgAreaCode != null and request.orgQueryConditionRequest.orgAreaCode != ''">
                and c.org_area_id = #{request.orgQueryConditionRequest.orgAreaCode}
                <if test="request.orgQueryConditionRequest.orgOfficeCode != null and request.orgQueryConditionRequest.orgOfficeCode != ''">
                    and c.org_office_id = #{request.orgQueryConditionRequest.orgOfficeCode}
                </if>
                <if test="request.orgQueryConditionRequest.orgPrincipalCode != null and request.orgQueryConditionRequest.orgPrincipalCode != ''">
                    and c.org_master_id = #{request.orgQueryConditionRequest.orgPrincipalCode}
                </if>
                <if test="request.orgQueryConditionRequest.counterId != null and request.orgQueryConditionRequest.counterId != ''">
                    and c.counter_id = #{request.orgQueryConditionRequest.counterId}
                </if>
            </if>
            <if test="request.orgQueryConditionRequest.issueCounterIdList != null and request.orgQueryConditionRequest.issueCounterIdList.isEmpty() == false">
                and c.counter_id in
                <foreach collection="request.orgQueryConditionRequest.issueCounterIdList" index="index" item="item" open="(" separator="," close=")">
                    #{item}
                </foreach>
            </if>
            <!--递归调用-->
            <if test="org != null">
                <if test="org.orgAreaCode != null and org.orgAreaCode != '直属'">
                    and c.org_area_id = #{org.orgAreaCode}
                </if>
                <if test="org.orgAreaCode != null and org.orgAreaCode == '直属'">
                    and (c.org_area_id = '' or c.org_area_id is null)
                </if>
                <if test="org.orgOfficeCode != null and org.orgOfficeCode != '直属'">
                    and c.org_office_id = #{org.orgOfficeCode}
                </if>
                <if test="org.orgOfficeCode != null and org.orgOfficeCode == '直属'">
                    and (c.org_office_id = '' or c.org_office_id is null)
                </if>
                <if test="org.orgPrincipalCode != null and org.orgPrincipalCode != '直属'">
                    and c.org_master_id = #{org.orgPrincipalCode}
                </if>
                <if test="org.orgPrincipalCode != null and org.orgPrincipalCode == '直属'">
                    and (c.org_master_id = '' or c.org_master_id is null)
                </if>
                <if test="org.counterId != null and org.counterId != '直属'">
                    and c.counter_id = #{org.counterId}
                </if>
                <if test="org.counterId != null and org.counterId == '直属'">
                    and (c.counter_id = '' or c.counter_id is null)
                </if>
            </if>
            <if test="flag and (request.orgQueryConditionRequest.orgAreaCode == null or request.orgQueryConditionRequest.orgAreaCode == '')">
                and (c.counter_id in(select dept_code from t_employee_concern
                where emp_id = #{empId})
                or c.org_area_id in(select dept_code from t_employee_concern
                where emp_id = #{empId})
                or c.org_office_id in(select dept_code from t_employee_concern
                where emp_id = #{empId})
                or c.org_master_id in(select dept_code from t_employee_concern
                where emp_id = #{empId})
                )
            </if>
            <if test="request.joinStartTime != null">
                and b.card_issuing_time &gt;= #{request.joinStartTime}
            </if>
            <if test="request.joinEndTime != null">
                and b.card_issuing_time &lt; DATE_ADD( date(#{request.joinEndTime}), INTERVAL 1 DAY )
            </if>
        </where>
        <if test="gcols != null and gcols != ''">
            group by
            ${gcols}
            ORDER BY
            ${gcols}
        </if>
    </select>

    <!--会员销售要素报表-基础数据-->
    <select id="memberSalesFactor4BaseData" resultType="com.ruihe.admin.response.bi.MemberSalesResponse">
        select
        <if test="scols != null and scols != ''">
            ${scols},
        </if>
        <![CDATA[
            ifnull(sum(a.trans_type*ABS(a.real_amt)),0) sales_amt,
            ifnull(count(a.order_no),0 ) sales_order_qty,
            ifnull(sum(a.trans_type*ABS(a.goods_qty)),0 ) sales_goods_qty,
            ifnull(sum(a.trans_type*ABS(a.sk_qty)),0 ) sales_sk_qty,
            ifnull(count(distinct m.member_id),0) mem_pur,
            ifnull(sum(case when m.member_id is null then 0 else a.trans_type*ABS(a.real_amt) end),0) mem_amt,
            ifnull(count(a.order_no),0 ) mem_order,
        ]]>
                ifnull(count(distinct case when
                <if test="gcols != null and gcols != '' and gcols.indexOf('org_area_code') != -1">
                    a.org_area_code = c.org_area_id and
                </if>
                <if test="gcols != null and gcols != '' and gcols.indexOf('org_office_code') != -1">
                    a.org_office_code = c.org_office_id and
                </if>
                <if test="gcols != null and gcols != '' and gcols.indexOf('org_principal_code') != -1">
                    a.org_principal_code = c.org_master_id and
                </if>
                <if test="gcols != null and gcols != '' and gcols.indexOf('counter_id') != -1">
                    a.counter_id = c.counter_id and a.ba_code = m.ba_id and
                </if>
                m.card_issuing_time between #{request.startTime} and DATE_ADD(date(#{request.endTime}), INTERVAL 1 DAY ) then m.member_id end),0) mj,
        <![CDATA[
            ifnull(count(distinct case when m.card_issuing_time between #{request.startTime} and DATE_ADD( date(#{request.endTime}),INTERVAL 1 DAY ) then m.member_id end),0) new_pur,
            ifnull(sum(case when m.card_issuing_time between #{request.startTime} and DATE_ADD( date(#{request.endTime}),INTERVAL 1 DAY ) then a.trans_type*ABS(a.real_amt) else 0 end),0) new_amt,
            ifnull(count(case when m.card_issuing_time between #{request.startTime} and DATE_ADD( date(#{request.endTime}),INTERVAL 1 DAY ) then a.order_no end),0 ) new_order,
            ifnull(count(distinct case when m.card_issuing_time < #{request.startTime} then m.member_id end),0) vet_pur,
            ifnull(sum(case when m.card_issuing_time < #{request.startTime} then a.trans_type*ABS(a.real_amt) else 0 end),0) vet_amt,
            ifnull(count(case when m.card_issuing_time < #{request.startTime} then a.order_no end),0 ) vet_order,
            ifnull(count(distinct case when m.member_id is null then a.order_no end),0 ) non_mem_order
        from t_pos_order a left join t_member_info m on a.member_id = m.member_id
             left join t_counter_info c on m.counter_id = c.counter_id
        ]]>
        <where>
            <if test="request.startTime != null ">
                <![CDATA[a.biz_time > #{request.startTime}]]>
            </if>
            <if test="request.endTime != null ">
                <![CDATA[and a.biz_time <= DATE_ADD( date(#{request.endTime}), INTERVAL 1 DAY )]]>
            </if>
            <if test="request.channelCode != null and request.channelCode != ''">
                and a.counter_chan_code = #{request.channelCode}
            </if>
            <!--由于查询组织机构的时候，如果有数据，那么大区这个是必有的-->
            <if test="request.orgQueryConditionRequest.orgAreaCode != null and request.orgQueryConditionRequest.orgAreaCode != ''">
                and a.org_area_code = #{request.orgQueryConditionRequest.orgAreaCode}
                <if test="request.orgQueryConditionRequest.orgOfficeCode != null and request.orgQueryConditionRequest.orgOfficeCode != ''">
                    and a.org_office_code = #{request.orgQueryConditionRequest.orgOfficeCode}
                </if>
                <if test="request.orgQueryConditionRequest.orgPrincipalCode != null and request.orgQueryConditionRequest.orgPrincipalCode != ''">
                    and a.org_principal_code = #{request.orgQueryConditionRequest.orgPrincipalCode}
                </if>
                <if test="request.orgQueryConditionRequest.counterId != null and request.orgQueryConditionRequest.counterId != ''">
                    and a.counter_id = #{request.orgQueryConditionRequest.counterId}
                </if>
                <if test="request.orgQueryConditionRequest.baCode != null and request.orgQueryConditionRequest.baCode != ''">
                    and a.ba_code = #{request.orgQueryConditionRequest.baCode}
                </if>
            </if>
            <if test="request.orgQueryConditionRequest.issueCounterIdList != null and request.orgQueryConditionRequest.issueCounterIdList.isEmpty() == false">
                and a.counter_id in
                <foreach collection="request.orgQueryConditionRequest.issueCounterIdList" index="index" item="item" open="(" separator="," close=")">
                    #{item}
                </foreach>
            </if>
            <!--递归调用-->
            <if test="org != null">
                <if test="org.orgAreaCode != null and org.orgAreaCode != '直属'">
                    and a.org_area_code = #{org.orgAreaCode}
                </if>
                <if test="org.orgAreaCode != null and org.orgAreaCode == '直属'">
                    and (a.org_area_code = '' or a.org_area_code is null)
                </if>
                <if test="org.orgOfficeCode != null and org.orgOfficeCode != '直属'">
                    and a.org_office_code = #{org.orgOfficeCode}
                </if>
                <if test="org.orgOfficeCode != null and org.orgOfficeCode == '直属'">
                    and (a.org_office_code = '' or a.org_office_code is null)
                </if>
                <if test="org.orgPrincipalCode != null and org.orgPrincipalCode != '直属'">
                    and a.org_principal_code = #{org.orgPrincipalCode}
                </if>
                <if test="org.orgPrincipalCode != null and org.orgPrincipalCode == '直属'">
                    and (a.org_principal_code = '' or a.org_principal_code is null)
                </if>
                <if test="org.counterId != null and org.counterId != '直属'">
                    and a.counter_id = #{org.counterId}
                </if>
                <if test="org.counterId != null and org.counterId == '直属'">
                    and (a.counter_id = '' or a.counter_id is null)
                </if>
            </if>
            <if test="flag and (request.orgQueryConditionRequest.orgAreaCode == null or request.orgQueryConditionRequest.orgAreaCode == '')">
                and (a.counter_id in(select dept_code from t_employee_concern
                where emp_id = #{empId})
                or a.org_area_code in(select dept_code from t_employee_concern
                where emp_id = #{empId})
                or a.org_office_code in(select dept_code from t_employee_concern
                where emp_id = #{empId})
                or a.org_principal_code in(select dept_code from t_employee_concern
                where emp_id = #{empId})
                )
            </if>
        </where>
        <if test="gcols != null and gcols != ''">
            group by
            ${gcols}
            order by
            ${gcols}
        </if>
    </select>
    <!--会员销售要素报表-销售天数-->
    <select id="memberSalesFactor4SaleDays" resultType="com.ruihe.admin.response.bi.MemberSalesResponse">
        select
            <if test="outScols != null and outScols != ''">
                ${outScols},
            </if>
            count(time) sale_days
        from (
            select
                <if test="inScols != null and inScols != ''">
                    ${inScols},
                </if>
                date(a.biz_time) time,
                ifnull(sum(a.trans_type*ABS(a.real_amt)),0) net_amt
            from t_pos_order a
            <where>
                <if test="request.startTime != null ">
                    <![CDATA[a.biz_time > #{request.startTime}]]>
                </if>
                <if test="request.endTime != null ">
                    <![CDATA[and a.biz_time <= DATE_ADD( date(#{request.endTime}), INTERVAL 1 DAY )]]>
                </if>
                <if test="request.channelCode != null and request.channelCode != ''">
                    and a.counter_chan_code = #{request.channelCode}
                </if>
                <!--由于查询组织机构的时候，如果有数据，那么大区这个是必有的-->
                <if test="request.orgQueryConditionRequest.orgAreaCode != null and request.orgQueryConditionRequest.orgAreaCode != ''">
                    and a.org_area_code = #{request.orgQueryConditionRequest.orgAreaCode}
                    <if test="request.orgQueryConditionRequest.orgOfficeCode != null and request.orgQueryConditionRequest.orgOfficeCode != ''">
                        and a.org_office_code = #{request.orgQueryConditionRequest.orgOfficeCode}
                    </if>
                    <if test="request.orgQueryConditionRequest.orgPrincipalCode != null and request.orgQueryConditionRequest.orgPrincipalCode != ''">
                        and a.org_principal_code = #{request.orgQueryConditionRequest.orgPrincipalCode}
                    </if>
                    <if test="request.orgQueryConditionRequest.counterId != null and request.orgQueryConditionRequest.counterId != ''">
                        and a.counter_id = #{request.orgQueryConditionRequest.counterId}
                    </if>
                    <if test="request.orgQueryConditionRequest.baCode != null and request.orgQueryConditionRequest.baCode != ''">
                        and a.ba_code = #{request.orgQueryConditionRequest.baCode}
                    </if>
                </if>
                <if test="request.orgQueryConditionRequest.issueCounterIdList != null and request.orgQueryConditionRequest.issueCounterIdList.isEmpty() == false">
                    and a.counter_id in
                    <foreach collection="request.orgQueryConditionRequest.issueCounterIdList" index="index" item="item" open="(" separator="," close=")">
                        #{item}
                    </foreach>
                </if>
                <!--递归调用-->
                <if test="org != null">
                    <if test="org.orgAreaCode != null and org.orgAreaCode != '直属'">
                        and a.org_area_code = #{org.orgAreaCode}
                    </if>
                    <if test="org.orgAreaCode != null and org.orgAreaCode == '直属'">
                        and (a.org_area_code = '' or a.org_area_code is null)
                    </if>
                    <if test="org.orgOfficeCode != null and org.orgOfficeCode != '直属'">
                        and a.org_office_code = #{org.orgOfficeCode}
                    </if>
                    <if test="org.orgOfficeCode != null and org.orgOfficeCode == '直属'">
                        and (a.org_office_code = '' or a.org_office_code is null)
                    </if>
                    <if test="org.orgPrincipalCode != null and org.orgPrincipalCode != '直属'">
                        and a.org_principal_code = #{org.orgPrincipalCode}
                    </if>
                    <if test="org.orgPrincipalCode != null and org.orgPrincipalCode == '直属'">
                        and (a.org_principal_code = '' or a.org_principal_code is null)
                    </if>
                    <if test="org.counterId != null and org.counterId != '直属'">
                        and a.counter_id = #{org.counterId}
                    </if>
                    <if test="org.counterId != null and org.counterId == '直属'">
                        and (a.counter_id = '' or a.counter_id is null)
                    </if>
                </if>
                <if test="flag and (request.orgQueryConditionRequest.orgAreaCode == null or request.orgQueryConditionRequest.orgAreaCode == '')">
                    and (a.counter_id in(select dept_code from t_employee_concern
                    where emp_id = #{empId})
                    or a.org_area_code in(select dept_code from t_employee_concern
                    where emp_id = #{empId})
                    or a.org_office_code in(select dept_code from t_employee_concern
                    where emp_id = #{empId})
                    or a.org_principal_code in(select dept_code from t_employee_concern
                    where emp_id = #{empId})
                    )
                </if>
            </where>
            group by
            <if test="inGcols != null and inGcols != ''">
                ${inGcols},
            </if>
            time
            <![CDATA[having net_amt != 0]]>
        ) t
        <if test="outGcols != null and outGcols != ''">
            group by
            ${outGcols}
            order by
            ${outGcols}
        </if>
    </select>

    <!--动态分组-经营新会员人数-->
    <select id="memberSalesFactor4OptNew" resultType="com.ruihe.admin.response.bi.MemberSalesResponse">
        SELECT
        <if test="scols != null and scols != ''">
            ${scols},
        </if>
        ifnull(count(DISTINCT o.member_id),0) opt_new,
        ifnull(sum(o.trans_type*o.real_amt),0) opt_new_amt,
        ifnull(count(o.order_no),0) opt_new_order
        FROM t_pos_order o inner join t_member_info m on o.member_id = m.member_id
        <include refid="com.ruihe.shop.mapper.bi.CommonWhere"/>
        <if test="request.startTime != null and request.endTime != null">
            <![CDATA[and m.create_time >= #{request.startTime} and m.create_time < DATE_ADD( date(#{request.endTime}), INTERVAL 1 DAY ) ]]>
        </if>
        and m.member_level_code!='WMLC006'
        and o.real_amt >= 200
        <if test="gcols != null and gcols != ''">
            group by
            ${gcols}
            ORDER BY
            ${gcols}
        </if>
    </select>

    <!--会员入会数量-->
    <select id="memberSalesFactor4Mj" resultType="com.ruihe.admin.response.bi.MemberSalesResponse">
        select
        <if test="scols != null and scols != ''">
            ${scols},
        </if>
        count(m.member_id) mj
        from t_member_info m inner join t_counter_info c on m.counter_id = c.counter_id
        <where>
            <if test="request.startTime != null ">
                <![CDATA[m.card_issuing_time >= #{request.startTime}]]>
            </if>
            <if test="request.endTime != null ">
                <![CDATA[and m.card_issuing_time < DATE_ADD( date(#{request.endTime}), INTERVAL 1 DAY )]]>
            </if>
            <if test="request.channelCode != null and request.channelCode != ''">
                and c.channel_code = #{request.channelCode}
            </if>
            <!--由于查询组织机构的时候，如果有数据，那么大区这个是必有的-->
            <if test="request.orgQueryConditionRequest.orgAreaCode != null and request.orgQueryConditionRequest.orgAreaCode != ''">
                    and c.org_area_id = #{request.orgQueryConditionRequest.orgAreaCode}
                <if test="request.orgQueryConditionRequest.orgOfficeCode != null and request.orgQueryConditionRequest.orgOfficeCode != ''">
                    and c.org_office_id = #{request.orgQueryConditionRequest.orgOfficeCode}
                </if>
                <if test="request.orgQueryConditionRequest.orgPrincipalCode != null and request.orgQueryConditionRequest.orgPrincipalCode != ''">
                    and c.org_master_id = #{request.orgQueryConditionRequest.orgPrincipalCode}
                </if>
                <if test="request.orgQueryConditionRequest.counterId != null and request.orgQueryConditionRequest.counterId != ''">
                    and c.counter_id = #{request.orgQueryConditionRequest.counterId}
                </if>
                <if test="request.orgQueryConditionRequest.baCode != null and request.orgQueryConditionRequest.baCode != ''">
                    and m.ba_id = #{request.orgQueryConditionRequest.baCode}
                </if>
            </if>
            <if test="request.orgQueryConditionRequest.issueCounterIdList != null and request.orgQueryConditionRequest.issueCounterIdList.isEmpty() == false">
                and c.counter_id in
                <foreach collection="request.orgQueryConditionRequest.issueCounterIdList" index="index" item="item" open="(" separator="," close=")">
                    #{item}
                </foreach>
            </if>
            <!--递归调用-->
            <if test="org != null">
                <if test="org.orgAreaCode != null and org.orgAreaCode != '直属'">
                    and c.org_area_id = #{org.orgAreaCode}
                </if>
                <if test="org.orgAreaCode != null and org.orgAreaCode == '直属'">
                    and (c.org_area_id = '' or c.org_area_id is null)
                </if>
                <if test="org.orgOfficeCode != null and org.orgOfficeCode != '直属'">
                    and c.org_office_id = #{org.orgOfficeCode}
                </if>
                <if test="org.orgOfficeCode != null and org.orgOfficeCode == '直属'">
                    and (c.org_office_id = '' or c.org_office_id is null)
                </if>
                <if test="org.orgPrincipalCode != null and org.orgPrincipalCode != '直属'">
                    and c.org_master_id = #{org.orgPrincipalCode}
                </if>
                <if test="org.orgPrincipalCode != null and org.orgPrincipalCode == '直属'">
                    and (c.org_master_id = '' or c.org_master_id is null)
                </if>
                <if test="org.counterId != null and org.counterId != '直属'">
                    and c.counter_id = #{org.counterId}
                </if>
                <if test="org.counterId != null and org.counterId == '直属'">
                    and (c.counter_id = '' or c.counter_id is null)
                </if>
            </if>
            <if test="flag and (request.orgQueryConditionRequest.orgAreaCode == null or request.orgQueryConditionRequest.orgAreaCode == '')">
                and (c.counter_id in(select dept_code from t_employee_concern
                where emp_id = #{empId})
                or c.org_area_id in(select dept_code from t_employee_concern
                where emp_id = #{empId})
                or c.org_office_id in(select dept_code from t_employee_concern
                where emp_id = #{empId})
                or c.org_master_id in(select dept_code from t_employee_concern
                where emp_id = #{empId})
                )
            </if>
        </where>
        <if test="gcols != null and gcols != ''">
            group by
            ${gcols}
            order by
            ${gcols}
        </if>
    </select>
</mapper>