<?xml version="1.0" encoding="UTF-8"?>
<!DOCTYPE mapper PUBLIC "-//mybatis.org//DTD Mapper 3.0//EN" "http://mybatis.org/dtd/mybatis-3-mapper.dtd">
<mapper namespace="com.ruihe.admin.mapper.bi.PosBaVisitReportMapper">

    <!--会员销售要素报表-基础数据-->
    <select id="posBaVisitReport" resultType="java.util.HashMap">
        select
        <if test="scols != null and scols != ''">
            ${scols}
        </if>
        <if test="dcols != null and dcols != ''">
            ${dcols}
        </if>
        FROM
        t_pos_ba_visit a,
        t_counter_info b
        <where>
            a.counter_id = b.counter_id
            <if test="request.startTime != null ">
                <![CDATA[and a.create_time > #{request.startTime}]]>
            </if>
            <if test="request.endTime != null ">
                <![CDATA[and a.create_time <= DATE_ADD( date(#{request.endTime}), INTERVAL 1 DAY )]]>
            </if>
            <if test="request.channelCode != null and request.channelCode != ''">
                and b.channel_code = #{request.channelCode}
            </if>
            <!--由于查询组织机构的时候，如果有数据，那么大区这个是必有的-->
            <if test="request.orgQueryConditionRequest.orgAreaCode != null and request.orgQueryConditionRequest.orgAreaCode != ''">
                and b.org_area_id = #{request.orgQueryConditionRequest.orgAreaCode}
                <if test="request.orgQueryConditionRequest.orgOfficeCode != null and request.orgQueryConditionRequest.orgOfficeCode != ''">
                    and b.org_office_id = #{request.orgQueryConditionRequest.orgOfficeCode}
                </if>
                <if test="request.orgQueryConditionRequest.orgPrincipalCode != null and request.orgQueryConditionRequest.orgPrincipalCode != ''">
                    and b.org_master_id = #{request.orgQueryConditionRequest.orgPrincipalCode}
                </if>
                <if test="request.orgQueryConditionRequest.counterId != null and request.orgQueryConditionRequest.counterId != ''">
                    and b.counter_id = #{request.orgQueryConditionRequest.counterId}
                </if>
            </if>
            <if test="request.orgQueryConditionRequest.issueCounterIdList != null and request.orgQueryConditionRequest.issueCounterIdList.isEmpty() == false">
                and b.counter_id in
                <foreach collection="request.orgQueryConditionRequest.issueCounterIdList" index="index" item="item"
                         open="(" separator="," close=")">
                    #{item}
                </foreach>
            </if>
        </where>
        <if test="gcols != null and gcols != ''">
            group by
            ${gcols}
            order by
            ${gcols}
        </if>
    </select>
</mapper>