<?xml version="1.0" encoding="UTF-8"?>
<!DOCTYPE mapper PUBLIC "-//mybatis.org//DTD Mapper 3.0//EN" "http://mybatis.org/dtd/mybatis-3-mapper.dtd">
<mapper namespace="com.ruihe.admin.mapper.bi.PrdDetailReportMapper">

    <select id="prdBizDetailReport" resultType="com.ruihe.admin.response.bi.PrdDetailERPResponse">
        select
        <if test="scols != null and scols != ''">
            ${scols},
        </if>
        <![CDATA[
        ifnull(sum(case when b.is_virtual = 1 then 0 else a.trans_type*ABS(b.pur_qty) end),0) goods_qty,
        ifnull(sum(a.trans_type*b.share_amt),0) real_amt,
        ifnull(sum(case when b.is_virtual = 1 then 0 else a.trans_type*ABS(b.pur_qty*b.prd_price) end),0) prd_amt
        from t_pos_order a
            inner join t_pos_order_item b on a.order_no = b.order_no
            inner join t_product p on p.prd_bar_code = b.prd_bar_code
        ]]>
        <where>
            <if test="request.startTime != null">
                and a.biz_time &gt;= #{request.startTime}
            </if>
            <if test="request.endTime != null">
                and a.biz_time &lt; DATE_ADD( date(#{request.endTime}), INTERVAL 1 DAY )
            </if>
            <if test="request.channelCode != null and request.channelCode != ''">
                and a.counter_chan_code = #{request.channelCode}
            </if>
            <if test="request.orgQueryConditionRequest.issueCounterIdList != null and request.orgQueryConditionRequest.issueCounterIdList.isEmpty() == false">
                and a.counter_id in
                <foreach collection="request.orgQueryConditionRequest.issueCounterIdList" index="index" item="item" open="(" separator="," close=")">
                    #{item}
                </foreach>
            </if>
            <if test="flag">
                and (a.counter_id in(select dept_code from t_employee_concern
                where emp_id = #{empId})
                or a.org_area_code in(select dept_code from t_employee_concern
                where emp_id = #{empId})
                or a.org_office_code in(select dept_code from t_employee_concern
                where emp_id = #{empId})
                or a.org_principal_code in(select dept_code from t_employee_concern
                where emp_id = #{empId})
                )
            </if>
            <if test="request.extractCondition.bigCatCode != null">
                and b.big_cat_code = #{request.extractCondition.bigCatCode}
            </if>
            <if test="request.extractCondition.mediumCatCode != null">
                and b.medium_cat_code = #{request.extractCondition.mediumCatCode}
            </if>
            <if test="request.extractCondition.smallCatCode != null">
                and b.small_cat_code = #{request.extractCondition.smallCatCode}
            </if>
            <if test="request.extractCondition.prdBarCode != null and request.extractCondition.prdBarCode != ''">
                and b.prd_bar_code = #{request.extractCondition.prdBarCode}
            </if>
            <if test="request.goodsBarCode != null and request.goodsBarCode != ''">
                and b.goods_bar_code like "%"#{request.goodsBarCode}"%"
            </if>
            <if test="request.prdName != null and request.prdName != ''">
                and b.prd_name like "%"#{request.prdName}"%"
            </if>
            <if test="request.orgQueryConditionRequest.seriesCodeList != null and request.orgQueryConditionRequest.seriesCodeList.isEmpty()== false">
                and p.series_code in
                <foreach collection="request.orgQueryConditionRequest.seriesCodeList" index="index" item="item" open="(" separator="," close=")">
                    #{item}
                </foreach>
            </if>
            <if test="request.orgQueryConditionRequest.categoryCodeList != null and request.orgQueryConditionRequest.categoryCodeList.isEmpty()== false">
                and (
                p.big_cat_code in
                <foreach collection="request.orgQueryConditionRequest.categoryCodeList" index="index" item="item" open="(" separator="," close=")">
                    #{item}
                </foreach>
                or
                p.medium_cat_code in
                <foreach collection="request.orgQueryConditionRequest.categoryCodeList" index="index" item="item" open="(" separator="," close=")">
                    #{item}
                </foreach>
                or
                p.small_cat_code in
                <foreach collection="request.orgQueryConditionRequest.categoryCodeList" index="index" item="item" open="(" separator="," close=")">
                    #{item}
                </foreach>
                )
            </if>
        </where>
        <if test="gcols != null and gcols != ''">
            group by
            ${gcols}
            ORDER BY
            ${gcols}
        </if>
    </select>

    <select id="prdBizDetailHead" resultType="com.ruihe.admin.response.bi.PrdDetailERPResponse">
        select
        <if test="scols != null and scols != ''">
            ${scols}
        </if>
        from t_pos_order_item as b
            inner join t_pos_order as a  on a.order_no = b.order_no
            inner join t_product p on p.prd_bar_code = b.prd_bar_code
        <where>
            <if test="request.startTime != null">
                and a.biz_time &gt;= #{request.startTime}
            </if>
            <if test="request.endTime != null">
                and a.biz_time &lt; DATE_ADD( date(#{request.endTime}), INTERVAL 1 DAY )
            </if>
            <if test="request.channelCode != null and request.channelCode != ''">
                and a.counter_chan_code = #{request.channelCode}
            </if>
            <if test="request.orgQueryConditionRequest.issueCounterIdList != null and request.orgQueryConditionRequest.issueCounterIdList.isEmpty() == false">
                and a.counter_id in
                <foreach collection="request.orgQueryConditionRequest.issueCounterIdList" index="index" item="item" open="(" separator="," close=")">
                    #{item}
                </foreach>
            </if>
            <if test="request.extractCondition.bigCatCode != null">
                and b.big_cat_code = #{request.extractCondition.bigCatCode}
            </if>
            <if test="request.extractCondition.mediumCatCode != null">
                and b.medium_cat_code = #{request.extractCondition.mediumCatCode}
            </if>
            <if test="request.extractCondition.smallCatCode != null">
                and b.small_cat_code = #{request.extractCondition.smallCatCode}
            </if>
            <if test="request.extractCondition.prdBarCode != null and request.extractCondition.prdBarCode != ''">
                and b.prd_bar_code = #{request.extractCondition.prdBarCode}
            </if>
            <if test="request.goodsBarCode != null and request.goodsBarCode != ''">
                and b.goods_bar_code like "%"#{request.goodsBarCode}"%"
            </if>
            <if test="request.prdName != null and request.prdName != ''">
                and b.prd_name like "%"#{request.prdName}"%"
            </if>
            <if test="request.orgQueryConditionRequest.seriesCodeList != null and request.orgQueryConditionRequest.seriesCodeList.isEmpty()== false">
                and p.series_code in
                <foreach collection="request.orgQueryConditionRequest.seriesCodeList" index="index" item="item" open="(" separator="," close=")">
                    #{item}
                </foreach>
            </if>
            <if test="request.orgQueryConditionRequest.categoryCodeList != null and request.orgQueryConditionRequest.categoryCodeList.isEmpty()== false">
                and (
                p.big_cat_code in
                <foreach collection="request.orgQueryConditionRequest.categoryCodeList" index="index" item="item" open="(" separator="," close=")">
                    #{item}
                </foreach>
                or
                p.medium_cat_code in
                <foreach collection="request.orgQueryConditionRequest.categoryCodeList" index="index" item="item" open="(" separator="," close=")">
                    #{item}
                </foreach>
                or
                p.small_cat_code in
                <foreach collection="request.orgQueryConditionRequest.categoryCodeList" index="index" item="item" open="(" separator="," close=")">
                    #{item}
                </foreach>
                )
            </if>
        </where>
        <if test="gcols != null and gcols != ''">
            group by
            ${gcols}
            ORDER BY
            ${gcols}
        </if>
    </select>
</mapper>