<?xml version="1.0" encoding="UTF-8"?>
<!DOCTYPE mapper PUBLIC "-//mybatis.org//DTD Mapper 3.0//EN" "http://mybatis.org/dtd/mybatis-3-mapper.dtd">
<mapper namespace="com.ruihe.admin.mapper.bi.SaleReportMapper">
    <sql id="common-where">
        <where>
            <if test="request.startTime != null and request.endTime != null">
                <![CDATA[and o.biz_time >= #{request.startTime} and o.biz_time < DATE_ADD( date(#{request.endTime}), INTERVAL 1 DAY ) ]]>
            </if>
            <if test="request.channelCode != null and request.channelCode != ''">
                and o.counter_chan_code = #{request.channelCode}
            </if>
            <!--由于查询组织机构的时候，如果有数据，那么大区这个是必有的-->
            <if test="request.orgQueryConditionRequest.orgAreaCode != null and request.orgQueryConditionRequest.orgAreaCode != ''">
                and org_area_code = #{request.orgQueryConditionRequest.orgAreaCode}
                <if test="request.orgQueryConditionRequest.orgOfficeCode != null and request.orgQueryConditionRequest.orgOfficeCode != ''">
                    and o.org_office_code = #{request.orgQueryConditionRequest.orgOfficeCode}
                </if>
                <if test="request.orgQueryConditionRequest.orgPrincipalCode != null and request.orgQueryConditionRequest.orgPrincipalCode != ''">
                    and o.org_principal_code = #{request.orgQueryConditionRequest.orgPrincipalCode}
                </if>
                <if test="request.orgQueryConditionRequest.counterId != null and request.orgQueryConditionRequest.counterId != ''">
                    and o.counter_id = #{request.orgQueryConditionRequest.counterId}
                </if>
                <if test="request.orgQueryConditionRequest.baCode != null and request.orgQueryConditionRequest.baCode != ''">
                    and o.ba_code = #{request.orgQueryConditionRequest.baCode}
                </if>
            </if>
            <!--递归调用-->
            <if test="org != null">
                <if test="org.orgAreaCode != null and org.orgAreaCode != '直属'">
                    and o.org_area_code = #{org.orgAreaCode}
                </if>
                <if test="org.orgAreaCode != null and org.orgAreaCode == '直属'">
                    and (o.org_area_code = '' or o.org_area_code is null)
                </if>
                <if test="org.orgOfficeCode != null and org.orgOfficeCode != '直属'">
                    and o.org_office_code = #{org.orgOfficeCode}
                </if>
                <if test="org.orgOfficeCode != null and org.orgOfficeCode == '直属'">
                    and (o.org_office_code = '' or o.org_office_code is null)
                </if>
                <if test="org.orgPrincipalCode != null and org.orgPrincipalCode != '直属'">
                    and o.org_principal_code = #{org.orgPrincipalCode}
                </if>
                <if test="org.orgPrincipalCode != null and org.orgPrincipalCode == '直属'">
                    and (o.org_principal_code = '' or o.org_principal_code is null)
                </if>
                <if test="org.counterId != null and org.counterId != '直属'">
                    and o.counter_id = #{org.counterId}
                </if>
                <if test="org.counterId != null and org.counterId == '直属'">
                    and (o.counter_id = '' or o.counter_id is null)
                </if>
            </if>
            <if test="flag and (request.orgQueryConditionRequest.orgAreaCode == null or request.orgQueryConditionRequest.orgAreaCode == '')">
                and (o.counter_id in(select dept_code from t_employee_concern
                where emp_id = #{empId})
                or o.org_area_code in(select dept_code from t_employee_concern
                where emp_id = #{empId})
                or o.org_office_code in(select dept_code from t_employee_concern
                where emp_id = #{empId})
                or o.org_principal_code in(select dept_code from t_employee_concern
                where emp_id = #{empId})
                )
            </if>
        </where>
    </sql>
    <!--动态分组sql-->
    <select id="dynamicQuery" resultType="com.ruihe.admin.response.bi.BaSalesTimeReportPo">
        SELECT
        <if test="scols != null and scols != ''">
            ${scols},
        </if>
        ifnull(sum(o.trans_type*ABS(o.goods_qty)),0) goods_qty,
        ifnull(sum(o.trans_type*ABS(o.sk_qty)),0) sk_qty,
        ifnull(sum(o.trans_type*ABS(o.real_amt)),0) real_amt,
        ifnull(sum(ABS(o.trans_type)),0) order_qty,
        ifnull(sum(case when o.real_amt=0 then 0 else ABS(o.trans_type) end),0) net_order_qty
        FROM
        t_pos_order o
        <include refid="common-where"/>
        <if test="gcols != null and gcols != ''">
            group by
            ${gcols}
            ORDER BY
            ${gcols}
        </if>
    </select>
    <!--动态分组-经营新会员人数-->
    <select id="dynamicQueryOptNewMem" resultType="com.ruihe.admin.response.bi.BaSalesTimeReportPo">
        SELECT
        <if test="scols != null and scols != ''">
            ${scols},
        </if>
        ifnull(count(DISTINCT o.member_id),0) opt_new_mem
        FROM t_pos_order o inner join t_member_info m on o.member_id = m.member_id
        <include refid="common-where"/>
        <if test="request.startTime != null and request.endTime != null">
            <![CDATA[and m.create_time >= #{request.startTime} and m.create_time < DATE_ADD( date(#{request.endTime}), INTERVAL 1 DAY ) ]]>
        </if>
        and m.member_level_code!='WMLC006'
        and o.real_amt > 200
        <if test="gcols != null and gcols != ''">
            group by
            ${gcols}
            ORDER BY
            ${gcols}
        </if>
    </select>
    <!--动态分组-销售天数-->
    <select id="dynamicQuerySalesDays" resultType="com.ruihe.admin.response.bi.BaSalesTimeReportPo">
        select
        <if test="outScols != null and outScols != ''">
        ${outScols},
        </if>
        count(t.time) sales_days
        from (
            SELECT
            <if test="inScols != null and inScols != ''">
                ${inScols},
            </if>
                DATE_FORMAT(o.biz_time,'%Y%m%d') time,
                ifnull(sum(trans_type*ABS(o.real_amt)),0) real_amt
            FROM t_pos_order o
            <include refid="common-where"/>
                group by
            <if test="inGcols != null and inGcols != ''">
                ${inGcols},
            </if>
                time
                having real_amt!=0
        ) t
        <if test="outGcols != null and outGcols != ''">
        GROUP BY
        ${outGcols}
        ORDER BY
        ${outGcols}
        </if>
    </select>
</mapper>