<?xml version="1.0" encoding="UTF-8"?>
<!DOCTYPE mapper PUBLIC "-//mybatis.org//DTD Mapper 3.0//EN" "http://mybatis.org/dtd/mybatis-3-mapper.dtd">
<mapper namespace="com.ruihe.admin.mapper.bi.SaleReportNewMapper">
    <!--动态分组sql-->
    <select id="queryBase" resultType="com.ruihe.admin.response.bi.BaSalesTimeReportPo">
        SELECT
        <if test="scols != null and scols != ''">
            ${scols},
        </if>
        ifnull(sum(o.trans_type*ABS(o.goods_qty)),0) goods_qty,
        ifnull(sum(o.trans_type*ABS(o.sk_qty)),0) sk_qty,
        ifnull(sum(o.trans_type*ABS(o.real_amt)),0) real_amt,
        ifnull(sum(ABS(o.trans_type)),0) order_qty,
        <if test="dayOrMonth==0">
            count(case when m.card_issuing_time between #{request.startTime} and DATE_ADD( date(#{request.endTime}),INTERVAL 1 DAY ) then o.order_no end) new_order,
        </if>
        <if test="dayOrMonth==1">
            count(case when m.card_issuing_time &gt; DATE_FORMAT(o.biz_time,'%Y-%m-%d') then o.order_no else null end) new_order,
        </if>
        <if test="dayOrMonth==2">
            count(case when m.card_issuing_time &gt; CASE WHEN EXTRACT(DAY FROM o.biz_time) > 25 then  STR_TO_DATE(CONCAT(EXTRACT(YEAR FROM o.biz_time) ,"-",EXTRACT(MONTH FROM o.biz_time) ,"-26"),'%Y-%m-%d')  ELSE STR_TO_DATE(CONCAT(EXTRACT(YEAR FROM  DATE_ADD(o.biz_time, INTERVAL -1 MONTH)),"-",EXTRACT(MONTH FROM  DATE_ADD(o.biz_time, INTERVAL -1 MONTH)),"-26"),'%Y-%m-%d')  END  then o.order_no else null end) new_order,
        </if>
        ifnull(sum(case when o.real_amt=0 then 0 else ABS(o.trans_type) end),0) net_order_qty
        FROM
        t_pos_order o left join t_member_info m on o.member_id = m.member_id
        <include refid="com.ruihe.shop.mapper.bi.CommonWhere"/>
        <if test="gcols != null and gcols != ''">
            group by
            ${gcols}
            ORDER BY
            ${gcols}
        </if>
    </select>

    <!--动态分组-经营新会员人数-->
    <select id="queryOptNewMem" resultType="com.ruihe.admin.response.bi.BaSalesTimeReportPo">
        SELECT
        <if test="scols != null and scols != ''">
            ${scols},
        </if>
        <if test="dayOrMonth == 0">
            COUNT(DISTINCT o.member_id) as opt_new_mem,
            ifnull(sum(o.trans_type*o.real_amt),0) opt_new_amt,
            ifnull(count(DISTINCT o.order_no),0) opt_new_order
        </if>
        <if test="dayOrMonth == 1">
            COUNT(DISTINCT CASE WHEN date(o.biz_time) = date(m.create_time) then  o.member_id  ELSE NULL END) as opt_new_mem,
            ifnull(sum(CASE WHEN date(o.biz_time) = date(m.create_time) then o.trans_type*o.real_amt ELSE 0 END),0) as opt_new_amt,
            COUNT(DISTINCT CASE WHEN date(o.biz_time) = date(m.create_time) then  o.order_no  ELSE 0 END) as opt_new_order
        </if>
        <if test="dayOrMonth == 2">
            COUNT(
            DISTINCT CASE WHEN
                ( CASE WHEN  EXTRACT( DAY FROM o.biz_time ) > 25
                THEN  EXTRACT(YEAR_MONTH  FROM DATE_ADD( o.biz_time, INTERVAL 1 MONTH ))
                ELSE  EXTRACT( YEAR_MONTH FROM o.biz_time )
                END )
                =
                ( CASE WHEN  EXTRACT( DAY FROM m.create_time ) > 25
                THEN  EXTRACT(YEAR_MONTH  FROM DATE_ADD( m.create_time, INTERVAL 1 MONTH ))
                ELSE  EXTRACT( YEAR_MONTH FROM m.create_time )
                END )
            then o.member_id END
            ) as opt_new_mem,

            ifnull(sum(
            CASE WHEN
                ( CASE WHEN  EXTRACT( DAY FROM o.biz_time ) > 25
                THEN  EXTRACT(YEAR_MONTH  FROM DATE_ADD( o.biz_time, INTERVAL 1 MONTH ))
                ELSE  EXTRACT( YEAR_MONTH FROM o.biz_time )
                END )
                =
                ( CASE WHEN  EXTRACT( DAY FROM m.create_time ) > 25
                THEN  EXTRACT(YEAR_MONTH  FROM DATE_ADD( m.create_time, INTERVAL 1 MONTH ))
                ELSE  EXTRACT( YEAR_MONTH FROM m.create_time )
                END )
            then o.trans_type * o.real_amt ELSE 0 END),0) as opt_new_amt,

            COUNT(
            DISTINCT CASE WHEN
                ( CASE WHEN  EXTRACT( DAY FROM o.biz_time ) > 25
                THEN  EXTRACT(YEAR_MONTH  FROM DATE_ADD( o.biz_time, INTERVAL 1 MONTH ))
                ELSE  EXTRACT( YEAR_MONTH FROM o.biz_time )
                END )
                =
                ( CASE WHEN  EXTRACT( DAY FROM m.create_time ) > 25
                THEN  EXTRACT(YEAR_MONTH  FROM DATE_ADD( m.create_time, INTERVAL 1 MONTH ))
                ELSE  EXTRACT( YEAR_MONTH FROM m.create_time )
                END )
            then o.order_no END) as opt_new_order
        </if>

        FROM t_pos_order o inner join t_member_info m on o.member_id = m.member_id
        <include refid="com.ruihe.shop.mapper.bi.CommonWhere"/>
        <if test="request.startTime != null and request.endTime != null">
            <![CDATA[and m.create_time >= #{request.startTime} and m.create_time < DATE_ADD( date(#{request.endTime}), INTERVAL 1 DAY ) ]]>
        </if>
        and m.member_level_code!='WMLC006'
        and o.real_amt >= 200
        <if test="gcols != null and gcols != ''">
            group by
            ${gcols}
            ORDER BY
            ${gcols}
        </if>
    </select>

    <!--老会员相关-->
    <select id="queryVet" resultType="com.ruihe.admin.response.bi.BaSalesTimeReportPo">
        SELECT
        <if test="scols != null and scols != ''">
            ${scols},
        </if>
        <if test="dayOrMonth==0">
            count(distinct m.member_id) vet_pur,
            ifnull(sum(o.trans_type*ABS(o.real_amt)),0) vet_amt,
            count(distinct o.order_no) vet_order
        </if>
        <if test="dayOrMonth==1">
            count(distinct case when m.card_issuing_time &lt; DATE_FORMAT(o.biz_time,'%Y-%m-%d') then m.member_id else null end) vet_pur,
            ifnull(sum(case when m.card_issuing_time &lt; DATE_FORMAT(o.biz_time,'%Y-%m-%d') then o.trans_type*ABS(o.real_amt) else 0 end),0) vet_amt,
            count(distinct case when m.card_issuing_time &lt; DATE_FORMAT(o.biz_time,'%Y-%m-%d') then o.order_no else null end) vet_order
        </if>
        <if test="dayOrMonth==2">
            count(distinct case when m.card_issuing_time &lt; CASE WHEN EXTRACT(DAY FROM o.biz_time) > 25 then  STR_TO_DATE(CONCAT(EXTRACT(YEAR FROM o.biz_time) ,"-",EXTRACT(MONTH FROM o.biz_time) ,"-26"),'%Y-%m-%d')  ELSE STR_TO_DATE(CONCAT(EXTRACT(YEAR FROM  DATE_ADD(o.biz_time, INTERVAL -1 MONTH)),"-",EXTRACT(MONTH FROM  DATE_ADD(o.biz_time, INTERVAL -1 MONTH)),"-26"),'%Y-%m-%d')  END  then m.member_id else null end) vet_pur,
            ifnull(sum(case when m.card_issuing_time &lt; CASE WHEN EXTRACT(DAY FROM o.biz_time) > 25 then  STR_TO_DATE(CONCAT(EXTRACT(YEAR FROM o.biz_time) ,"-",EXTRACT(MONTH FROM o.biz_time) ,"-26"),'%Y-%m-%d')  ELSE STR_TO_DATE(CONCAT(EXTRACT(YEAR FROM  DATE_ADD(o.biz_time, INTERVAL -1 MONTH)),"-",EXTRACT(MONTH FROM  DATE_ADD(o.biz_time, INTERVAL -1 MONTH)),"-26"),'%Y-%m-%d')  END  then o.trans_type*ABS(o.real_amt) else 0 end),0) vet_amt,
            count(distinct case when m.card_issuing_time &lt; CASE WHEN EXTRACT(DAY FROM o.biz_time) > 25 then  STR_TO_DATE(CONCAT(EXTRACT(YEAR FROM o.biz_time) ,"-",EXTRACT(MONTH FROM o.biz_time) ,"-26"),'%Y-%m-%d')  ELSE STR_TO_DATE(CONCAT(EXTRACT(YEAR FROM  DATE_ADD(o.biz_time, INTERVAL -1 MONTH)),"-",EXTRACT(MONTH FROM  DATE_ADD(o.biz_time, INTERVAL -1 MONTH)),"-26"),'%Y-%m-%d')  END  then o.order_no else null end) vet_order
        </if>
        FROM t_pos_order o inner join t_member_info m on o.member_id = m.member_id
        <include refid="com.ruihe.shop.mapper.bi.CommonWhere"/>
        <if test="dayOrMonth == 0 and request.startTime != null and request.endTime != null">
            <![CDATA[and m.card_issuing_time < #{request.startTime}  ]]>
        </if>
        <if test="gcols != null and gcols != ''">
            group by
            ${gcols}
            ORDER BY
            ${gcols}
        </if>
    </select>

    <!--动态分组-销售天数-->
    <select id="querySalesDays" resultType="com.ruihe.admin.response.bi.BaSalesTimeReportPo">
        select
        <if test="outScols != null and outScols != ''">
            ${outScols},
        </if>
        count(t.time2) sales_days
        from (
        SELECT
        <if test="inScols != null and inScols != ''">
            ${inScols},
        </if>
        o.biz_time,
        DATE_FORMAT(o.biz_time,'%Y%m%d') time2,
        ifnull(sum(trans_type*ABS(o.real_amt)),0) real_amt
        FROM t_pos_order o
        <include refid="com.ruihe.shop.mapper.bi.CommonWhere"/>
        group by
        <if test="inGcols != null and inGcols != ''">
            ${inGcols},
        </if>
        time2
        having real_amt!=0
        ) t
        <if test="outGcols != null and outGcols != ''">
            GROUP BY
            ${outGcols}
            ORDER BY
            ${outGcols}
        </if>
    </select>

    <!--动态分组-会员入会数量-->
    <select id="queryMj" resultType="com.ruihe.admin.response.bi.BaSalesTimeReportPo">
        select
        <if test="scols != null and scols != ''">
            ${scols},
        </if>
        count(m.member_id) mj
        from t_member_info m inner join t_counter_info c on m.counter_id = c.counter_id
        <where>
            <if test="request.startTime != null ">
                <![CDATA[m.card_issuing_time >= #{request.startTime}]]>
            </if>
            <if test="request.endTime != null ">
                <![CDATA[and m.card_issuing_time < DATE_ADD( date(#{request.endTime}), INTERVAL 1 DAY )]]>
            </if>
            <if test="request.channelCode != null and request.channelCode != ''">
                and c.channel_code = #{request.channelCode}
            </if>
            <!--由于查询组织机构的时候，如果有数据，那么大区这个是必有的-->
            <if test="request.orgQueryConditionRequest.orgAreaCode != null and request.orgQueryConditionRequest.orgAreaCode != ''">
                and c.org_area_id = #{request.orgQueryConditionRequest.orgAreaCode}
                <if test="request.orgQueryConditionRequest.orgOfficeCode != null and request.orgQueryConditionRequest.orgOfficeCode != ''">
                    and c.org_office_id = #{request.orgQueryConditionRequest.orgOfficeCode}
                </if>
                <if test="request.orgQueryConditionRequest.orgPrincipalCode != null and request.orgQueryConditionRequest.orgPrincipalCode != ''">
                    and c.org_master_id = #{request.orgQueryConditionRequest.orgPrincipalCode}
                </if>
                <if test="request.orgQueryConditionRequest.counterId != null and request.orgQueryConditionRequest.counterId != ''">
                    and c.counter_id = #{request.orgQueryConditionRequest.counterId}
                </if>
                <if test="request.orgQueryConditionRequest.baCode != null and request.orgQueryConditionRequest.baCode != ''">
                    and m.ba_id = #{request.orgQueryConditionRequest.baCode}
                </if>
            </if>
            <if test="request.orgQueryConditionRequest.issueCounterIdList != null and request.orgQueryConditionRequest.issueCounterIdList.isEmpty() == false">
                and c.counter_id in
                <foreach collection="request.orgQueryConditionRequest.issueCounterIdList" index="index" item="item" open="(" separator="," close=")">
                    #{item}
                </foreach>
            </if>
            <if test="flag and (request.orgQueryConditionRequest.orgAreaCode == null or request.orgQueryConditionRequest.orgAreaCode == '')">
                and (c.counter_id in(select dept_code from t_employee_concern
                where emp_id = #{empId})
                or c.org_area_id in(select dept_code from t_employee_concern
                where emp_id = #{empId})
                or c.org_office_id in(select dept_code from t_employee_concern
                where emp_id = #{empId})
                or c.org_master_id in(select dept_code from t_employee_concern
                where emp_id = #{empId})
                )
            </if>
        </where>
        <if test="gcols != null and gcols != ''">
            group by
            ${gcols}
            order by
            ${gcols}
        </if>
    </select>
</mapper>