<?xml version="1.0" encoding="UTF-8"?>
<!DOCTYPE mapper PUBLIC "-//mybatis.org//DTD Mapper 3.0//EN" "http://mybatis.org/dtd/mybatis-3-mapper.dtd">
<mapper namespace="com.ruihe.admin.mapper.bi.WhReportMapper">

    <select id="counterErpBase" resultType="com.ruihe.admin.response.bi.CounterErpReportResponse">
        select
        <if test="scols != null and scols != ''">
            c.counter_id,
            c.counter_name,
        </if>
        c.stock oi_qty,
        c.amt oi_amt,
        d.stock ei_qty,
        d.amt ei_amt
        from (
        select
        <if test="gcols != null and gcols != ''">
            s.counter_id,ci.counter_name,
        </if>
        ifnull(sum(ifnull(s.stock,0)),0) - ifnull(a.stock,0) stock,
        ifnull(sum(ifnull(s.stock*s.prd_price,0)),0) - ifnull(a.amt,0) amt
        from t_wh_stock s inner join t_counter_info ci on s.counter_id = ci.counter_id
        <if test="gcols != null and gcols != ''">
            left
        </if>
        join
        (
        select
        <if test="gcols != null and gcols != ''">
            sl.counter_id,
        </if>
        ifnull(sum(sl.qty),0) stock,
        ifnull(sum(ifnull(sl.qty*sl.prd_price,0)),0) amt
        from t_wh_stock_log sl where sl.biz_time between #{request.startTime} and now(3)
        <include refid="sl-common-where"/>
        <if test="gcols != null and gcols != ''">
            group by sl.counter_id
        </if>
        ) a
        <if test="gcols != null and gcols != ''">
            on s.counter_id = a.counter_id
        </if>
        <include refid="common-where"/>
        <if test="gcols != null and gcols != ''">
            group by s.counter_id,ci.counter_name
        </if>
        ) c
        <if test="gcols != null and gcols != ''">
            left
        </if>
        join
        (
        select
        <if test="gcols != null and gcols != ''">
            s.counter_id,ci.counter_name,
        </if>
        ifnull(sum(ifnull(s.stock,0)),0) - ifnull(a.stock,0) stock,
        ifnull(sum(ifnull(s.stock*s.prd_price,0)),0) - ifnull(a.amt,0) amt
        from t_wh_stock s inner join t_counter_info ci on s.counter_id = ci.counter_id
        <if test="gcols != null and gcols != ''">
            left
        </if>
        join
        (
        select
        <if test="gcols != null and gcols != ''">
            sl.counter_id,
        </if>
        ifnull(sum(sl.qty),0) stock,
        ifnull(sum(ifnull(sl.qty*sl.prd_price,0)),0) amt
        from t_wh_stock_log sl where sl.biz_time between DATE_ADD(#{request.endTime},INTERVAL 1 day)  and now(3)
        <include refid="sl-common-where"/>
        <if test="gcols != null and gcols != ''">
            group by sl.counter_id
        </if>
        ) a
        <if test="gcols != null and gcols != ''">
            on s.counter_id = a.counter_id
        </if>
        <include refid="common-where"/>
        <if test="gcols != null and gcols != ''">
            group by s.counter_id,ci.counter_name
        </if>
        ) d
        <if test="gcols != null and gcols != ''">
            on c.counter_id = d.counter_id
        </if>
    </select>

    <select id="prdErpBase" resultType="com.ruihe.admin.response.bi.ProductErpReportResponse">
        select
            ${scols},
            ifnull(sum(s.stock), 0) - ifnull(log.stock_start, 0) oi_qty,
            ifnull(sum(s.stock * s.member_price), 0) - ifnull(log.amt_start, 0) oi_amt,
            ifnull(sum(s.stock), 0) - ifnull(log.stock_end, 0) ei_qty,
            ifnull(sum(s.stock * s.member_price), 0) - ifnull(log.amt_end, 0) ei_amt
        from t_wh_stock as s
        INNER JOIN t_counter_info ci ON s.counter_id = ci.counter_id
        INNER JOIN t_product pi ON s.prd_bar_code = pi.prd_bar_code
        LEFT JOIN (
            select
            ${scols},
            ifnull(sum(case when s.biz_time BETWEEN #{request.startTime} and NOW() then s.prd_price * s.qty end), 0) as amt_start,
            ifnull(sum(case when s.biz_time BETWEEN DATE_ADD(#{request.endTime},INTERVAL 1 day) and NOW() then s.prd_price * s.qty end), 0) as amt_end,
            ifnull(sum(case when s.biz_time BETWEEN #{request.startTime} and NOW() then s.qty end), 0) as stock_start,
            ifnull(sum(case when s.biz_time BETWEEN DATE_ADD(#{request.endTime},INTERVAL 1 day) and NOW() then s.qty end), 0) as stock_end
            from t_wh_stock_log as s
            INNER JOIN t_counter_info ci ON s.counter_id = ci.counter_id
            INNER JOIN t_product pi ON s.prd_bar_code = pi.prd_bar_code
            WHERE s.biz_time BETWEEN #{request.startTime} and NOW()
            AND pi.sale_status = 1
            <include refid="prd-common-where"/>
            group by ${gcols}
        ) log on 1 = 1
        <if test="prd == true"> and s.prd_bar_code = log.prd_bar_code and pi.sale_status = 1 </if>
        <if test="counterId == true"> and s.counter_id = log.counter_id </if>
        <if test="counterName == true"> and s.counter_name = log.counter_name </if>
        <where>
            <include refid="prd-common-where"/>
        </where>
        group by ${gcols}
        order by ${gcols}
    </select>

    <select id="counterErpOther" resultType="com.ruihe.admin.response.bi.CounterErpOtherPo">
        SELECT
        <if test="scols != null and scols != ''">
            ci.counter_id,
            ci.counter_name,
        </if>
        sl.biz_type,
        ifnull( sum( sl.qty ), 0 ) qty,
        ifnull( sum( sl.qty * sl.prd_price ), 0 ) amt
        FROM
        t_wh_stock_log sl inner join t_counter_info ci on sl.counter_id = ci.counter_id
        WHERE
        sl.biz_time BETWEEN #{request.startTime} AND DATE_ADD(#{request.endTime},INTERVAL 1 day)
        and sl.qty!=0
        <include refid="sl-common-where"/>
        GROUP BY
        <if test="gcols != null and gcols != ''">
            ci.counter_id,
            ci.counter_name,
        </if>
        sl.biz_type,
        sign(sl.qty)
    </select>

    <select id="prdErpOther" resultType="com.ruihe.admin.response.bi.ProductErpOtherPo">
        SELECT
        ${scols},
        sl.biz_type,
        ifnull( sum( sl.qty ), 0 ) qty,
        ifnull( sum( sl.qty * sl.member_price ), 0 ) amt
        FROM
        t_wh_stock_log sl inner join t_product pi on sl.prd_bar_code = pi.prd_bar_code
        inner join t_counter_info ci on sl.counter_id = ci.counter_id
        WHERE
        sl.biz_time BETWEEN #{request.startTime} AND DATE_ADD(#{request.endTime},INTERVAL 1 day)
        and sl.qty!=0
        and pi.sale_status = 1
        <include refid="prd-common-where"/>
        GROUP BY
        ${gcols},
        sl.biz_type,
        sign(sl.qty)
    </select>


    <sql id="common-where">
        <where>
            <if test="request.bigCatCode != null and request.bigCatCode != ''">
                and s.big_cat_code = #{request.bigCatCode}
            </if>

            <if test="request.mediumCatCode != null and request.mediumCatCode != ''">
                and s.medium_cat_code = #{request.mediumCatCode}
            </if>

            <if test="request.smallCatCode != null and request.smallCatCode != ''">
                and s.small_cat_code = #{request.smallCatCode}
            </if>

            <if test="request.prdBarCode != null and request.prdBarCode != ''">
                and s.prd_bar_code = #{request.prdBarCode}
            </if>

            <if test="request.counterName != null and request.counterName != ''">
                and s.counter_name = #{request.counterName}
            </if>
            <!--由于查询组织机构的时候，如果有数据，那么大区这个是必有的-->
            <if test="request.orgQueryConditionRequest.orgAreaCode != null and request.orgQueryConditionRequest.orgAreaCode != ''">
                and s.counter_id in (select counter_id from t_counter_info
                where org_area_id = #{request.orgQueryConditionRequest.orgAreaCode}
                <if test="request.orgQueryConditionRequest.orgOfficeCode != null and request.orgQueryConditionRequest.orgOfficeCode != ''">
                    and org_office_id = #{request.orgQueryConditionRequest.orgOfficeCode}
                </if>
                <if test="request.orgQueryConditionRequest.orgPrincipalCode != null and request.orgQueryConditionRequest.orgPrincipalCode != ''">
                    and org_master_id = #{request.orgQueryConditionRequest.orgPrincipalCode}
                </if>
                <if test="request.orgQueryConditionRequest.counterId != null and request.orgQueryConditionRequest.counterId != ''">
                    and counter_id = #{request.orgQueryConditionRequest.counterId}
                </if>
                )
            </if>
            <if test="request.orgQueryConditionRequest.issueCounterIdList != null and request.orgQueryConditionRequest.issueCounterIdList.isEmpty() == false">
                and s.counter_id in
                <foreach collection="request.orgQueryConditionRequest.issueCounterIdList" index="index" item="item" open="(" separator="," close=")">
                    #{item}
                </foreach>
            </if>
            <if test="flag and (request.orgQueryConditionRequest.orgAreaCode == null or request.orgQueryConditionRequest.orgAreaCode == '')">
                and s.counter_id in (select counter_id from t_counter_info
                where counter_id in (select dept_code from t_employee_concern where emp_id = #{empId})
                or org_area_id in (select dept_code from t_employee_concern where emp_id = #{empId})
                or org_office_id in (select dept_code from t_employee_concern where emp_id = #{empId})
                or org_master_id in (select dept_code from t_employee_concern where emp_id = #{empId}))
            </if>
        </where>
    </sql>

    <sql id="sl-common-where">
        <if test="request.bigCatCode != null and request.bigCatCode != ''">
            and sl.big_cat_code = #{request.bigCatCode}
        </if>

        <if test="request.mediumCatCode != null and request.mediumCatCode != ''">
            and sl.medium_cat_code = #{request.mediumCatCode}
        </if>

        <if test="request.smallCatCode != null and request.smallCatCode != ''">
            and sl.small_cat_code = #{request.smallCatCode}
        </if>

        <if test="request.prdBarCode != null and request.prdBarCode != ''">
            and sl.prd_bar_code = #{request.prdBarCode}
        </if>

        <if test="request.counterName != null and request.counterName != ''">
            and sl.counter_name = #{request.counterName}
        </if>
        <!--由于查询组织机构的时候，如果有数据，那么大区这个是必有的-->
        <if test="request.orgQueryConditionRequest.orgAreaCode != null and request.orgQueryConditionRequest.orgAreaCode != ''">
            and sl.counter_id in (select counter_id from t_counter_info
            where org_area_id = #{request.orgQueryConditionRequest.orgAreaCode}
            <if test="request.orgQueryConditionRequest.orgOfficeCode != null and request.orgQueryConditionRequest.orgOfficeCode != ''">
                and org_office_id = #{request.orgQueryConditionRequest.orgOfficeCode}
            </if>
            <if test="request.orgQueryConditionRequest.orgPrincipalCode != null and request.orgQueryConditionRequest.orgPrincipalCode != ''">
                and org_master_id = #{request.orgQueryConditionRequest.orgPrincipalCode}
            </if>
            <if test="request.orgQueryConditionRequest.counterId != null and request.orgQueryConditionRequest.counterId != ''">
                and counter_id = #{request.orgQueryConditionRequest.counterId}
            </if>
            )
        </if>
        <if test="request.orgQueryConditionRequest.issueCounterIdList != null and request.orgQueryConditionRequest.issueCounterIdList.isEmpty() == false">
            and sl.counter_id in
            <foreach collection="request.orgQueryConditionRequest.issueCounterIdList" index="index" item="item" open="(" separator="," close=")">
                #{item}
            </foreach>
        </if>
        <if test="flag and (request.orgQueryConditionRequest.orgAreaCode == null or request.orgQueryConditionRequest.orgAreaCode == '')">
            and sl.counter_id in (select counter_id from t_counter_info
            where counter_id in (select dept_code from t_employee_concern where emp_id = #{empId})
            or org_area_id in (select dept_code from t_employee_concern where emp_id = #{empId})
            or org_office_id in (select dept_code from t_employee_concern where emp_id = #{empId})
            or org_master_id in (select dept_code from t_employee_concern where emp_id = #{empId}))
        </if>
    </sql>

    <sql id="prd-common-where">
        <if test="request.bigCatCode != null and request.bigCatCode != ''">
            and pi.big_cat_code = #{request.bigCatCode}
        </if>

        <if test="request.mediumCatCode != null and request.mediumCatCode != ''">
            and pi.medium_cat_code = #{request.mediumCatCode}
        </if>

        <if test="request.smallCatCode != null and request.smallCatCode != ''">
            and pi.small_cat_code = #{request.smallCatCode}
        </if>

        <if test="request.prdBarCode != null and request.prdBarCode != ''">
            and pi.prd_bar_code = #{request.prdBarCode}
        </if>
        <if test="request.prdName != null and request.prdName != ''">
            and pi.prd_name like "%"#{request.prdName}"%"
        </if>

        <if test="request.counterName != null and request.counterName != ''">
            and ci.counter_name = #{request.counterName}
        </if>
        <!--由于查询组织机构的时候，如果有数据，那么大区这个是必有的-->
        <if test="request.orgQueryConditionRequest.orgAreaCode != null and request.orgQueryConditionRequest.orgAreaCode != ''">
            and ci.counter_id in (select counter_id from t_counter_info
            where org_area_id = #{request.orgQueryConditionRequest.orgAreaCode}
            <if test="request.orgQueryConditionRequest.orgOfficeCode != null and request.orgQueryConditionRequest.orgOfficeCode != ''">
                and org_office_id = #{request.orgQueryConditionRequest.orgOfficeCode}
            </if>
            <if test="request.orgQueryConditionRequest.orgPrincipalCode != null and request.orgQueryConditionRequest.orgPrincipalCode != ''">
                and org_master_id = #{request.orgQueryConditionRequest.orgPrincipalCode}
            </if>
            <if test="request.orgQueryConditionRequest.counterId != null and request.orgQueryConditionRequest.counterId != ''">
                and counter_id = #{request.orgQueryConditionRequest.counterId}
            </if>
            )
        </if>
        <if test="request.orgQueryConditionRequest.issueCounterIdList != null and request.orgQueryConditionRequest.issueCounterIdList.isEmpty() == false">
            and ci.counter_id in
            <foreach collection="request.orgQueryConditionRequest.issueCounterIdList" index="index" item="item" open="(" separator="," close=")">
                #{item}
            </foreach>
        </if>
        <if test="flag and (request.orgQueryConditionRequest.orgAreaCode == null or request.orgQueryConditionRequest.orgAreaCode == '')">
            and ci.counter_id in (select counter_id from t_counter_info
            where counter_id in (select dept_code from t_employee_concern where emp_id = #{empId})
            or org_area_id in (select dept_code from t_employee_concern where emp_id = #{empId})
            or org_office_id in (select dept_code from t_employee_concern where emp_id = #{empId})
            or org_master_id in (select dept_code from t_employee_concern where emp_id = #{empId}))
        </if>
        <if test="request.orgQueryConditionRequest.seriesCodeList != null and request.orgQueryConditionRequest.seriesCodeList.isEmpty()== false">
            and pi.series_code in
            <foreach collection="request.orgQueryConditionRequest.seriesCodeList" index="index" item="item" open="(" separator="," close=")">
                #{item}
            </foreach>
        </if>
        <if test="request.orgQueryConditionRequest.categoryCodeList != null and request.orgQueryConditionRequest.categoryCodeList.isEmpty()== false">
            and (
            pi.big_cat_code in
            <foreach collection="request.orgQueryConditionRequest.categoryCodeList" index="index" item="item" open="(" separator="," close=")">
                #{item}
            </foreach>
            or
            pi.medium_cat_code in
            <foreach collection="request.orgQueryConditionRequest.categoryCodeList" index="index" item="item" open="(" separator="," close=")">
                #{item}
            </foreach>
            or
            pi.small_cat_code in
            <foreach collection="request.orgQueryConditionRequest.categoryCodeList" index="index" item="item" open="(" separator="," close=")">
                #{item}
            </foreach>
            )
        </if>
    </sql>
</mapper>