<?xml version="1.0" encoding="UTF-8"?>
<!DOCTYPE mapper PUBLIC "-//mybatis.org//DTD Mapper 3.0//EN" "http://mybatis.org/dtd/mybatis-3-mapper.dtd">
<mapper namespace="com.ruihe.dt.mapper.css.CssTaskMapper">

    <!--批量插入-->
    <insert id="batchInsert">
        INSERT INTO `t_css_task` (
        `id`,
        `plan_no`,
        `counter_id`,
        `counter_name`,
        `ba_code`,
        `ba_name`,
        `org_area_code`,
        `org_area_name`,
        `org_office_code`,
        `org_office_name`,
        `org_principal_code`,
        `org_principal_name`,
        `member_phone`,
        `member_name`,
        `member_sex`,
        `birthday`,
        `card_issue_time`,
        `member_level_code`,
        `member_level_name`,
        `integral_qty`,
        `lastest_trx_time`,
        `level_change_time`,
        `tag`,
        `ai_type`,
        `status`,
        `css_status`,
        `audio_url`,
        `plan_call_time`,
        `call_time`,
        `create_time`,
        `update_time`
        ) VALUES
        <foreach collection="list" item="e" separator=",">
            (#{e.id},
            #{e.planNo},
            #{e.counterId},
            #{e.counterName},
            #{e.baCode},
            #{e.baName},
            #{e.orgAreaCode},
            #{e.orgAreaName},
            #{e.orgOfficeCode},
            #{e.orgOfficeName},
            #{e.orgPrincipalCode},
            #{e.orgPrincipalName},
            #{e.memberPhone},
            #{e.memberName},
            #{e.memberSex},
            #{e.birthday},
            #{e.cardIssueTime},
            #{e.memberLevelCode},
            #{e.memberLevelName},
            #{e.integralQty},
            #{e.lastestTrxTime},
            #{e.levelChangeTime},
            #{e.tag},
            #{e.aiType},
            #{e.status},
            #{e.cssStatus},
            #{e.audioUrl},
            #{e.planCallTime},
            #{e.callTime},
            #{e.createTime},
            #{e.updateTime})
        </foreach>
    </insert>

    <select id="getUnTaskQty" resultType="com.ruihe.dt.po.CssUnTaskQtyPo">
        SELECT
        plan_no planNo,
        count( 0 ) qty
        FROM
        t_css_task
        WHERE
        `status` = 0
        AND plan_no IN
        <foreach collection="list" index="index" item="item" open="("
                 separator="," close=")">
            #{item}
        </foreach>
        GROUP BY
        plan_no
    </select>


    <select id="getTaskQty" resultType="com.ruihe.dt.po.CssUnTaskQtyPo">
        SELECT
        plan_no planNo,
        count( 0 ) qty
        FROM
        t_css_task
        WHERE
        plan_no IN
        <foreach collection="list" index="index" item="item" open="("
                 separator="," close=")">
            #{item}
        </foreach>
        GROUP BY
        plan_no
    </select>

</mapper>
