<?xml version="1.0" encoding="UTF-8"?>
<!DOCTYPE mapper PUBLIC "-//mybatis.org//DTD Mapper 3.0//EN" "http://mybatis.org/dtd/mybatis-3-mapper.dtd">
<mapper namespace="com.ruihe.dt.mapper.InvitationTaskMapper">

    <!--批量插入-->
    <insert id="batchInsert">
        INSERT INTO `t_invitation_task` (
        `task_id`,
        `job_id`,
        `avl_id`,
        `plan_no`,
        `ba_code`,
        `ba_name`,
        `counter_id`,
        `counter_name`,
        `member_name`,
        `member_phone`,
        `member_sex`,
        `member_birthday`,
        `member_level`,
        `add_information`,
        `tag`,
        `status`,
        `inv_result`,
        `expect_arr_time`,
        `signin_time`,
        `arr_status`,
        `create_time`,
        `recheck`,
        `update_time`
        )
        VALUES
        <foreach collection="list" item="e" separator=",">
            (#{e.taskId},
            #{e.jobId},
            #{e.avlId},
            #{e.planNo},
            #{e.baCode},
            #{e.baName},
            #{e.counterId},
            #{e.counterName},
            #{e.memberName},
            #{e.memberPhone},
            #{e.memberSex},
            #{e.memberBirthday},
            #{e.memberLevel},
            #{e.addInformation},
            #{e.tag},
            #{e.status},
            #{e.invResult},
            #{e.expectArrTime},
            #{e.signinTime},
            #{e.arrStatus},
            #{e.createTime},
            #{e.recheck},
            #{e.updateTime})
        </foreach>
    </insert>


    <select id="selectLastMemberTask" resultType="com.ruihe.dt.po.InvitationTaskPo">
        SELECT
        `task_id`,
        `job_id`,
        `avl_id`,
        `plan_no`,
        `ba_code`,
        `ba_name`,
        `counter_id`,
        `counter_name`,
        `member_name`,
        `member_phone`,
        `member_sex`,
        `member_birthday`,
        `tag`,
        `status`,
        `inv_result`,
        `expect_arr_time`,
        `signin_time`,
        `arr_status`,
        `create_time`,
        `update_time`
        FROM
        t_invitation_task
        WHERE
        task_id IN ( SELECT max( task_id ) FROM t_invitation_task where `status` in (0,1,2,3)
        <if test="ids !=null and ids.size > 0">
            and member_phone in
            <foreach collection="ids" index="index" item="item" open="("
                     separator="," close=")">
                #{item}
            </foreach>
        </if>
        GROUP BY member_phone )
    </select>

    <select id="selectLastMemberTaskSign" resultType="com.ruihe.dt.po.InvitationTaskPo">
        SELECT
        `task_id`,
        `job_id`,
        `avl_id`,
        `plan_no`,
        `ba_code`,
        `ba_name`,
        `counter_id`,
        `counter_name`,
        `member_name`,
        `member_phone`,
        `member_sex`,
        `member_birthday`,
        `tag`,
        `status`,
        `inv_result`,
        `expect_arr_time`,
        `signin_time`,
        `arr_status`,
        `create_time`,
        `update_time`
        FROM
        t_invitation_task
        WHERE
        task_id IN ( SELECT max( task_id ) FROM t_invitation_task where signin_time IS NOT NULL
        <if test="ids !=null and ids.size > 0">
            and member_phone in
            <foreach collection="ids" index="index" item="item" open="("
                     separator="," close=")">
                #{item}
            </foreach>
        </if>
        GROUP BY member_phone )
    </select>


    <select id="getUnConfirmQty" resultType="com.ruihe.dt.po.InvUnConfirmQtyPo">
        SELECT
        job_id,
        count(1) qty
        FROM
        t_invitation_task
        WHERE
        (`status` = 3 AND arr_status = 0)
        AND job_id in
        <foreach collection="list" index="index" item="item" open="("
                 separator="," close=")">
            #{item}
        </foreach>
        GROUP BY
        job_id
    </select>

    <select id="getUnConfirmSum" resultType="java.lang.Integer">
        SELECT
        count( 1 )
        FROM
        t_invitation_task
        WHERE
        (`status` = 3 AND arr_status = 0)
        AND counter_id = #{counterId}
        AND ba_code = #{baCode}
    </select>

    <select id="getCommitCotLockJob" resultType="java.lang.Integer">
        SELECT
        count( 1 )
        FROM
        t_invitation_task
        WHERE
        `status` in (1,2,3,4)
        and job_id = #{jobId}
        for update
    </select>

    <select id="getUnFollowQty" resultType="java.lang.Integer">
        SELECT
        count( 1 )
        FROM
        t_invitation_task
        WHERE
        `status` = 3
        <if test="baCode!=null and baCode!='' ">
            and ba_code = #{baCode}
        </if>
        AND arr_status = 0
        AND counter_id = #{counterId}
        AND plan_no = #{planNo}
    </select>

    <select id="getUnFollowList" resultType="com.ruihe.dt.po.InvitationTaskPo">
        SELECT
        `task_id`,
        `job_id`,
        `avl_id`,
        `plan_no`,
        `ba_code`,
        `ba_name`,
        `counter_id`,
        `counter_name`,
        `member_name`,
        `member_phone`,
        `member_sex`,
        `member_birthday`,
        `member_level`,
        `tag`,
        `status`,
        `inv_result`,
        `expect_arr_time`,
        `signin_time`,
        `arr_status`,
        `create_time`,
        `update_time`
        FROM
        t_invitation_task
        WHERE
        `status` = 3
        <if test="baCode!=null and baCode!='' ">
            and ba_code = #{baCode}
        </if>
        AND arr_status = 0
        AND counter_id = #{counterId}
        AND plan_no = #{planNo}
    </select>

    <select id="getJobByIdWithLock" resultType="com.ruihe.dt.po.InvitationJobPo">
        SELECT
        `job_id`,
        `plan_no`,
        `ba_code`,
        `ba_name`,
        `counter_id`,
        `counter_name`,
        `expect_arr_time`,
        `inv_qty`,
        `accept_qty`,
        `tbc_qty`,
        `status`,
        `create_time`,
        `update_time`,
        `commit_cot`
        FROM
        t_invitation_job
        WHERE
        job_id = #{jobId}
        FOR UPDATE
    </select>

</mapper>
