<?xml version="1.0" encoding="UTF-8"?>
<!DOCTYPE mapper PUBLIC "-//mybatis.org//DTD Mapper 3.0//EN" "http://mybatis.org/dtd/mybatis-3-mapper.dtd">
<mapper namespace="com.ruihe.dt.mapper.InvitationImportItemMapper">

    <!--批量插入-->
    <insert id="batchInsert">
        INSERT INTO `t_invitation_import_item` (
        `id`,
        `plan_no`,
        `counter_id`,
        `counter_name`,
        `org_area_name`,
        `ba_code`,
        `ba_name`,
        `member_phone`,
        `member_name`,
        `member_sex`,
        `birthday`,
        `card_issue_time`,
        `member_level_name`,
        `integral_qty`,
        `lastest_trx_time`,
        `level_change_time`,
        `add_information`,
        `tag`,
        `status`,
        `remark`
        ) VALUES
        <foreach collection="list" item="e" separator=",">
            (#{e.id},
            #{e.planNo},
            #{e.counterId},
            #{e.counterName},
            #{e.orgAreaName},
            #{e.baCode},
            #{e.baName},
            #{e.memberPhone},
            #{e.memberName},
            #{e.memberSex},
            #{e.birthday},
            #{e.cardIssueTime},
            #{e.memberLevelName},
            #{e.integralQty},
            #{e.lastestTrxTime},
            #{e.levelChangeTime},
            #{e.addInformation},
            #{e.tag},
            #{e.status},
            #{e.remark})
        </foreach>
    </insert>

    <!-- 查询导入重复的数据 -->
    <select id="checkRepeatList" resultType="com.ruihe.dt.po.query.InvitationImportItemDTO">
        SELECT 
        plan_no,
        member_phone,
        tag
        FROM t_invitation_import_item
        <if test="itemList != null and itemList.size > 0">
            WHERE (plan_no, member_phone, tag) in
            <foreach item = "item" index="index" collection="itemList" open="(" separator="," close=")">
                (#{item.planNo}, #{item.memberPhone}, #{item.tag})
            </foreach> 
        </if>
    </select>

</mapper>
