<?xml version="1.0" encoding="UTF-8"?>
<!DOCTYPE mapper PUBLIC "-//mybatis.org//DTD Mapper 3.0//EN" "http://mybatis.org/dtd/mybatis-3-mapper.dtd">
<mapper namespace="com.ruihe.dt.mapper.InvitationAvlInviteeMapper">

    <!--批量插入-->
    <insert id="batchInsert">
        INSERT INTO `t_invitation_avl_invitee` (
        `plan_no`,
        `counter_id`,
        `counter_name`,
        `ba_code`,
        `ba_name`,
        `org_area_code`,
        `org_area_name`,
        `org_office_code`,
        `org_office_name`,
        `org_principal_code`,
        `org_principal_name`,
        `member_phone`,
        `member_name`,
        `member_sex`,
        `birthday`,
        `card_issue_time`,
        `member_level_code`,
        `member_level_name`,
        `integral_qty`,
        `lastest_trx_time`,
        `level_change_time`,
        `add_information`,
        `tag`,
        `lastest_arr_time`,
        `lastest_arr_status`,
        `lastest_inv_time`,
        `inv_result`,
        `status`,
        `selected_time`,
        `create_time`,
        `update_time`
        ) VALUES
        <foreach collection="list" item="e" separator=",">
            (#{e.planNo},
            #{e.counterId},
            #{e.counterName},
            #{e.baCode},
            #{e.baName},
            #{e.orgAreaCode},
            #{e.orgAreaName},
            #{e.orgOfficeCode},
            #{e.orgOfficeName},
            #{e.orgPrincipalCode},
            #{e.orgPrincipalName},
            #{e.memberPhone},
            #{e.memberName},
            #{e.memberSex},
            #{e.birthday},
            #{e.cardIssueTime},
            #{e.memberLevelCode},
            #{e.memberLevelName},
            #{e.integralQty},
            #{e.lastestTrxTime},
            #{e.levelChangeTime},
            #{e.addInformation},
            #{e.tag},
            #{e.lastestArrTime},
            #{e.lastestArrStatus},
            #{e.lastestInvTime},
            #{e.invResult},
            #{e.status},
            #{e.selectedTime},
            #{e.createTime},
            #{e.updateTime})
        </foreach>
    </insert>


    <update id="updateByIds">
        update t_invitation_avl_invitee set status = #{status} where status = #{oldStatus} and id in
        <foreach collection="ids" index="index" item="id" open="(" separator=","
                 close=")">
            #{id}
        </foreach>
    </update>

</mapper>
