<?xml version="1.0" encoding="UTF-8"?>
<!DOCTYPE mapper PUBLIC "-//mybatis.org//DTD Mapper 3.0//EN" "http://mybatis.org/dtd/mybatis-3-mapper.dtd">
<mapper namespace="com.ruihe.dt.mapper.QueryHgsMapper">

    <select id="selectCounter" resultType="com.ruihe.dt.po.CounterInformation">
        <![CDATA[
        SELECT
        `counter_id`,
        `counter_type`,
        `brand_name`,
        `counter_name`,
        `counter_address`,
        `operational_model`,
        `counter_cooperative`,
        `counter_phone`,
        `stop_time`,
        `is_del`,
        `large_area_code`,
        `large_area_name`,
        `province_code`,
        `province_name`,
        `city_code`,
        `city_name`,
        `county_code`,
        `county_name`,
        `counter_postal_code`,
        `counter_abbrev`,
        `channel_code`,
        `channel_name`,
        `is_pos_exit`,
        `deposit_box_status`,
        `reopen_time`,
        `create_time`,
        `update_time`,
        `principal_emp_id`,
        `principal_emp_name`,
        `principal_emp_position_code`,
        `principal_emp_position_name`,
        `principal_emp_status`,
        `principal_emp_dept_code`,
        `principal_emp_dept_name`,
        `org_master_id`,
        `org_master_name`,
        `org_office_id`,
        `org_office_name`,
        `org_area_id`,
        `org_area_name`,
        `sn`
        FROM
        t_counter_info
        where is_del = 0
        AND operational_model = '10005'
        ]]>
    </select>

    <select id="selectAllCounter" resultType="com.ruihe.dt.po.CounterInformation">
        <![CDATA[
        SELECT
        `counter_id`,
        `counter_type`,
        `brand_name`,
        `counter_name`,
        `counter_address`,
        `operational_model`,
        `counter_cooperative`,
        `counter_phone`,
        `stop_time`,
        `is_del`,
        `large_area_code`,
        `large_area_name`,
        `province_code`,
        `province_name`,
        `city_code`,
        `city_name`,
        `county_code`,
        `county_name`,
        `counter_postal_code`,
        `counter_abbrev`,
        `channel_code`,
        `channel_name`,
        `is_pos_exit`,
        `deposit_box_status`,
        `reopen_time`,
        `create_time`,
        `update_time`,
        `principal_emp_id`,
        `principal_emp_name`,
        `principal_emp_position_code`,
        `principal_emp_position_name`,
        `principal_emp_status`,
        `principal_emp_dept_code`,
        `principal_emp_dept_name`,
        `org_master_id`,
        `org_master_name`,
        `org_office_id`,
        `org_office_name`,
        `org_area_id`,
        `org_area_name`,
        `sn`
        FROM
        t_counter_info
        ]]>
    </select>

    <select id="selectLevel" resultType="com.ruihe.dt.po.MemberLevel">
        <![CDATA[
        SELECT
        `level_code`, `level_name`, `brand_name`, `is_default_level`, `level`, `duration`, `description`, `status`, `create_time`, `update_time`
        FROM
        t_member_level
        ]]>
    </select>

    <select id="getBaPhone" resultType="java.lang.String">
        <![CDATA[
            SELECT
                phone_no
            FROM
                t_employee
            WHERE
                emp_id = #{baCode}
        ]]>
    </select>


    <select id="getUserAccount" resultType="com.ruihe.dt.po.UserAccount">
        SELECT  `account`, `user_id`, `password`, `status`, `create_id`, `update_id`, `create_time`, `update_time`  FROM t_user_account WHERE account = #{account}
    </select>

    <select id="getUserInformation" resultType="com.ruihe.dt.po.UserInformation">
        SELECT
        `emp_id`,
        `brand_name`,
        `name`,
        `position_code`,
        `position_name`,
        `telephone`,
        `dept_code`,
        `dept_name`,
        `dept_type`,
        `phone_no`,
        `email`,
        `id_card`,
        `status`,
        `account`,
        `account_status`,
        `recent_entry_time`,
        `recent_leave_time`,
        `create_time`,
        `update_time`
        FROM
        t_employee
        WHERE `status` = 1
        and emp_id = #{account}
    </select>
</mapper>
