<?xml version="1.0" encoding="UTF-8"?>
<!DOCTYPE mapper PUBLIC "-//mybatis.org//DTD Mapper 3.0//EN" "http://mybatis.org/dtd/mybatis-3-mapper.dtd">
<mapper namespace="com.ruihe.admin.mapper.system.SystemMapper">

    <select id="searchConfig" resultType="com.ruihe.common.dao.bean.system.SystemConfigPo">
        select
        config_id as configId,
        `name`,
        param_key as paramKey,
        param_value as paramValue,
        config_type as configType,
        remark,
        status,
        create_time as createTime
        from t_system_config where 1=1
        <if test="request.name !=null and request.name!='' ">
            and `name` =#{request.name}
        </if>
        <if test="request.type !=null and request.type!='' ">
            and `config_type` =#{request.type}
        </if>
        <if test="request.paramKey !=null and request.paramKey!='' ">
            and `param_key` =#{request.paramKey}
        </if>
        order by create_time desc
    </select>

</mapper>