<?xml version="1.0" encoding="UTF-8"?>
<!DOCTYPE mapper PUBLIC "-//mybatis.org//DTD Mapper 3.0//EN" "http://mybatis.org/dtd/mybatis-3-mapper.dtd">
<mapper namespace="com.ruihe.admin.mapper.promotional.PromotionCouponMapper">



    <select id="selectPromotionCoupons"
            resultType="com.ruihe.common.pojo.response.promotion.PromotionCouponResponse">
        select
        pro_coupon_id as proCouponId,
        coupon_name as couponName,
        start_time as startTime,
        stop_time as stopTime,
        `status`,
        create_time as createTime,
        create_author as createAuthor,
        account,
        sort
        from t_promotion_coupon where 1=1
        <if test="request.couponName!=null and request.couponName!='' ">
            and `coupon_name` LIKE CONCAT('%',#{request.couponName},'%')
        </if>
        <if test="request.proCouponId!=null and request.proCouponId!='' ">
            and `pro_coupon_id` LIKE CONCAT('%',#{request.proCouponId},'%')
        </if>
        <if test="request.status!=null  ">
            and status =#{request.status}
        </if>
        and is_del = 1
        order by `sort` ASC,create_time DESC
    </select>

    <select id="selectProCouponList" resultType="com.ruihe.common.dao.bean.promotion.PromotionCoupon">
        select pro_coupon_id as proCouponId,
               coupon_name   as couponName,
               start_time    as startTime,
               stop_time     as stopTime,
               `status`,
               is_del        as isDel,
               create_time   as createTime
        from `t_promotion_coupon`
        where status != 2
          and is_del = 1
    </select>

    <select id="selectMemberCoupons" resultType="com.ruihe.common.dao.bean.member.MemberCoupon">
        select activity_name as activityName,
               activity_id   as activityId,
               create_time   as createTime,
               mobile_phone  as mobilePhone,
               coupon_id     as couponId,
               status,
               start_time    as startTime,
               stop_time     as stopTime
        from `t_member_coupon`
        where is_del = 1
          and status != 2
          and status != 3
          and status != 1
    </select>

    <select id="selectManageCoupon"
            resultType="com.ruihe.common.pojo.response.promotion.SelectProCouponManageResponse">
        select
        activity_name as activityName,
        activity_id as activityId,
        create_time as createTime,
        member_id as memberId,
        mobile_phone as mobilePhone,
        coupon_id as couponId,
        coupon,
        status,
        start_time as startTime,
        stop_time as stopTime
        from `t_member_coupon` where 1=1
        <if test="request.activityName!=null and request.activityName!='' ">
            and `activity_name` LIKE CONCAT('%',#{request.activityName},'%')
        </if>
        <if test="request.couponId!=null and request.couponId!='' ">
            and `coupon_id` LIKE CONCAT('%',#{request.couponId},'%')
        </if>
        <if test="request.status!=null  ">
            and status =#{request.status}
        </if>
        <if test="request.memberPhone!=null  and request.memberPhone!='' ">
            and mobile_phone =#{request.memberPhone}
        </if>
        <if test="request.startTime!=null  and request.startTime != '' ">
            and create_time &gt;= #{request.startTime}
        </if>
        <if test="request.stopTime!=null  and request.stopTime != '' ">
            and create_time &lt;= #{request.stopTime}
        </if>
        and coupon_type = 1
        order by create_time desc
    </select>

    <select id="selectById" resultType="com.ruihe.common.dao.bean.promotion.PromotionCoupon">
        select * from t_promotion_coupon where pro_coupon_id = #{id}
    </select>

</mapper>