<?xml version="1.0" encoding="UTF-8"?>
<!DOCTYPE mapper PUBLIC "-//mybatis.org//DTD Mapper 3.0//EN" "http://mybatis.org/dtd/mybatis-3-mapper.dtd">
<mapper namespace="com.ruihe.admin.mapper.promotional.PromotionalMapper">

    <select id="selectMation" resultType="com.ruihe.admin.response.promotional.PromotionalResponse">
        select
        `name`,
        `uid`,
        `activity_name` as activityName,
        buy_condition_type as buyConditionType,
        `start_time` as startTime,
        create_author as createAuthor,
        is_del as isDel,
        `stop_time` as stopTime
        from `t_promotion_activity` where 1=1

        <if test="request.activityStatus!=null  ">
            and `activity_status`=#{request.activityStatus}
        </if>

        <if test="request.templateType!=null  ">
            and `template_type`=#{request.templateType}
        </if>

        <if test="request.name!=null and request.name!='' ">
            and `name` LIKE CONCAT('%',#{request.name},'%')
        </if>

        <if test="request.createAuthor!=null and request.createAuthor!='' ">
            and `create_author` LIKE CONCAT('%',#{request.createAuthor},'%')
        </if>

        <if test="request.startTime!=null and request.startTime!=''">
            and
            <![CDATA[
            `start_time` >= #{request.startTime}
            ]]>
        </if>

        <if test="request.stopTime!=null and request.stopTime!=''">
            and
            <![CDATA[
            `stop_time` <= #{request.stopTime}
            ]]>
        </if>

        <if test="request.isDel!=null  ">
            and `is_del`=#{request.isDel}
        </if>
        order by `create_time` desc
    </select>


    <select id="selectHistory" resultType="com.ruihe.common.dao.bean.promotion.PromotionTakeEffectLog">
        select
        id,
        message_type as messageType,
        message_code as messageCode,
        create_time as createTime,
        message,
        actity_uid as actityUid
        from `t_promotion_take_effect_log` where actity_uid =#{request.uid}

        <if test="request.messageCode!=null and request.messageCode!='' ">
            and `message_code` =#{request.messageCode}
        </if>

        <if test="request.startTime!=null and request.startTime!=''">
            and
            <![CDATA[
            `create_time` >= #{request.startTime}
            ]]>
        </if>

        <if test="request.endTime!=null and request.endTime!=''">
            and
            <![CDATA[
            `create_time` <= #{request.endTime}
            ]]>
        </if>
        order by create_time desc
    </select>


    <select id="queryPromotionActivity" resultType="com.ruihe.common.dao.bean.promotion.PromotionActivity">
        select
        name name,
        uid uid
        from t_promotion_activity where 1=1
        <if test="name != null and name != '' ">
            and name LIKE CONCAT('%',#{name},'%')
        </if>
        <if test="isDel != null">
            and is_del =#{isDel}
        </if>
        order by create_time desc
    </select>

    <select id="activityName" resultType="com.ruihe.common.dao.bean.promotion.PromotionActivity">
        select
        `name`
        from t_promotion_activity where 1=1
        <if test="name !=null and name != '' ">
         and  `name` =#{name}
        </if>
    </select>

    <select id="queryCount" resultType="long">
        select
        count(1)
        from t_promotion_activity where 1=1
        <if test="name != null and name != '' ">
            and name LIKE CONCAT('%',#{name},'%')
        </if>
        <if test="isDel != null">
            and is_del =#{isDel}
        </if>
    </select>
</mapper>