{
  "birthday": {
    "desc": "规则模板-会员生日",
    "selected": {
      "code": "A",
      "msg": "生日当日"
    },
    "options": [
      {
        "code": "A",
        "msg": "生日当日",
        "enable": true
      },
      {
        "code": "B",
        "msg": "生日当月",
        "enable": false
      }
    ]
  },
  "special_goods": {
    "desc": "规则模板-特定商品",
    "logic": "&|",
    "award_limit": "whole/single",
    "multiple": 1.3,
    "goods": [
      {
        "code": "001",
        "msg": "冻干粉"
      },
      {
        "code": "002",
        "msg": "白松露"
      },
      {
        "code": "003",
        "msg": "面膜"
      }
    ]
  },
  "special_time": {
    "desc": "规则模板-特定时间",
    "begin_time": "2019-10-01",
    "end_time": "2019-10-31"
  },
  "special_memeber": {
    "enable": false,
    "desc": "活动对象",
    "levels": [
      {
        "code": "WMLC006",
        "msg": "体验会员"
      },
      {
        "code": "WMLC001",
        "msg": "花粉会员"
      },
      {
        "code": "WMLC002",
        "msg": "玫瑰会员"
      },
      {
        "code": "WMLC003",
        "msg": "茉莉会员"
      },
      {
        "code": "WMLC004",
        "msg": "百合会员"
      },
      {
        "code": "WMLC005",
        "msg": "牡丹会员"
      }
    ]
  },
  "membership_date": {
    "enable": true,
    "desc": "入会日期",
    "selected": {
      "code": "001",
      "name": "活动期间",
      "enable": true
    },
    "options": [
      {
        "code": "001",
        "name": "活动期间"
      },
      {
        "code": "002",
        "name": "非活动期间"
      }
    ]
  },
  "counter_range": {
    "enable": true,
    "desc": "活动范围",
    "selected": {
      "code": "A",
      "name": "按区域",
      "values": [{"code": "HZYJ","name": "杭州原极"}]
    },
    "options": [
      {
        "code": "ALL",
        "name": "全部柜台"
      },
      {
        "code": "A",
        "name": "按区域"
      },
      {
        "code": "B",
        "name": "按区域指定柜台"
      },
      {
        "code": "C",
        "name": "按渠道"
      },
      {
        "code": "D",
        "name": "按渠道指定柜台"
      }
    ],
    "tree": [
      {
        "code": "HZYJ",
        "name": "杭州原极",
        "children": [
          {
            "code": "杭州直营部",
            "name": "杭州直营部",
            "children": [
              {
                "code": "管理三部",
                "name": "管理三部",
                "children": [
                  {
                    "code": "浙江一区",
                    "name": "浙江一区",
                    "children": [
                      {
                        "code": "物美文一店",
                        "name": "物美文一店",
                        "children": [
                        ]
                      }
                    ]
                  }
                ]
              }
            ]
          }
        ]
      }
    ]
  },
  "award": {
    "multiple": 1.3,
    "member_levels": [
      {
        "code": "WMLC006",
        "msg": "体验会员",
        "multiple": 0.1
      },
      {
        "code": "WMLC001",
        "msg": "花粉会员",
        "multiple": 0.1
      },
      {
        "code": "WMLC002",
        "msg": "玫瑰会员",
        "multiple": 0.3
      },
      {
        "code": "WMLC003",
        "msg": "茉莉会员",
        "multiple": 0.5
      },
      {
        "code": "WMLC004",
        "msg": "百合会员",
        "multiple": 0.7
      },
      {
        "code": "WMLC005",
        "msg": "牡丹会员",
        "multiple": 1
      }
    ]
  }
},