<?xml version="1.0" encoding="UTF-8"?>
<!DOCTYPE mapper PUBLIC "-//mybatis.org//DTD Mapper 3.0//EN" "http://mybatis.org/dtd/mybatis-3-mapper.dtd">
<mapper namespace="com.ruihe.app.mapper.member.MemberActivityMapper">

    <!--    <select id="selectMemberActivityByQuery" resultType="com.ruihe.common.bean.member.MemberActivity">-->
    <!--        select-->
    <!--        `activity_id` as `activityId`,-->
    <!--        `name`,-->
    <!--        `subject_type` as `subjectType`,-->
    <!--        `buy_type` as `buyType`,-->
    <!--        `activity_type` as `activityType`,-->
    <!--        `receive_counter` as `receiveCounter`,-->
    <!--        `check_type` as `checkType`,-->
    <!--        `description`,-->
    <!--        `status`,-->
    <!--        `template_type` as templateType,-->
    <!--        `subject_start_time` as `subjectStartTime`,-->
    <!--        `subject_stop_time` as `subjectStopTime`,-->
    <!--        `receive_start_time` as `receiveStartTime`,-->
    <!--        `receive_stop_time` as `receiveStopTime`,-->
    <!--        `receive_type` as `receiveType`,-->
    <!--        `create_time` as `createTime`-->
    <!--        from `t_member_activity` where is_del =1-->
    <!--        and subject_type=2021-->
    <!--        and activity_type=2024-->
    <!--        <if test="statusList != null and statusList.size >0 ">-->
    <!--            and status in-->
    <!--            <foreach collection="statusList" index="index" item="item" open="(" separator=","-->
    <!--                     close=")">-->
    <!--                #{item}-->
    <!--            </foreach>-->
    <!--        </if>-->
    <!--    </select>-->

    <select id="selectMemberActivityByTime" resultType="com.ruihe.common.dao.bean.member.MemberActivity">
        select
        `activity_id` as `activityId`,
        `name`,
        `subject_type` as `subjectType`,
        `buy_type` as `buyType`,
        `activity_type` as `activityType`,
        `receive_counter` as `receiveCounter`,
        `check_type` as `checkType`,
        `description`,
        `status`,
        `template_type` as templateType,
        `subject_start_time` as `subjectStartTime`,
        `subject_stop_time` as `subjectStopTime`,
        `receive_start_time` as `receiveStartTime`,
        `receive_stop_time` as `receiveStopTime`,
        `receive_type` as `receiveType`,
        `create_time` as `createTime`
        from `t_member_activity` where
        is_del =1
        and template_type=0
        and subject_type=2021
        <if test=" request.nowTime != null and request.nowTime !='' ">
            and subject_start_time &lt;=#{request.nowTime}
        </if>
        <if test=" request.nowTime != null and request.nowTime !='' ">
            and subject_stop_time &gt;=#{request.nowTime}
        </if>
    </select>
    <select id="selectMemberCoupons" resultType="com.ruihe.common.dao.bean.member.MemberCoupon">
        select
        activity_id as activityId,
        sub_activity_id as subActivityId,
        activity_name as activityName,
        coupon as coupon,
        coupon_id as couponId,
        coupon_type as couponType,
        stop_time as stopTime
        from `t_member_coupon` where 1=1
        and status =0
        and is_del=1
        <if test=" request.memberId != null and request.memberId !='' ">
            and member_id =#{request.memberId}
        </if>
        <if test=" request.nowTime != null and request.nowTime !='' ">
            and start_time &lt;=#{request.nowTime}
        </if>
        <if test=" request.nowTime != null and request.nowTime !='' ">
            and stop_time &gt;=#{request.nowTime}
        </if>
        order by stop_time
    </select>

    <select id="countActivityByTime" resultType="Long">
        select
        count(0)
        from `t_member_coupon` where 1=1
        and status =0
        and is_del=1
        <if test=" request.memberId != null and request.memberId !='' ">
            and member_id =#{request.memberId}
        </if>
        <if test=" request.nowTime != null and request.nowTime !='' ">
            and start_time &lt;=#{request.nowTime}
        </if>
        <if test=" request.nowTime != null and request.nowTime !='' ">
            and stop_time &gt;=#{request.nowTime}
        </if>
    </select>


    <select id="queryMemberMessage" resultType="com.ruihe.app.po.crm.MemberInfoMessagePo">
        select
        max(biz_time) integralTime
        from `t_integral_order`
        where 1=1
        <if test=" memberId != null and memberId !='' ">
            and member_id =#{memberId}
        </if>
    </select>

    <select id="queryAmt" resultType="com.ruihe.app.po.crm.MemberInfoMessagePo">
        select
        sum( case when trans_type = 1 then ABS(real_amt) when trans_type = -1 then -ABS(real_amt) end ) buyAmt
        from
        t_pos_order
        where 1=1
        <if test=" memberId != null and memberId !='' ">
            and member_id =#{memberId}
        </if>
        <!--<if test=" counterId != null and counterId !='' ">-->
        <!--and counter_id =#{counterId}-->
        <!--</if>-->
    </select>

    <select id="queryLastAmt" resultType="com.ruihe.app.po.crm.MemberInfoMessagePo">
        select
        ABS(real_amt) lastTimeAmt,
        trans_type transType
        from
        `t_pos_order`
        where 1=1
        <if test=" memberId != null and memberId !='' ">
            and member_id =#{memberId}
        </if>
        order by biz_time desc
        limit 1
    </select>

    <select id="queryIntegralType" resultType="java.lang.Integer">
        SELECT
        type_rule
        FROM
        t_member_activity
        WHERE
        activity_id IN ( SELECT sub_activity_id FROM t_pos_order_activity WHERE order_no = #{orderNo} )
    </select>

    <select id="getActivityTypeRule" resultType="java.lang.Integer">
        SELECT
        IFNULL( type_rule, 1 )
        FROM
        t_member_activity
        WHERE
        activity_id IN ( SELECT subject_id FROM t_member_activity_son WHERE activity_id IN
            <foreach collection="activityIds" index="index" item="item" open="(" separator=","
                     close=")">
                #{item}
            </foreach>
        )
        LIMIT 0,1
    </select>
</mapper>