<?xml version="1.0" encoding="UTF-8"?>
<!DOCTYPE mapper PUBLIC "-//mybatis.org//DTD Mapper 3.0//EN" "http://mybatis.org/dtd/mybatis-3-mapper.dtd">
<mapper namespace="com.ruihe.common.dao.mapper.NursingRecordMapper">
    <select id="selectRecentNursingRecordByMemberId" resultType="com.ruihe.common.dao.bean.nursing.NursingRecordPO">
        SELECT create_time, ba_name
        FROM `t_nursing_record`
        where 1=1
        and member_id=#{memberId}
        order by create_time desc LIMIT 1;
    </select>

    <select id="selectNursingRecordByMemberId" resultType="java.lang.String">
        select id from `t_nursing_record`
        where 1=1
        and member_id = #{memberId}
        and create_time &gt; #{startTime}
        and create_time &lt; #{endTime}
    </select>

    <select id="selectNursingRecordByMemberIdList" resultType="com.ruihe.common.dao.bean.nursing.NursingRecordPO">
        select member_id, id from `t_nursing_record`
        where 1=1
        <if test="list != null and list.isEmpty() == false">
            and member_id in
            <foreach collection="list" item="item" open="(" separator="," close=")">
                #{item}
            </foreach>
        </if>
        and create_time &gt; #{startTime}
        and create_time &lt; #{endTime}
    </select>

    <select id="selectLastNursingRecord" resultType="com.ruihe.common.dao.bean.nursing.NursingRecordPO">
        select  `member_id`, max(create_time) as create_time,ba_name from `t_nursing_record`
        where 1=1
        and member_id in
        <foreach collection="ids" index="index" item="item" open="("
                 separator="," close=")">
            #{item}
        </foreach>
        group by member_id
    </select>

</mapper>