<?xml version="1.0" encoding="UTF-8"?>
<!DOCTYPE mapper PUBLIC "-//mybatis.org//DTD Mapper 3.0//EN" "http://mybatis.org/dtd/mybatis-3-mapper.dtd">
<mapper namespace="com.ruihe.common.dao.mapper.NursingRecordChildMapper">

    <select id="selectNursingItemByRecordIdList" resultType="java.lang.String">
        select nursing_item from `t_nursing_record_child`
        where 1=1
        <if test="list != null and list.isEmpty() == false">
            and record_id in
            <foreach collection="list"  item="item" open="(" separator="," close=")">
                #{item}
            </foreach>
        </if>
    </select>

    <select id="selectByRecordIdList" resultType="com.ruihe.common.dao.bean.nursing.NursingRecordChildPo">
        select record_id,nursing_item from `t_nursing_record_child`
        where 1=1
        <if test="list != null and list.isEmpty() == false">
            and record_id in
            <foreach collection="list"  item="item" open="(" separator="," close=")">
                #{item}
            </foreach>
        </if>
    </select>

</mapper>