<?xml version="1.0" encoding="UTF-8"?>
<!DOCTYPE mapper PUBLIC "-//mybatis.org//DTD Mapper 3.0//EN" "http://mybatis.org/dtd/mybatis-3-mapper.dtd">
<mapper namespace="com.ruihe.common.dao.mapper.MemberSelectMapper">

    <!--会员表或者销售表别名是m的根据手机号、姓名、id查询会员信息-->
    <sql id="memberPhoneAndNameSearch">
        <if test="(request.mobilePhone != null and request.mobilePhone !='') or (request.memberName != null and request.memberName !='')">
            and m.member_id in (
            select member_id from t_member_info
            <where>
                <if test="request.mobilePhone != null and request.mobilePhone !='' ">
                    and mobile_phone = #{request.mobilePhone}
                </if>
                <if test="request.memberName != null and request.memberName !='' ">
                    and member_name like concat('%',#{request.memberName},'%')
                </if>
            </where>
            )
            <if test="request.memberId != null and request.memberId !='' ">
                and m.member_id = #{request.memberId}
            </if>
        </if>
    </sql>

    <!--销售表别名是po的根据手机号、姓名、id查询会员信息-->
    <sql id="memberPurchasePhoneAndNameSearch">
        <if test="(request.mobilePhone != null and request.mobilePhone !='') or (request.memberName != null and request.memberName !='')">
            and po.member_id in (
            select member_id from t_member_info
            <where>
                <if test="request.mobilePhone != null and request.mobilePhone !='' ">
                    and mobile_phone = #{request.mobilePhone}
                </if>
                <if test="request.memberName != null and request.memberName !='' ">
                    and member_name like concat('%',#{request.memberName},'%')
                </if>
            </where>
            )
            <if test="request.memberId != null and request.memberId !='' ">
                and m.member_id = #{request.memberId}
            </if>
        </if>
    </sql>

    <!--销售信息查询的时候，查询上半部分会员信息-->
    <sql id="memberInfoSearch">
        <if test="request.memberId != null and request.memberId !='' ">
            a.member_id = #{request.memberId}
        </if>
        <if test="request.memberLevelCodeList != null and request.memberLevelCodeList.size>0 ">
            and a.member_level_code in
            <foreach collection="request.memberLevelCodeList" index="index" item="item" open="(" separator=","
                     close=")">
                #{item}
            </foreach>
        </if>
        <if test="request.mobilePhone != null and request.mobilePhone !='' ">
            and (a.mobile_phone = #{request.mobilePhone}
            or a.member_card_number = #{request.mobilePhone})
        </if>
        <if test="request.memberName != null and request.memberName !='' ">
            and a.member_name like concat('%',#{request.memberName},'%')
        </if>
        <if test="request.rcmdMemberPhone != null and request.rcmdMemberPhone !='' ">
            and a.rcmd_member_phone = #{request.rcmdMemberPhone}
        </if>
        <if test="request.sex != null and request.sex !='' ">
            and a.sex = #{request.sex}
        </if>
        <if test="request.status != null">
            and a.status = #{request.status}
        </if>
        <if test="request.memberType != null">
            and a.member_type= #{request.memberType}
        </if>
        <if test="request.frontBirthday!=null and request.frontBirthday!=''">
            <if test="request.afterBirthday==null or request.afterBirthday==''">
                and
                CONCAT(SUBSTRING_INDEX(SUBSTRING_INDEX(a.birthday,'-',-2),'-',1),SUBSTRING_INDEX(SUBSTRING_INDEX(a.birthday,'-',-2),'-',-1))
                &gt;= #{request.frontBirthday}
            </if>
        </if>
        <if test="request.afterBirthday!=null and request.afterBirthday!=''">
            <if test="request.frontBirthday==null or request.frontBirthday==''">
                and
                CONCAT(SUBSTRING_INDEX(SUBSTRING_INDEX(a.birthday,'-',-2),'-',1),SUBSTRING_INDEX(SUBSTRING_INDEX(a.birthday,'-',-2),'-',-1))
                &lt;= #{request.afterBirthday}
            </if>
        </if>
        <if test="request.frontBirthday!=null and request.frontBirthday!='' and request.afterBirthday!=null and request.afterBirthday!=''">
            and (
            <if test="request.afterBirthday>=request.frontBirthday">
                CONCAT(SUBSTRING_INDEX(SUBSTRING_INDEX(a.birthday,'-',-2),'-',1),SUBSTRING_INDEX(SUBSTRING_INDEX(a.birthday,'-',-2),'-',-1))
                &gt;= #{request.frontBirthday}
                and
                CONCAT(SUBSTRING_INDEX(SUBSTRING_INDEX(a.birthday,'-',-2),'-',1),SUBSTRING_INDEX(SUBSTRING_INDEX(a.birthday,'-',-2),'-',-1))
                &lt;= #{request.afterBirthday}
            </if>
            <if test="request.frontBirthday>request.afterBirthday">
                CONCAT(SUBSTRING_INDEX(SUBSTRING_INDEX(a.birthday,'-',-2),'-',1),SUBSTRING_INDEX(SUBSTRING_INDEX(a.birthday,'-',-2),'-',-1))
                &gt;= #{request.frontBirthday}
                or
                CONCAT(SUBSTRING_INDEX(SUBSTRING_INDEX(a.birthday,'-',-2),'-',1),SUBSTRING_INDEX(SUBSTRING_INDEX(a.birthday,'-',-2),'-',-1))
                &lt;= #{request.afterBirthday}
            </if>)
        </if>
        <if test="request.frontAvlQty != null">
            and b.avl_qty &gt;= #{request.frontAvlQty}
        </if>
        <if test="request.afterAvlQty != null">
            and b.avl_qty &lt;= #{request.afterAvlQty}
        </if>
        <if test="request.frontNewQty != null">
            and b.new_qty &gt;= #{request.frontNewQty}
        </if>
        <if test="request.afterNewQty != null">
            and b.new_qty &lt;= #{request.afterNewQty}
        </if>
        <if test="request.frontOldQty != null">
            and b.old_qty &gt;= #{request.frontOldQty}
        </if>
        <if test="request.afterOldQty != null">
            and b.old_qty &lt;= #{request.afterOldQty}
        </if>
        <if test="request.changeType != null or (request.levelAdjustmentFront!=null and request.levelAdjustmentFront!='') or (request.levelAdjustmentAfter!=null and request.levelAdjustmentAfter!='')">
            and
            a.member_id in(
            select distinct member_id
            from t_member_level_log
            where change_type !=2
            <if test="request.changeType != null">
                and change_type = #{request.changeType}
            </if>
            <if test="request.levelAdjustmentFront!=null and request.levelAdjustmentFront!='' ">
                and create_time &gt;= #{request.levelAdjustmentFront}
            </if>
            <if test="request.levelAdjustmentAfter!=null and request.levelAdjustmentAfter!='' ">
                and create_time &lt;= DATE_ADD(#{request.levelAdjustmentAfter},INTERVAL 1 DAY)
            </if>
            )
        </if>
        <if test="request.frontCreateTime != null and request.frontCreateTime !='' ">
            and a.card_issuing_time &gt;= #{request.frontCreateTime}
        </if>
        <if test="request.afterCreateTime != null and request.afterCreateTime !='' ">
            and a.card_issuing_time &lt; DATE_ADD(#{request.afterCreateTime},INTERVAL 1 DAY)
        </if>
        <if test="request.recentBuyTimeFront!=null and request.recentBuyTimeFront!=''">
            and mos.recent_time &gt;= #{request.recentBuyTimeFront}
        </if>
        <if test="request.recentBuyTimeAfter!=null and request.recentBuyTimeAfter!=''">
            and mos.recent_time &lt;= DATE_ADD(#{request.recentBuyTimeAfter},INTERVAL 1 DAY)
        </if>
        <if test="request.issueCounterIdList != null and request.issueCounterIdList.size>0 ">
            and a.counter_id in
            <foreach collection="request.issueCounterIdList" index="index" item="item" open="(" separator=","
                     close=")">
                #{item}
            </foreach>
        </if>
        <if test="request.baId != null and request.baId !='' ">
            and a.ba_id = #{request.baId}
        </if>
        <!--微信入会信息-->
        <if test="(request.wxBa != null and request.wxBa !='') or request.activateTimeStart != null or request.activateTimeEnd != null ">
            and a.member_id in (select distinct member_id from t_wx_card_info
            where member_id is not null
            <if test="request.wxBa != null and request.wxBa !='' ">
                and ba_id = #{request.wxBa}
            </if>
            <if test="request.activateTimeStart != null ">
                and activation_time &gt;= #{request.activateTimeStart}
            </if>
            <if test="request.activateTimeEnd != null ">
                and activation_time &lt; DATE_ADD(#{request.activateTimeEnd},INTERVAL 1 DAY)
            </if>
            )
        </if>
    </sql>

    <!--会员销售查询时，单独处理累计购买与次数处理-->
    <sql id="memberPurchaseSearch">
        <!--会员id、手机号等查询条件-->
        <include refid="memberPhoneAndNameSearch"/>
        <!--首次购买时间模式一-->
        <if test="request.days != null">
            and po.biz_time BETWEEN tm.first_time and DATE_ADD(tm.first_time,INTERVAL #{request.days} + 1 DAY)
        </if>
        <!--首次购买时间模式二-->
        <if test="request.firstStartTime != null and request.firstStartTime !=''">
            and tm.first_time &gt;= #{request.firstStartTime}
        </if>
        <if test="request.firstEndTime != null and request.firstEndTime !=''">
            and tm.first_time &lt;= DATE_ADD(#{request.firstEndTime},INTERVAL 1 DAY)
        </if>
        <!--购买时间-->
        <if test="request.buyTimeFront!=null and request.buyTimeFront!=''">
            and po.biz_time &gt;= #{request.buyTimeFront}
        </if>
        <if test="request.buyTimeAfter!=null and request.buyTimeAfter!=''">
            and po.biz_time &lt;= DATE_ADD(#{request.buyTimeAfter},INTERVAL 1 DAY)
        </if>
        <!--购买金额+单笔消费-->
        <if test="request.amtFront != null and request.amtType == 1">
            and (po.trans_type=1
            and po.real_amt &gt;=#{request.amtFront}
            <if test="request.amtAfter != null">
                and po.real_amt &lt;=#{request.amtAfter}
            </if>)
        </if>
        <!--购买柜台-->
        <if test="request.counterIdList != null and request.counterIdList.size>0 ">
            and po.counter_id in
            <foreach collection="request.counterIdList" index="index" item="item" open="(" separator=","
                     close=")">
                #{item}
            </foreach>
        </if>
        <!--购买产品信息-->
        <if test="request.prdBarCodeList != null and request.prdBarCodeList.size>0 ">
            and toi.prd_bar_code in
            <foreach collection="request.prdBarCodeList" index="index" item="item" open="(" separator=","
                     close=")">
                #{item}
            </foreach>
        </if>
        <!--未购买产品信息-->
        <if test="request.prdBarCodeListNo != null and request.prdBarCodeListNo.size>0 ">
            and toi.prd_bar_code not in
            <foreach collection="request.prdBarCodeListNo" index="index" item="item" open="(" separator=","
                     close=")">
                #{item}
            </foreach>
        </if>
    </sql>

    <!--会员销售信息的查询-->
    <sql id="memberSalesSearch">
        <!--累计、购买次数需要根据memberId分组，单独处理-->
        <if test="request.frequencyFront != null  or (request.amtType == 0 and request.amtFront != null) or (request.amtType == 0 and request.amtAfter != null)">
            and m.member_id in (
            select po.member_id
            from t_pos_order po
            <if test="request.days != null or (request.firstStartTime != null and request.firstStartTime !='') or (request.firstEndTime != null and request.firstEndTime !='')">
                left join t_member_order_search tm on po.member_id = tm.member_id
            </if>
            <if test="(request.prdBarCodeList != null and request.prdBarCodeList.size>0) or (request.prdBarCodeListNo != null and request.prdBarCodeListNo.size>0)">
                left join t_pos_order_item toi on po.order_no = toi.order_no
            </if>
            <where>
                <include refid="memberPurchaseSearch"/>
            </where>
            GROUP BY po.member_id
            HAVING 1=1
            <if test="request.frequencyFront != null">
                and sum(po.trans_type) &gt;= #{request.frequencyFront}
                <if test="request.frequencyAfter != null">
                    and sum(po.trans_type) &lt;= #{request.frequencyAfter}
                </if>
            </if>
            <if test="request.amtType == 0">
                <!--购买金额+累计净销-->
                <if test="request.amtFront != null">
                    and sum(po.trans_type * po.real_amt) &gt;=#{request.amtFront}
                </if>
                <if test="request.amtAfter != null">
                    and sum(po.trans_type * po.real_amt) &lt;=#{request.amtAfter}
                </if>
            </if>
            )
        </if>
        <!--会员id、手机号等查询条件-->
        <include refid="memberPhoneAndNameSearch"/>
        <!--首次购买时间模式一-->
        <if test="request.days != null">
            and m.biz_time BETWEEN tmos.first_time and DATE_ADD(tmos.first_time,INTERVAL #{request.days} + 1 DAY)
        </if>
        <!--首次购买时间模式二-->
        <if test="request.firstStartTime != null and request.firstStartTime !=''">
            and tmos.first_time &gt;= #{request.firstStartTime}
        </if>
        <if test="request.firstEndTime != null and request.firstEndTime !=''">
            and tmos.first_time &lt;= DATE_ADD(#{request.firstEndTime},INTERVAL 1 DAY)
        </if>
        <!--购买时间-->
        <if test="request.buyTimeFront!=null and request.buyTimeFront!=''">
            and m.biz_time &gt;= #{request.buyTimeFront}
        </if>
        <if test="request.buyTimeAfter!=null and request.buyTimeAfter!=''">
            and m.biz_time &lt;= DATE_ADD(#{request.buyTimeAfter},INTERVAL 1 DAY)
        </if>
        <!--购买金额+单笔消费-->
        <if test="request.amtFront != null and request.amtType == 1">
            and (m.trans_type=1
            and m.real_amt &gt;=#{request.amtFront}
            <if test="request.amtAfter != null">
                and m.real_amt &lt;=#{request.amtAfter}
            </if>)
        </if>
        <!--购买柜台-->
        <if test="request.counterIdList != null and request.counterIdList.size>0 ">
            and m.counter_id in
            <foreach collection="request.counterIdList" index="index" item="item" open="(" separator=","
                     close=")">
                #{item}
            </foreach>
        </if>
        <!--购买产品信息-->
        <if test="request.prdBarCodeList != null and request.prdBarCodeList.size>0 ">
            and tpoi.prd_bar_code in
            <foreach collection="request.prdBarCodeList" index="index" item="item" open="(" separator=","
                     close=")">
                #{item}
            </foreach>
        </if>
        <!--未购买产品信息单独处理-->
        <if test="request.prdBarCodeListNo != null and request.prdBarCodeListNo.size>0 ">
            and m.order_no not in(
            <include refid="memberSalesSearchPrdNo"/>
            )
        </if>
    </sql>

    <!--会员信息查询中未购买产品查询-->
    <sql id="memberInfoPrdNoSearch">
        select tpo.member_id
        from t_pos_order tpo
        left join t_pos_order_item tpoi on tpo.order_no = tpoi.order_no
        <if test="request.days != null or (request.firstStartTime != null and request.firstStartTime !='') or (request.firstEndTime != null and request.firstEndTime !='')">
            left join t_member_order_search tmo on tpo.member_id = tmo.member_id
        </if>
        <where>
            (tpo.member_id !='' and tpo.member_id is not null)
            <if test="(request.mobilePhone != null and request.mobilePhone !='') or (request.memberName != null and request.memberName !='')">
                and tpo.member_id in (
                select member_id from t_member_info
                <where>
                    <if test="request.mobilePhone != null and request.mobilePhone !='' ">
                        and mobile_phone = #{request.mobilePhone}
                    </if>
                    <if test="request.memberName != null and request.memberName !='' ">
                        and member_name like concat('%',#{request.memberName},'%')
                    </if>
                </where>
                )
                <if test="request.memberId != null and request.memberId !='' ">
                    and tpo.member_id = #{request.memberId}
                </if>
            </if>
            <!--首次购买时间模式一-->
            <if test="request.days != null">
                and tpo.biz_time BETWEEN tmo.first_time and DATE_ADD(tmo.first_time,INTERVAL #{request.days} + 1 DAY)
            </if>
            <!--首次购买时间模式二-->
            <if test="request.firstStartTime != null and request.firstStartTime !=''">
                and tmo.first_time &gt;= #{request.firstStartTime}
            </if>
            <if test="request.firstEndTime != null and request.firstEndTime !=''">
                and tmo.first_time &lt;= DATE_ADD(#{request.firstEndTime},INTERVAL 1 DAY)
            </if>
            <!--购买时间-->
            <if test="request.buyTimeFront!=null and request.buyTimeFront!=''">
                and tpo.biz_time &gt;= #{request.buyTimeFront}
            </if>
            <if test="request.buyTimeAfter!=null and request.buyTimeAfter!=''">
                and tpo.biz_time &lt;= DATE_ADD(#{request.buyTimeAfter},INTERVAL 1 DAY)
            </if>
            <!--购买金额+单笔消费-->
            <if test="request.amtFront != null and request.amtType == 1">
                and (tpo.trans_type=1
                and tpo.real_amt &gt;=#{request.amtFront}
                <if test="request.amtAfter != null">
                    and tpo.real_amt &lt;=#{request.amtAfter}
                </if>)
            </if>
            <!--购买柜台-->
            <if test="request.counterIdList != null and request.counterIdList.size>0 ">
                and tpo.counter_id in
                <foreach collection="request.counterIdList" index="index" item="item" open="(" separator=","
                         close=")">
                    #{item}
                </foreach>
            </if>
            <!--<if test="request.prdBarCodeList != null and request.prdBarCodeList.size>0 ">-->
            <!--and tpoi.prd_bar_code in-->
            <!--<foreach collection="request.prdBarCodeList" index="index" item="item" open="(" separator=","-->
            <!--close=")">-->
            <!--#{item}-->
            <!--</foreach>-->
            <!--</if>-->
            <!--未购买产品信息-->
            <if test="request.prdBarCodeListNo != null and request.prdBarCodeListNo.size>0 ">
                and tpoi.prd_bar_code in
                <foreach collection="request.prdBarCodeListNo" index="index" item="item" open="(" separator=","
                         close=")">
                    #{item}
                </foreach>
            </if>
        </where>
        GROUP BY tpo.member_id
        having 1=1
        <!--首次购买时间模式一-->
        <if test="request.days != null or (request.firstStartTime != null and request.firstStartTime !='') or (request.firstEndTime != null and request.firstEndTime !='')">
            and ifnull(count(tpo.order_no),0) = 1
        </if>
        <!--购买次数-->
        <if test="request.frequencyFront != null">
            and sum(tpo.trans_type) &gt;= #{request.frequencyFront}
            <if test="request.frequencyAfter != null">
                and sum(tpo.trans_type) &lt;= #{request.frequencyAfter}
            </if>
        </if>
        <!--购买金额+累计净销-->
        <if test="request.amtFront != null and request.amtType == 0">
            and sum(tpo.trans_type * tpo.real_amt) &gt;=#{request.amtFront}
            <if test="request.amtAfter != null">
                and sum(tpo.trans_type * tpo.real_amt) &lt;=#{request.amtAfter}
            </if>
        </if>
        <!--购买/未购买产品信息-->
        <if test="request.prdBarCodeListNo != null and request.prdBarCodeListNo.size>0">
            <choose>
                <when test="request.noBuyPrdType != null and request.noBuyPrdType == 1">
                    and ifnull(count(DISTINCT tpoi.prd_bar_code),0) &gt;= 1
                </when>
                <when test="request.noBuyPrdType != null and request.noBuyPrdType == 2">
                    and ifnull(count(DISTINCT tpoi.prd_bar_code),0) = ${request.prdBarCodeListNo.size}
                </when>
            </choose>
        </if>
        <!--此处是否需要加上对购买的产品进行判断待定(上方需要加代码)-->
        <!--<if test="request.prdBarCodeList != null and request.prdBarCodeList.size>0">-->
        <!--<choose>-->
        <!--<when test="request.buyPrdType != null and request.buyPrdType == 1">-->
        <!--and ifnull(count(DISTINCT tpoi.prd_bar_code),0) &gt;= 1-->
        <!--</when>-->
        <!--<when test="request.buyPrdType != null and request.buyPrdType == 2">-->
        <!--and ifnull(count(DISTINCT tpoi.prd_bar_code),0) = ${request.prdBarCodeList.size}-->
        <!--</when>-->
        <!--</choose>-->
        <!--</if>-->
    </sql>

    <!--销售信息查询的时候，查询下半部分其它销售信息-->
    <sql id="memberSalesSearchPrdNo">
        select distinct po.order_no
        from t_pos_order po
        left join t_pos_order_item toi on po.order_no = toi.order_no
        <if test="request.days != null or (request.firstStartTime != null and request.firstStartTime !='') or (request.firstEndTime != null and request.firstEndTime !='')">
            left join t_member_order_search tm on po.member_id = tm.member_id
        </if>
        <where>
            <!--会员id、手机号等查询条件-->
            <include refid="memberPurchasePhoneAndNameSearch"/>
            <!--首次购买时间模式一-->
            <if test="request.days != null">
                and po.biz_time BETWEEN tm.first_time and DATE_ADD(tm.first_time,INTERVAL #{request.days} + 1 DAY)
            </if>
            <!--首次购买时间模式二-->
            <if test="request.firstStartTime != null and request.firstStartTime !=''">
                and tm.first_time &gt;= #{request.firstStartTime}
            </if>
            <if test="request.firstEndTime != null and request.firstEndTime !=''">
                and tm.first_time &lt;= DATE_ADD(#{request.firstEndTime},INTERVAL 1 DAY)
            </if>
            <!--购买时间-->
            <if test="request.buyTimeFront!=null and request.buyTimeFront!=''">
                and po.biz_time &gt;= #{request.buyTimeFront}
            </if>
            <if test="request.buyTimeAfter!=null and request.buyTimeAfter!=''">
                and po.biz_time &lt;= DATE_ADD(#{request.buyTimeAfter},INTERVAL 1 DAY)
            </if>
            <!--购买金额+单笔消费-->
            <if test="request.amtFront != null and request.amtType == 1">
                and (po.trans_type=1
                and po.real_amt &gt;=#{request.amtFront}
                <if test="request.amtAfter != null">
                    and po.real_amt &lt;=#{request.amtAfter}
                </if>)
            </if>
            <!--购买柜台-->
            <if test="request.counterIdList != null and request.counterIdList.size>0 ">
                and po.counter_id in
                <foreach collection="request.counterIdList" index="index" item="item" open="(" separator=","
                         close=")">
                    #{item}
                </foreach>
            </if>
            <!--购买产品信息-->
            <!--<if test="request.prdBarCodeList != null and request.prdBarCodeList.size>0 ">-->
            <!--and toi.prd_bar_code in-->
            <!--<foreach collection="request.prdBarCodeList" index="index" item="item" open="(" separator=","-->
            <!--close=")">-->
            <!--#{item}-->
            <!--</foreach>-->
            <!--</if>-->
            <!--未购买产品信息-->
            <if test="request.prdBarCodeListNo != null and request.prdBarCodeListNo.size>0 ">
                and toi.prd_bar_code in
                <foreach collection="request.prdBarCodeListNo" index="index" item="item" open="(" separator=","
                         close=")">
                    #{item}
                </foreach>
            </if>
        </where>
        group by po.order_no
        <choose>
            <when test="request.noBuyPrdType != null and request.noBuyPrdType == 1">
                having ifnull(count(DISTINCT toi.prd_bar_code),0) &gt;= 1
            </when>
            <when test="request.noBuyPrdType != null and request.noBuyPrdType == 2">
                having ifnull(count(DISTINCT toi.prd_bar_code),0) = ${request.prdBarCodeListNo.size}
            </when>
        </choose>
        <!--<if test="request.prdBarCodeList != null and request.prdBarCodeList.size>0">-->
        <!--<choose>-->
        <!--<when test="request.buyPrdType != null and request.buyPrdType == 1">-->
        <!--and ifnull(count(DISTINCT toi.prd_bar_code),0) &gt;= 1-->
        <!--</when>-->
        <!--<when test="request.buyPrdType != null and request.buyPrdType == 2">-->
        <!--and ifnull(count(DISTINCT toi.prd_bar_code),0) = ${request.prdBarCodeListNo.size}-->
        <!--</when>-->
        <!--</choose>-->
        <!--</if>-->
    </sql>

    <!--会员销售信息的查询-->
    <sql id="memberSalesSearchAllCondition">
        <!--累计、购买次数需要根据memberId分组，单独处理-->
        <if test="request.frequencyFront != null  or (request.amtType == 0 and request.amtFront != null) or (request.amtType == 0 and request.amtAfter != null)">
            and m.member_id in (
            select po.member_id
            from t_pos_order po
            <if test="request.days != null or (request.firstStartTime != null and request.firstStartTime !='') or (request.firstEndTime != null and request.firstEndTime !='')">
                left join t_member_order_search tm on po.member_id = tm.member_id
            </if>
            <if test="(request.prdBarCodeList != null and request.prdBarCodeList.size>0) or (request.prdBarCodeListNo != null and request.prdBarCodeListNo.size>0)">
                left join t_pos_order_item toi on po.order_no = toi.order_no
            </if>
            <where>
                <include refid="memberPurchaseSearch"/>
            </where>
            GROUP BY po.member_id
            HAVING 1=1
            <if test="request.frequencyFront != null">
                and sum(po.trans_type) &gt;= #{request.frequencyFront}
                <if test="request.frequencyAfter != null">
                    and sum(po.trans_type) &lt;= #{request.frequencyAfter}
                </if>
            </if>
            <if test="request.amtType == 0">
                <!--购买金额+累计净销-->
                <if test="request.amtFront != null">
                    and sum(po.trans_type * po.real_amt) &gt;=#{request.amtFront}
                </if>
                <if test="request.amtAfter != null">
                    and sum(po.trans_type * po.real_amt) &lt;=#{request.amtAfter}
                </if>
            </if>
            )
        </if>
        <!--会员id、手机号等查询条件-->
        <include refid="memberPhoneAndNameSearch"/>
        <!--首次购买时间模式一-->
        <if test="request.days != null">
            and m.biz_time BETWEEN tmos.first_time and DATE_ADD(tmos.first_time,INTERVAL #{request.days} + 1 DAY)
        </if>
        <!--首次购买时间模式二-->
        <if test="request.firstStartTime != null and request.firstStartTime !=''">
            and tmos.first_time &gt;= #{request.firstStartTime}
        </if>
        <if test="request.firstEndTime != null and request.firstEndTime !=''">
            and tmos.first_time &lt;= DATE_ADD(#{request.firstEndTime},INTERVAL 1 DAY)
        </if>
        <!--购买时间-->
        <if test="request.buyTimeFront!=null and request.buyTimeFront!=''">
            and m.biz_time &gt;= #{request.buyTimeFront}
        </if>
        <if test="request.buyTimeAfter!=null and request.buyTimeAfter!=''">
            and m.biz_time &lt;= DATE_ADD(#{request.buyTimeAfter},INTERVAL 1 DAY)
        </if>
        <!--购买金额+单笔消费-->
        <if test="request.amtFront != null and request.amtType == 1">
            and (m.trans_type=1
            and m.real_amt &gt;=#{request.amtFront}
            <if test="request.amtAfter != null">
                and m.real_amt &lt;=#{request.amtAfter}
            </if>)
        </if>
        <!--购买柜台-->
        <if test="request.counterIdList != null and request.counterIdList.size>0 ">
            and m.counter_id in
            <foreach collection="request.counterIdList" index="index" item="item" open="(" separator=","
                     close=")">
                #{item}
            </foreach>
        </if>
        <!--购买产品信息-->
        <if test="request.prdBarCodeList != null and request.prdBarCodeList.size>0 ">
            and m.order_no in(
            <include refid="memberSalesSearchPrd"/>
            )
        </if>
        <!--未购买产品信息单独处理-->
        <if test="request.prdBarCodeListNo != null and request.prdBarCodeListNo.size>0 ">
            and m.order_no not in(
            <include refid="memberSalesSearchPrdNo"/>
            )
        </if>
    </sql>

    <!--销售信息查询的时候，单独查询购买产品信息-->
    <sql id="memberSalesSearchPrd">
        select po.order_no
        from t_pos_order po
        left join t_pos_order_item toi on po.order_no = toi.order_no
        <if test="request.days != null or (request.firstStartTime != null and request.firstStartTime !='') or (request.firstEndTime != null and request.firstEndTime !='')">
            left join t_member_order_search tm on po.member_id = tm.member_id
        </if>
        <where>
            <!--会员id、手机号等查询条件-->
            <include refid="memberPurchasePhoneAndNameSearch"/>
            <!--首次购买时间模式一-->
            <if test="request.days != null">
                and po.biz_time BETWEEN tm.first_time and DATE_ADD(tm.first_time,INTERVAL #{request.days} + 1 DAY)
            </if>
            <!--首次购买时间模式二-->
            <if test="request.firstStartTime != null and request.firstStartTime !=''">
                and tm.first_time &gt;= #{request.firstStartTime}
            </if>
            <if test="request.firstEndTime != null and request.firstEndTime !=''">
                and tm.first_time &lt;= DATE_ADD(#{request.firstEndTime},INTERVAL 1 DAY)
            </if>
            <!--购买时间-->
            <if test="request.buyTimeFront!=null and request.buyTimeFront!=''">
                and po.biz_time &gt;= #{request.buyTimeFront}
            </if>
            <if test="request.buyTimeAfter!=null and request.buyTimeAfter!=''">
                and po.biz_time &lt;= DATE_ADD(#{request.buyTimeAfter},INTERVAL 1 DAY)
            </if>
            <!--购买金额+单笔消费-->
            <if test="request.amtFront != null and request.amtType == 1">
                and (po.trans_type=1
                and po.real_amt &gt;=#{request.amtFront}
                <if test="request.amtAfter != null">
                    and po.real_amt &lt;=#{request.amtAfter}
                </if>)
            </if>
            <!--购买柜台-->
            <if test="request.counterIdList != null and request.counterIdList.size>0 ">
                and po.counter_id in
                <foreach collection="request.counterIdList" index="index" item="item" open="(" separator=","
                         close=")">
                    #{item}
                </foreach>
            </if>
            <!--购买产品信息-->
            <if test="request.prdBarCodeList != null and request.prdBarCodeList.size>0 ">
                and toi.prd_bar_code in
                <foreach collection="request.prdBarCodeList" index="index" item="item" open="(" separator=","
                         close=")">
                    #{item}
                </foreach>
            </if>
            <!--未购买产品信息-->
            <!--<if test="request.prdBarCodeListNo != null and request.prdBarCodeListNo.size>0 ">
                and toi.prd_bar_code in
                <foreach collection="request.prdBarCodeListNo" index="index" item="item" open="(" separator=","
                         close=")">
                    #{item}
                </foreach>
            </if>-->
        </where>
        group by po.order_no
        <!--<if test="request.prdBarCodeList != null and request.prdBarCodeList.size>0">
        <choose>
            <when test="request.noBuyPrdType != null and request.noBuyPrdType == 1">
                having ifnull(count(DISTINCT toi.prd_bar_code),0) &gt;= 1
            </when>
            <when test="request.noBuyPrdType != null and request.noBuyPrdType == 2">
                having ifnull(count(DISTINCT toi.prd_bar_code),0) = ${request.prdBarCodeListNo.size}
            </when>
        </choose>
        </if>-->
        <choose>
            <when test="request.buyPrdType != null and request.buyPrdType == 1">
                having ifnull(count(DISTINCT toi.prd_bar_code),0) &gt;= 1
            </when>
            <when test="request.buyPrdType != null and request.buyPrdType == 2">
                having ifnull(count(DISTINCT toi.prd_bar_code),0) = ${request.prdBarCodeListNo.size}
            </when>
        </choose>
    </sql>

    <select id="selectMemberList" resultType="com.ruihe.common.pojo.request.member.MemberInfoRequest">
        SELECT
        a.member_id as memberId,
        a.mobile_phone as mobilePhone,
        a.sex as sex,
        a.ba_id as baId,
        a.member_card_number as memberCardNumber,
        a.member_name as memberName,
        a.birthday as birthday,
        a.counter_id as counterId,
        a.counter_name as counterName,
        DATE_FORMAT(a.card_issuing_time, '%Y-%m-%d %H:%i:%s') as createTime,
        a.member_level_name as memberLevelName,
        a.status as status,
        a.member_type as memberType,
        a.open_id as openId,
        ifnull(b.avl_qty,0) as avlQty
        FROM
        t_member_info a
        left join t_integral_account b on a.member_id = b.member_id
        <if test="request.recentBuyTimeFront!=null and request.recentBuyTimeFront!=''">
            left join t_member_order_search mos on a.member_id = mos.member_id
        </if>
        <where>
            <include refid="memberInfoSearch"/>
            <!--购买记录-->
            <if test="memberSelect != null">
                and a.member_id in (
                select m.member_id
                from t_pos_order m
                <if test="request.days != null or (request.firstStartTime != null and request.firstStartTime !='') or (request.firstEndTime != null and request.firstEndTime !='')">
                    left join t_member_order_search tmos on m.member_id = tmos.member_id
                </if>
                <if test="request.prdBarCodeList != null and request.prdBarCodeList.size>0">
                    left join t_pos_order_item tpoi on m.order_no = tpoi.order_no
                </if>
                <where>
                    (m.member_id !='' and m.member_id is not null)
                    <!--销售信息处理，其中未购买需要单独再处理-->
                    <include refid="memberSalesSearch"/>
                </where>
                <if test="request.prdBarCodeList != null and request.prdBarCodeList.size>0">
                    group by m.order_no
                    <choose>
                        <when test="request.buyPrdType != null and request.buyPrdType == 1">
                            having ifnull(count(DISTINCT tpoi.prd_bar_code),0) &gt;= 1
                        </when>
                        <when test="request.buyPrdType != null and request.buyPrdType == 2">
                            having ifnull(count(DISTINCT tpoi.prd_bar_code),0) = ${request.prdBarCodeListNo.size}
                        </when>
                    </choose>
                </if>
                )
            </if>
        </where>
        order by a.create_time,a.member_id desc
    </select>

    <select id="selectMemberCountList" resultType="java.lang.Integer">
        SELECT
        count(a.member_id)
        FROM
        t_member_info a
        <if test="request.frontAvlQty != null or request.afterAvlQty != null or request.frontNewQty != null or request.afterNewQty != null or request.frontOldQty or request.afterOldQty">
            left join t_integral_account b on a.member_id = b.member_id
        </if>
        <if test="request.recentBuyTimeFront != null and request.recentBuyTimeFront != ''">
            left join t_member_order_search mos on a.member_id = mos.member_id
        </if>
        <where>
            <include refid="memberInfoSearch"/>
            <!--购买记录-->
            <if test="memberSelect != null">
                and a.member_id in (
                select m.member_id
                from t_pos_order m
                <if test="request.days != null or (request.firstStartTime != null and request.firstStartTime !='') or (request.firstEndTime != null and request.firstEndTime !='')">
                    left join t_member_order_search tmos on m.member_id = tmos.member_id
                </if>
                <if test="request.prdBarCodeList != null and request.prdBarCodeList.size>0">
                    left join t_pos_order_item tpoi on m.order_no = tpoi.order_no
                </if>
                <where>
                    (m.member_id !='' and m.member_id is not null)
                    <!--销售信息处理，其中未购买需要单独再处理-->
                    <include refid="memberSalesSearch"/>
                </where>
                <if test="request.prdBarCodeList != null and request.prdBarCodeList.size>0">
                    group by m.order_no
                    <choose>
                        <when test="request.buyPrdType != null and request.buyPrdType == 1">
                            having ifnull(count(DISTINCT tpoi.prd_bar_code),0) &gt;= 1
                        </when>
                        <when test="request.buyPrdType != null and request.buyPrdType == 2">
                            having ifnull(count(DISTINCT tpoi.prd_bar_code),0) = ${request.prdBarCodeListNo.size}
                        </when>
                    </choose>
                </if>
                )
            </if>
        </where>
    </select>


    <select id="selectMemberSaleList" resultType="com.ruihe.common.pojo.request.member.MemberInfoSaleRequest">
        SELECT
        m.member_id memberId,
        mi.mobile_phone memberPhone,
        m.order_no orderNo,
        m.trans_type transType,
        m.order_type orderType,
        m.activity_type activityType,
        m.biz_time createTime,
        m.counter_id counterId,
        m.counter_name counterName,
        m.real_amt realAmt,
        m.goods_qty goodsQty
        FROM
        t_pos_order m
        left join t_member_info mi on m.member_id=mi.member_id
        <if test="request.days != null or (request.firstStartTime != null and request.firstStartTime !='') or (request.firstEndTime != null and request.firstEndTime !='')">
            left join t_member_order_search tmos on m.member_id = tmos.member_id
        </if>
        <where>
            (m.member_id !='' and m.member_id is not null)
            <!--处理上半部会员信息-->
            <if test="memberSearchRequest != null">
                and m.member_id in (
                select a.member_id
                from t_member_info a
                <if test="request.recentBuyTimeFront != null and request.recentBuyTimeFront != ''">
                    left join t_member_order_search mos on a.member_id = mos.member_id
                </if>
                <if test="request.frontAvlQty != null or request.afterAvlQty != null or request.frontNewQty != null or request.afterNewQty != null or request.frontOldQty or request.afterOldQty">
                    left join t_integral_account b on a.member_id = b.member_id
                </if>
                <where>
                    <include refid="memberInfoSearch"/>
                </where>
                )
            </if>
            <!--会员销售信息的处理-->
            <include refid="memberSalesSearchAllCondition"/>
        </where>
        order by m.create_time desc
    </select>

    <select id="queryAmtAndQty" resultType="com.ruihe.common.pojo.response.homepage.AmtAndQty">
        SELECT
        ifnull(SUM(trans_type * real_amt),0) totalAmt,
        ifnull(SUM(trans_type * goods_qty),0) totalQty
        FROM
        t_pos_order m
        left join t_member_info mi on m.member_id=mi.member_id
        <if test="request.days != null or (request.firstStartTime != null and request.firstStartTime !='') or (request.firstEndTime != null and request.firstEndTime !='')">
            left join t_member_order_search tmos on m.member_id = tmos.member_id
        </if>
        <where>
            (m.member_id !='' and m.member_id is not null)
            <!--处理上半部会员信息-->
            <if test="memberSearchRequest != null">
                and m.member_id in (
                select a.member_id
                from t_member_info a
                <if test="request.recentBuyTimeFront != null and request.recentBuyTimeFront != ''">
                    left join t_member_order_search mos on a.member_id = mos.member_id
                </if>
                <if test="request.frontAvlQty != null or request.afterAvlQty != null or request.frontNewQty != null or request.afterNewQty != null or request.frontOldQty or request.afterOldQty">
                    left join t_integral_account b on a.member_id = b.member_id
                </if>
                <where>
                    <include refid="memberInfoSearch"/>
                </where>
                )
            </if>
            <!--会员销售信息的处理-->
            <include refid="memberSalesSearchAllCondition"/>
        </where>
    </select>

    <select id="queryTotalIntegral" resultType="java.lang.Integer">
        SELECT
        ifnull(sum(b.avl_qty),0) totalIntegral
        FROM
        t_member_info a
        left join t_integral_account b on a.member_id = b.member_id
        <if test="request.recentBuyTimeFront!=null and request.recentBuyTimeFront!=''">
            left join t_member_order_search mos on a.member_id = mos.member_id
        </if>
        <where>
            <include refid="memberInfoSearch"/>
            <!--购买记录-->
            <if test="memberSelect != null">
                and a.member_id in (
                select m.member_id
                from t_pos_order m
                <if test="request.days != null or (request.firstStartTime != null and request.firstStartTime !='') or (request.firstEndTime != null and request.firstEndTime !='')">
                    left join t_member_order_search tmos on m.member_id = tmos.member_id
                </if>
                <if test="request.prdBarCodeList != null and request.prdBarCodeList.size>0">
                    left join t_pos_order_item tpoi on m.order_no = tpoi.order_no
                </if>
                <where>
                    (m.member_id !='' and m.member_id is not null)
                    <!--销售信息处理，其中未购买需要单独再处理-->
                    <include refid="memberSalesSearch"/>
                </where>
                <if test="request.prdBarCodeList != null and request.prdBarCodeList.size>0">
                    group by m.order_no
                    <choose>
                        <when test="request.buyPrdType != null and request.buyPrdType == 1">
                            having ifnull(count(DISTINCT tpoi.prd_bar_code),0) &gt;= 1
                        </when>
                        <when test="request.buyPrdType != null and request.buyPrdType == 2">
                            having ifnull(count(DISTINCT tpoi.prd_bar_code),0) = ${request.prdBarCodeListNo.size}
                        </when>
                    </choose>
                </if>
                )
            </if>
        </where>
    </select>

    <select id="selectMemberPageList" resultType="com.ruihe.common.pojo.response.member.MemberInfoListResponse">
        SELECT
        a.member_id,
        a.mobile_phone,
        a.sex,
        a.ba_id,
        a.member_card_number,
        a.member_name,
        a.birthday,
        a.counter_id,
        a.counter_name,
        DATE_FORMAT(a.card_issuing_time, '%Y-%m-%d %H:%i:%s') as createTime,
        a.member_level_name,
        a.status,
        a.member_type,
        a.open_id,
        ifnull(b.avl_qty,0) as avlQty
        FROM
        t_member_info a
        left join t_integral_account b on a.member_id = b.member_id
        <if test="request.recentBuyTimeFront!=null and request.recentBuyTimeFront!=''">
            left join t_member_order_search mos on a.member_id = mos.member_id
        </if>
        <where>
            <include refid="memberInfoSearch"/>
            <!--购买记录-->
            <if test="memberSelect != null">
                and a.member_id in (
                select m.member_id
                from t_pos_order m
                <if test="request.days != null or (request.firstStartTime != null and request.firstStartTime !='') or (request.firstEndTime != null and request.firstEndTime !='')">
                    left join t_member_order_search tmos on m.member_id = tmos.member_id
                </if>
                <if test="request.prdBarCodeList != null and request.prdBarCodeList.size>0">
                    left join t_pos_order_item tpoi on m.order_no = tpoi.order_no
                </if>
                <where>
                    (m.member_id !='' and m.member_id is not null)
                    <!--销售信息处理，其中未购买需要单独再处理-->
                    <include refid="memberSalesSearch"/>
                </where>
                <if test="request.prdBarCodeList != null and request.prdBarCodeList.size>0">
                    group by m.order_no
                    <choose>
                        <when test="request.buyPrdType != null and request.buyPrdType == 1">
                            having ifnull(count(DISTINCT tpoi.prd_bar_code),0) &gt;= 1
                        </when>
                        <when test="request.buyPrdType != null and request.buyPrdType == 2">
                            having ifnull(count(DISTINCT tpoi.prd_bar_code),0) = ${request.prdBarCodeListNo.size}
                        </when>
                    </choose>
                </if>
                )
            </if>
        </where>
        order by a.create_time,a.member_id desc
    </select>
</mapper>
