<?xml version="1.0" encoding="UTF-8"?>
<!DOCTYPE mapper PUBLIC "-//mybatis.org//DTD Mapper 3.0//EN" "http://mybatis.org/dtd/mybatis-3-mapper.dtd">
<mapper namespace="com.ruihe.admin.mapper.erp.report.PrdSalesRecordMapper">


    <select id="querySalesRecord" resultType="com.ruihe.admin.response.erp.PrdSalesAndRecordResponse">
        select
        a.order_no orderNo,
        a.member_id memberId,
        a.counter_id counterId,
        a.counter_name counterName,
        a.receipt_no receiptNo,
        a.member_phone memberPhone,
        a.trans_type transType,
        a.order_type orderType,
        a.activity_type activityType,
        a.ba_code baCode,
        a.ba_name baName,
        a.goods_qty goodsQty,
        a.real_amt realAmt,
        a.order_amt orderAmt,
        a.order_chan_name orderChanName,
        a.create_time createTime,
        a.biz_time bizTime
        from t_pos_order a ,t_counter_info b
        <where>
            a.counter_id=b.counter_id
            <if test="request.orderNo !=null and request.orderNo!='' ">
                and a.order_no LIKE CONCAT('%',#{request.orderNo},'%')
            </if>
            <if test="request.startTime !=null">
                and a.biz_time &gt;=#{request.startTime}
            </if>
            <if test="request.endTime !=null">
                and a.biz_time &lt; #{request.endTime}
            </if>
            <if test="request.receiptNo !=null and request.receiptNo !='' ">
                and a.receipt_no LIKE CONCAT('%',#{request.receiptNo},'%')
            </if>
            <if test="request.memberPhone !=null and request.memberPhone !='' ">
                and a.member_phone LIKE CONCAT('%',#{request.memberPhone},'%')
            </if>
            <if test="request.transType !=null">
                and a.trans_type =#{request.transType}
            </if>
            <if test="request.orderType !=null">
                and a.order_type =#{request.orderType}
            </if>
            <if test="request.activityType !=null and request.activityType == 1">
                and a.activity_type in (1,4)
            </if>
            <if test="request.activityType !=null and request.activityType != 1">
                and a.activity_type =#{request.activityType}
            </if>
            <if test="request.promotionId !=null and request.promotionId !=''">
                and a.order_no in (select order_no from t_pos_order_activity where promotion_id
                =#{request.promotionId})
            </if>
            <if test="request.subActivityId !=null and request.subActivityId !=''">
                and a.order_no in (select order_no from t_pos_order_activity where sub_activity_id
                =#{request.subActivityId})
            </if>
            <if test="request.baCode !=null and request.baCode != ''">
                and a.ba_code =#{request.baCode}
            </if>
            <if test="request.baName !=null and request.baName != ''">
                and a.ba_name =#{request.baName}
            </if>
            <if test="queryRequest!=null">
                <if test="queryRequest.counterId!=null and queryRequest.counterId !=''">
                    and a.counter_id = #{queryRequest.counterId}
                </if>
                <if test="queryRequest.counterId==null or queryRequest.counterId ==''">
                    <if test="queryRequest.orgPrincipalCode!=null and queryRequest.orgPrincipalCode !=''">
                        and b.org_master_id = #{queryRequest.orgPrincipalCode}
                    </if>
                    <if test="queryRequest.orgOfficeCode!=null and queryRequest.orgOfficeCode !=''">
                        and b.org_office_id = #{queryRequest.orgOfficeCode}
                    </if>
                    <if test="queryRequest.orgAreaCode!=null and queryRequest.orgAreaCode !=''">
                        and b.org_area_id = #{queryRequest.orgAreaCode}
                    </if>
                    <if test="queryRequest.orgType!=null">
                        and b.counter_type = #{queryRequest.orgType}
                    </if>
                    <if test="queryRequest.orgStatus!=null">
                        and b.is_del = #{queryRequest.orgStatus}
                    </if>
                </if>
            </if>
        </where>
        order by a.biz_time desc
    </select>

    <select id="querySalesRecordCount" resultType="Long">
        select
        count(1)
        from t_pos_order a ,t_counter_info b
        <where>
            a.counter_id=b.counter_id
            <if test="request.orderNo !=null and request.orderNo!='' ">
                and a.order_no LIKE CONCAT('%',#{request.orderNo},'%')
            </if>
            <if test="request.startTime !=null">
                and a.biz_time &gt;=#{request.startTime}
            </if>
            <if test="request.endTime !=null">
                and a.biz_time &lt; #{request.endTime}
            </if>
            <if test="request.receiptNo !=null and request.receiptNo !='' ">
                and a.receipt_no LIKE CONCAT('%',#{request.receiptNo},'%')
            </if>
            <if test="request.memberPhone !=null and request.memberPhone !='' ">
                and a.member_phone LIKE CONCAT('%',#{request.memberPhone},'%')
            </if>
            <if test="request.transType !=null">
                and a.trans_type =#{request.transType}
            </if>
            <if test="request.orderType !=null">
                and a.order_type =#{request.orderType}
            </if>
            <if test="request.activityType !=null">
                and a.activity_type =#{request.activityType}
            </if>
            <if test="request.promotionId !=null and request.promotionId !=''">
                and a.order_no in (select order_no from t_pos_order_activity where promotion_id
                =#{request.promotionId})
            </if>
            <if test="request.subActivityId !=null and request.subActivityId !=''">
                and a.order_no in (select order_no from t_pos_order_activity where activity_id
                =#{request.subActivityId})
            </if>
            <if test="request.baCode !=null and request.baCode != ''">
                and a.ba_code =#{request.baCode}
            </if>
            <if test="queryRequest!=null">
                <if test="queryRequest.counterId!=null and queryRequest.counterId !=''">
                    and a.counter_id = #{queryRequest.counterId}
                </if>
                <if test="queryRequest.counterId==null or queryRequest.counterId ==''">
                    <if test="queryRequest.orgPrincipalCode!=null and queryRequest.orgPrincipalCode !=''">
                        and b.org_master_id = #{queryRequest.orgPrincipalCode}
                    </if>
                    <if test="queryRequest.orgOfficeCode!=null and queryRequest.orgOfficeCode !=''">
                        and b.org_office_id = #{queryRequest.orgOfficeCode}
                    </if>
                    <if test="queryRequest.orgAreaCode!=null and queryRequest.orgAreaCode !=''">
                        and b.org_area_id = #{queryRequest.orgAreaCode}
                    </if>
                    <if test="queryRequest.orgType!=null">
                        and b.counter_type = #{queryRequest.orgType}
                    </if>
                    <if test="queryRequest.orgStatus!=null">
                        and b.is_del = #{queryRequest.orgStatus}
                    </if>
                </if>
            </if>
        </where>
        order by a.biz_time desc
    </select>

    <select id="queryResult" resultType="com.ruihe.admin.response.erp.PrdSalesRecordResultResponse">
        select
        ifnull(COUNT(DISTINCT(member_id)),0) memberQty,
        ifnull(SUM(case when trans_type = 1 then ABS(real_amt) when trans_type = -1 then -ABS(real_amt) end),0) saleAmt,
        ifnull(COUNT(case when trans_type = 1 then ABS(order_no) when trans_type = -1 then ABS(order_no) end),0)
        orderQty,
        ifnull(SUM(case when trans_type = 1 then ABS(goods_qty) when trans_type = -1 then -ABS(goods_qty) end),0)
        saleQty
        from t_pos_order
        <if test="request.startTime != null || request.endTime != null">
            USE INDEX (`idx_biz_time`)
        </if>
        <where>
            <if test="request.orderNo !=null and request.orderNo!='' ">
                and order_no LIKE CONCAT('%',#{request.orderNo},'%')
            </if>
            <if test="request.startTime !=null">
                and biz_time &gt;=#{request.startTime}
            </if>
            <if test="request.endTime !=null">
                and biz_time &lt; #{request.endTime}
            </if>
            <if test="request.receiptNo !=null and request.receiptNo !='' ">
                and receipt_no LIKE CONCAT('%',#{request.receiptNo},'%')
            </if>
            <if test="request.memberPhone !=null and request.memberPhone !='' ">
                and member_phone LIKE CONCAT('%',#{request.memberPhone},'%')
            </if>
            <if test="request.transType !=null">
                and trans_type =#{request.transType}
            </if>
            <if test="request.orderType !=null">
                and order_type =#{request.orderType}
            </if>
            <if test="request.activityType !=null">
                and activity_type =#{request.activityType}
            </if>
            <if test="request.promotionId !=null and request.promotionId !=''">
                and a.order_no in (select order_no from t_pos_order_activity where promotion_id
                =#{request.promotionId})
            </if>
            <if test="request.subActivityId !=null and request.subActivityId !=''">
                and order_no in (select order_no from t_pos_order_activity where activity_id
                =#{request.subActivityId})
            </if>
            <if test="request.baCode !=null and request.baCode != ''">
                and ba_code =#{request.baCode}
            </if>
            <if test="queryRequest!=null">
                and counter_id in(select b.counter_id from t_counter_info b where 1=1
                <if test="queryRequest.counterId!=null and queryRequest.counterId !=''">
                    and b.counter_id = #{queryRequest.counterId}
                </if>
                <if test="queryRequest.counterId==null or queryRequest.counterId ==''">
                    <if test="queryRequest.orgPrincipalCode!=null and queryRequest.orgPrincipalCode !=''">
                        and b.org_master_id = #{queryRequest.orgPrincipalCode}
                    </if>
                    <if test="queryRequest.orgOfficeCode!=null and queryRequest.orgOfficeCode !=''">
                        and b.org_office_id = #{queryRequest.orgOfficeCode}
                    </if>
                    <if test="queryRequest.orgAreaCode!=null and queryRequest.orgAreaCode !=''">
                        and b.org_area_id = #{queryRequest.orgAreaCode}
                    </if>
                    <if test="queryRequest.orgType!=null">
                        and b.counter_type = #{queryRequest.orgType}
                    </if>
                    <if test="queryRequest.orgStatus!=null">
                        and b.is_del = #{queryRequest.orgStatus}
                    </if>
                </if>
                )
            </if>
        </where>
    </select>

    <update id="updateOrderOrg" parameterType="com.ruihe.common.dao.bean.base.CounterInformation">
        UPDATE t_pos_order
        SET
            org_area_name      = #{counterInformation.orgAreaName},
            org_area_code      = #{counterInformation.orgAreaId},
            org_office_name    = #{counterInformation.orgOfficeName},
            org_office_code    = #{counterInformation.orgOfficeId},
            org_principal_name = #{counterInformation.orgMasterName},
            org_principal_code = #{counterInformation.orgMasterId}
        WHERE counter_id = #{counterInformation.counterId}
    </update>

    <update id="updateOrderOpt" parameterType="com.ruihe.common.dao.bean.base.CounterInformation">
        UPDATE t_pos_order
        SET
            counter_opt_mode = #{counterInformation.operationalModel},
            counter_type     = #{counterInformation.counterType}
        WHERE counter_id = #{counterInformation.counterId}
    </update>

    <select id="saleExcelResponseList" resultType="com.ruihe.admin.response.erp.SaleOrderExcelResponse">
        select
        a.order_no orderNo,
        a.member_id memberId,
        a.counter_id counterId,
        a.counter_name counterName,
        a.member_name memberName,
        a.receipt_no receiptNo,
        a.member_phone memberPhone,
        a.order_type,
        a.trans_type,
        a.activity_type activityType,
        a.ba_code baCode,
        a.ba_name baName,
        a.goods_qty goodsQty,
        a.real_amt realAmt,
        a.order_chan_name orderChanName,
        DATE_FORMAT(a.biz_time, '%Y-%m-%d %H:%i:%s') bizTime
        from t_pos_order a ,t_counter_info b
        <where>
            a.counter_id=b.counter_id
            <if test="request.orderNo !=null and request.orderNo!='' ">
                and a.order_no LIKE CONCAT('%',#{request.orderNo},'%')
            </if>
            <if test="request.startTime !=null ">
                and a.biz_time &gt;=#{request.startTime}
            </if>
            <if test="request.endTime !=null ">
                and a.biz_time &lt; #{request.endTime}
            </if>
            <if test="request.receiptNo !=null and request.receiptNo !='' ">
                and a.receipt_no LIKE CONCAT('%',#{request.receiptNo},'%')
            </if>
            <if test="request.memberPhone !=null and request.memberPhone !='' ">
                and a.member_phone LIKE CONCAT('%',#{request.memberPhone},'%')
            </if>
            <if test="request.transType !=null">
                and a.trans_type =#{request.transType}
            </if>
            <if test="request.orderType !=null">
                and a.order_type =#{request.orderType}
            </if>
            <if test="request.activityType !=null and request.activityType == 1">
                and a.activity_type in (1,4)
            </if>
            <if test="request.activityType !=null and request.activityType != 1">
                and a.activity_type =#{request.activityType}
            </if>
            <if test="request.promotionId !=null and request.promotionId !=''">
                and a.promotion_id =#{request.promotionId}
            </if>
            <if test="request.subActivityId !=null and request.subActivityId !=''">
                and a.order_no in (select order_no from t_pos_order_activity where activity_id
                =#{request.subActivityId})
            </if>
            <if test="request.baCode !=null and request.baCode != ''">
                and a.ba_code =#{request.baCode}
            </if>
            <if test="request.baName !=null and request.baName != ''">
                and a.ba_name =#{request.baName}
            </if>
            <if test="queryRequest!=null">
                <if test="queryRequest.counterId!=null and queryRequest.counterId !=''">
                    and a.counter_id = #{queryRequest.counterId}
                </if>
                <if test="queryRequest.counterId==null or queryRequest.counterId ==''">
                    <if test="queryRequest.orgPrincipalCode!=null and queryRequest.orgPrincipalCode !=''">
                        and b.org_master_id = #{queryRequest.orgPrincipalCode}
                    </if>
                    <if test="queryRequest.orgOfficeCode!=null and queryRequest.orgOfficeCode !=''">
                        and b.org_office_id = #{queryRequest.orgOfficeCode}
                    </if>
                    <if test="queryRequest.orgAreaCode!=null and queryRequest.orgAreaCode !=''">
                        and b.org_area_id = #{queryRequest.orgAreaCode}
                    </if>
                    <if test="queryRequest.orgType!=null">
                        and b.counter_type = #{queryRequest.orgType}
                    </if>
                    <if test="queryRequest.orgStatus!=null">
                        and b.is_del = #{queryRequest.orgStatus}
                    </if>
                </if>
            </if>
        </where>
        order by a.biz_time desc
    </select>


    <select id="queryLading" resultType="com.ruihe.admin.response.erp.PosLaingSaleResponse">
        SELECT
        tpo.order_no orderNo,
        tpo.counter_id counterId,
        tpo.counter_name counterName,
        tpo.member_phone memberPhone,
        tpo.member_name memberName,
        tpo.member_id memberId,
        tpo.ba_code baCode,
        tpo.ba_name baName,
        tpo.real_amt realAmt,
        tpo.goods_qty goodsQty,
        IFNULL(lading.sumQty,0) extractQty,
        <!--  tpo.goods_qty - tpo.surplus_qty extractQty,-->
        tpo.surplus_qty surplusQty,
        (case when tpo.trans_type = -1 then goods_qty else 0 end) returnQty,
        tpo.biz_time createTime
        FROM
        t_pos_order tpo
        <if test="request.startTime !=null and request.startTime!='' and  queryRequest.counterId == null or queryRequest.counterId == ''">
            FORCE INDEX ( idx_biz_time )
        </if>
        LEFT JOIN
        (SELECT
        a.order_no,
        sum( CASE WHEN a.`status` = 0 THEN ABS( b.lading_qty ) ELSE -ABS( b.lading_qty ) END ) sumQty ,
        sum( CASE WHEN a.`status` = 0 THEN ABS( b.lading_qty * b.member_price ) ELSE -ABS( b.lading_qty * b.member_price
        ) END ) sumAmt
        FROM
        t_pos_lading_order a,
        t_pos_lading_order_item b
        WHERE a.lading_order_no = b.lading_order_no
        <if test="request.startTime !=null and request.startTime!='' ">
            and a.order_time &gt;=#{request.startTime}
        </if>
        <if test="request.endTime !=null  and request.endTime!='' ">
            and a.order_time &lt; #{request.endTime}
        </if>
        GROUP BY order_no )
        lading ON tpo.order_no = lading.order_no
        LEFT JOIN t_counter_info tci ON tpo.counter_id = tci.counter_id
        <where>
            order_type = 2 AND trans_type = 1
            <if test="request.ladingStatus != null and request.ladingStatus == 3">
                and tpo.order_no in (
                select pre_order_no from t_pos_order as o
                where o.trans_type = -1 and o.order_type = 2
                <if test="request.startTime !=null and request.startTime!='' ">
                    and o.biz_time &gt;=#{request.startTime}
                </if>
                <if test="request.orderNo !=null and request.orderNo!='' ">
                    and o.pre_order_no LIKE CONCAT('%',#{request.orderNo},'%')
                </if>
                <if test="request.memberPhone !=null and request.memberPhone !='' ">
                    and o.member_phone LIKE CONCAT('%',#{request.memberPhone},'%')
                </if>
                )
            </if>
            <if test="request.orderNo !=null and request.orderNo!='' ">
                and tpo.order_no LIKE CONCAT('%',#{request.orderNo},'%')
            </if>
            <if test="request.startTime !=null and request.startTime!=''">
                and tpo.biz_time &gt;=#{request.startTime}
            </if>
            <if test="request.endTime !=null and request.endTime!=''">
                and tpo.biz_time &lt; #{request.endTime}
            </if>
            <if test="request.memberPhone !=null and request.memberPhone !='' ">
                and tpo.member_phone LIKE CONCAT('%',#{request.memberPhone},'%')
            </if>
            <if test="queryRequest!=null">
                <if test="queryRequest.counterId!=null and queryRequest.counterId !=''">
                    and tpo.counter_id = #{queryRequest.counterId}
                </if>
                <if test="queryRequest.counterId==null or queryRequest.counterId ==''">
                    <if test="queryRequest.orgPrincipalCode!=null and queryRequest.orgPrincipalCode !=''">
                        and tci.org_master_id = #{queryRequest.orgPrincipalCode}
                    </if>
                    <if test="queryRequest.orgOfficeCode!=null and queryRequest.orgOfficeCode !=''">
                        and tci.org_office_id = #{queryRequest.orgOfficeCode}
                    </if>
                    <if test="queryRequest.orgAreaCode!=null and queryRequest.orgAreaCode !=''">
                        and tci.org_area_id = #{queryRequest.orgAreaCode}
                    </if>
                    <if test="queryRequest.orgType!=null">
                        and tci.counter_type = #{queryRequest.orgType}
                    </if>
                    <if test="queryRequest.orgStatus!=null">
                        and tci.is_del = #{queryRequest.orgStatus}
                    </if>
                </if>
            </if>
            <if test="request.ladingStatus !=null and  request.ladingStatus == 0">
                and goods_qty = IFNULL(lading.sumQty,0)
            </if>
            <if test="request.ladingStatus !=null and  request.ladingStatus == 1">
                and (surplus_qty > 0 and goods_qty > surplus_qty)
            </if>
            <if test="request.ladingStatus !=null and  request.ladingStatus == 2">
                and goods_qty = surplus_qty
            </if>
        </where>
        order by tpo.biz_time desc
    </select>

    <select id="queryLadingExcel"
            resultType="com.ruihe.common.pojo.response.order.SaleLadingOrderExcelResponse">
        SELECT
        ( CASE WHEN (posOrder.member_name is null or posOrder.member_name = '' ) THEN posOrder.member_phone ELSE '' END
        ) phone,
        ( CASE WHEN (posOrder.member_name is null or posOrder.member_name = '' ) THEN '' ELSE posOrder.member_phone END
        ) memberPhone,
        posOrder.member_name memberName,
        posOrder.order_no orderNo,
        posOrder.counter_id counterId,
        posOrder.counter_name counterName,
        posOrder.counter_id outCounterId,
        posOrder.counter_name outCounterName,
        posOrder.ba_name baName,
        posOrder.ba_code baCode,
        DATE_FORMAT( biz_time, '%Y-%m-%d %H:%i:%s' ) createTime,
        posOrderItem.prd_bar_code prdBarCode,
        posOrderItem.goods_bar_code goodsBarCode,
        posOrderItem.prd_name prdName,
        ( CASE WHEN posOrderItem.is_virtual = 1 THEN posOrderItem.amount ELSE posOrderItem.sale_price END ) salPrice,
        ( CASE WHEN posOrderItem.is_virtual = 0 THEN posOrderItem.pur_qty ELSE 0 END ) qty,
        posOrderItem.amount amt,
        ( CASE
        WHEN posOrderItem.is_virtual = 1 THEN 0
        WHEN tporeturn.order_no is null THEN posOrderItem.pur_qty - posOrderItem.surplus_qty ELSE 0 END ) extractQty,
        ( CASE
        WHEN posOrderItem.is_virtual = 1 THEN 0
        WHEN tporeturn.order_no is not null THEN posOrderItem.pur_qty
        ELSE 0 END ) returnQty,
        ( CASE WHEN tporeturn.order_no is not null THEN posOrderItem.amount ELSE 0 END ) returnAmt,
        ( CASE WHEN posOrderItem.is_virtual = 0 THEN posOrderItem.surplus_qty ELSE 0 END ) surplusQty,
        ( CASE
        WHEN posOrderItem.is_virtual = 0 AND posOrderItem.pur_qty != posOrderItem.surplus_qty THEN DATE_FORMAT(
        posOrderItem.update_time, '%Y-%m-%d %H:%i:%s' )
        ELSE NULL END ) lastTime,
        posOrder.order_amt amount,
        tporeturn.order_no returnNo
        FROM
        t_pos_order posOrder
        LEFT JOIN t_pos_order_item posOrderItem
        ON posOrder.order_no = posOrderItem.order_no
        LEFT JOIN (SELECT tpor.order_no, tpor.pre_order_no FROM t_pos_order tpor
        WHERE
        tpor.order_type = 2
        AND tpor.trans_type = - 1
        <if test="request.startTime !=null and request.startTime!='' ">
            and tpor.biz_time &gt;=#{request.startTime}
        </if>
        ) tporeturn
        ON posOrder.order_no = tporeturn.pre_order_no
        WHERE 1 = 1
        AND posOrder.order_no IN(
        SELECT
        tpo.order_no
        FROM
        t_pos_order tpo
        LEFT JOIN
        (SELECT
        a.order_no,
        sum( CASE WHEN a.`status` = 0 THEN ABS( b.lading_qty ) ELSE ABS( b.lading_qty ) * - 1 END ) sumQty ,
        sum( CASE
        WHEN a.`status` = 0 and (a.member_id = '' or a.member_id is null) THEN ABS( b.lading_qty * b.prd_price )
        WHEN a.`status` = 0 and (a.member_id != '' and a.member_id is not null) THEN ABS( b.lading_qty * b.member_price
        )
        WHEN a.`status` = 1 and (a.member_id = '' or a.member_id is null) THEN ABS( b.lading_qty * b.prd_price) * - 1
        ELSE ABS( b.lading_qty * b.member_price) * - 1 END
        ) sumAmt
        FROM
        t_pos_lading_order a,
        t_pos_lading_order_item b
        WHERE a.lading_order_no = b.lading_order_no
        <if test="request.startTime !=null and request.startTime!='' ">
            and a.order_time &gt;=#{request.startTime}
        </if>
        GROUP BY order_no )
        lading ON tpo.order_no = lading.order_no
        LEFT JOIN t_counter_info tci ON tpo.counter_id = tci.counter_id
        <where>
            order_type = 2
            AND trans_type = 1
            <if test="request.orderNo !=null and request.orderNo!='' ">
                and tpo.order_no LIKE CONCAT('%',#{request.orderNo},'%')
            </if>
            <if test="request.startTime !=null and request.startTime!='' ">
                and tpo.biz_time &gt;=#{request.startTime}
            </if>
            <if test="request.endTime !=null and request.endTime!='' ">
                and tpo.biz_time &lt; #{request.endTime}
            </if>
            <if test="request.memberPhone !=null and request.memberPhone !='' ">
                and tpo.member_phone LIKE CONCAT('%',#{request.memberPhone},'%')
            </if>
            <if test="queryRequest!=null">
                <if test="queryRequest.counterId!=null and queryRequest.counterId !=''">
                    and tpo.counter_id = #{queryRequest.counterId}
                </if>
                <if test="queryRequest.counterId==null or queryRequest.counterId ==''">
                    <if test="queryRequest.orgPrincipalCode!=null and queryRequest.orgPrincipalCode !=''">
                        and tci.org_master_id = #{queryRequest.orgPrincipalCode}
                    </if>
                    <if test="queryRequest.orgOfficeCode!=null and queryRequest.orgOfficeCode !=''">
                        and tci.org_office_id = #{queryRequest.orgOfficeCode}
                    </if>
                    <if test="queryRequest.orgAreaCode!=null and queryRequest.orgAreaCode !=''">
                        and tci.org_area_id = #{queryRequest.orgAreaCode}
                    </if>
                    <if test="queryRequest.orgType!=null">
                        and tci.counter_type = #{queryRequest.orgType}
                    </if>
                    <if test="queryRequest.orgStatus!=null">
                        and tci.is_del = #{queryRequest.orgStatus}
                    </if>
                </if>
            </if>
            <if test="request.ladingStatus !=null and  request.ladingStatus == 0">
                and goods_qty = IFNULL(lading.sumQty,0)
            </if>
            <if test="request.ladingStatus !=null and  request.ladingStatus == 1">
                and (surplus_qty > 0 and goods_qty > surplus_qty)
            </if>
            <if test="request.ladingStatus !=null and  request.ladingStatus == 2">
                and goods_qty = surplus_qty
            </if>
            <if test="request.ladingStatus !=null and  request.ladingStatus == 3">
                and tporeturn.order_no is not null
            </if>
        </where>
        )
        order by posOrder.biz_time desc
    </select>

    <select id="queryLadingExcelOld"
            resultType="com.ruihe.common.pojo.response.order.SaleLadingOrderExcelResponse">
        SELECT
        ( CASE WHEN (tpo.member_name is null or tpo.member_name = '' ) THEN tpo.member_phone ELSE '' END ) phone,
        ( CASE WHEN (tpo.member_name is null or tpo.member_name = '' ) THEN '' ELSE tpo.member_phone END ) memberPhone,
        tpo.member_name memberName,
        tpo.order_no orderNo,
        tpo.counter_id counterId,
        tpo.counter_name counterName,
        lading.counter_id outCounterId,
        lading.counter_name outCounterName,
        tpo.ba_code baCode,
        tpo.ba_name baName,
        DATE_FORMAT( tpo.biz_time, '%Y-%m-%d %H:%i:%s' ) createTime,
        oi.prd_bar_code prdBarCode,
        oi.goods_bar_code goodsBarCode,
        oi.prd_name prdName,
        ( CASE WHEN oi.is_virtual = 1 THEN oi.amount ELSE oi.sale_price END ) salPrice,
        ( CASE WHEN oi.is_virtual = 0 THEN oi.pur_qty ELSE 0 END ) qty,
        oi.amount amt,
        IFNULL(lading.sumQty,0) extractQty,
        <!-- tpo.goods_qty - tpo.surplus_qty extractQty,-->
        ifnull((SELECT b.pur_qty from t_pos_order a,t_pos_order_item b where a.trans_type = -1 and b.prd_bar_code =
        lading.prd_bar_code and a.order_no = b.order_no and a.pre_order_no = tpo.order_no),0) returnQty,
        ifnull((SELECT b.amount from t_pos_order a,t_pos_order_item b where a.trans_type = -1 and b.prd_bar_code =
        lading.prd_bar_code and a.order_no = b.order_no and a.pre_order_no = tpo.order_no),0) returnAmt,
        oi.surplus_qty surplusQty,
        DATE_FORMAT( tpo.last_pick_up_time, '%Y-%m-%d %H:%i:%s' ) lastTime,
        tpo.real_amt amount
        <!--  tpo.pre_order_no as returnNo-->
        FROM
        t_pos_order tpo
        <if test="request.startTime !=null and request.startTime!='' and  queryRequest.counterId == null or queryRequest.counterId == ''">
            FORCE INDEX ( idx_biz_time )
        </if>
        LEFT JOIN t_pos_order_item oi ON oi.order_no = tpo.order_no
        LEFT JOIN t_counter_info tci ON tpo.counter_id = tci.counter_id
        LEFT JOIN
        (SELECT
        a.order_no,
        b.prd_bar_code,
        a.counter_id,
        a.counter_name,
        sum( CASE WHEN a.`status` = 0 THEN ABS( b.lading_qty ) ELSE -ABS( b.lading_qty ) END ) sumQty ,
        sum( CASE WHEN a.`status` = 0 THEN ABS( b.lading_qty * b.member_price ) ELSE -ABS( b.lading_qty * b.member_price
        ) END ) sumAmt
        FROM
        t_pos_lading_order a,
        t_pos_lading_order_item b
        WHERE a.lading_order_no = b.lading_order_no
        <if test="request.startTime !=null and request.startTime!='' ">
            and a.order_time &gt;=#{request.startTime}
        </if>
        <if test="request.endTime !=null and request.endTime!='' ">
            and a.order_time &lt; #{request.endTime}
        </if>
        GROUP BY order_no, b.prd_bar_code
        ) lading ON tpo.order_no = lading.order_no and oi.prd_bar_code = lading.prd_bar_code
        where
        order_type = 2 and tpo.trans_type = 1
        <if test="request.ladingStatus !=null and  request.ladingStatus == 3">
            and tpo.order_no in (
            select pre_order_no from t_pos_order as o
            where o.order_type = 2 and o.trans_type = -1
            <if test="request.orderNo !=null and request.orderNo!='' ">
                and o.pre_order_no LIKE CONCAT('%',#{request.orderNo},'%')
            </if>
            <if test="request.startTime !=null and request.startTime!='' ">
                and o.biz_time &gt;=#{request.startTime}
            </if>
            <if test="request.memberPhone !=null and request.memberPhone !='' ">
                and tpo.member_phone LIKE CONCAT('%',#{request.memberPhone},'%')
            </if>
            )
        </if>
        <if test="request.startTime !=null and request.startTime!='' ">
            and tpo.biz_time &gt;=#{request.startTime}
        </if>
        <if test="request.endTime !=null and request.endTime!='' ">
            and tpo.biz_time &lt; #{request.endTime}
        </if>
        <if test="request.orderNo !=null and request.orderNo!='' ">
            and tpo.order_no LIKE CONCAT('%',#{request.orderNo},'%')
        </if>
        <if test="request.memberPhone !=null and request.memberPhone !='' ">
            and tpo.member_phone LIKE CONCAT('%',#{request.memberPhone},'%')
        </if>
        <if test="queryRequest!=null">
            <if test="queryRequest.counterId!=null and queryRequest.counterId !=''">
                and tpo.counter_id = #{queryRequest.counterId}
            </if>
            <if test="queryRequest.counterId==null or queryRequest.counterId ==''">
                <if test="queryRequest.orgPrincipalCode!=null and queryRequest.orgPrincipalCode !=''">
                    and tci.org_master_id = #{queryRequest.orgPrincipalCode}
                </if>
                <if test="queryRequest.orgOfficeCode!=null and queryRequest.orgOfficeCode !=''">
                    and tci.org_office_id = #{queryRequest.orgOfficeCode}
                </if>
                <if test="queryRequest.orgAreaCode!=null and queryRequest.orgAreaCode !=''">
                    and tci.org_area_id = #{queryRequest.orgAreaCode}
                </if>
                <if test="queryRequest.orgType!=null">
                    and tci.counter_type = #{queryRequest.orgType}
                </if>
                <if test="queryRequest.orgStatus!=null">
                    and tci.is_del = #{queryRequest.orgStatus}
                </if>
            </if>
        </if>
        <if test="request.ladingStatus !=null and  request.ladingStatus == 0">
            and tpo.surplus_qty = 0
        </if>
        <if test="request.ladingStatus !=null and  request.ladingStatus == 1">
            and (tpo.surplus_qty > 0 and goods_qty > tpo.surplus_qty)
        </if>
        <if test="request.ladingStatus !=null and  request.ladingStatus == 2">
            and goods_qty = tpo.surplus_qty
        </if>
        order by tpo.biz_time desc
    </select>

    <select id="queryLadingCount" resultType="Long">
        SELECT
        count(*)
        FROM
        t_pos_order tpo
        LEFT JOIN t_pos_order_item oi ON oi.order_no = tpo.order_no
        LEFT JOIN t_counter_info tci ON tpo.counter_id = tci.counter_id
        <!--        LEFT JOIN-->
        <!--        (SELECT-->
        <!--        a.order_no,-->
        <!--        b.prd_bar_code,-->
        <!--        a.counter_id,-->
        <!--        a.counter_name,-->
        <!--        sum( CASE WHEN a.`status` = 0 THEN ABS( b.lading_qty ) ELSE -ABS( b.lading_qty ) END ) sumQty ,-->
        <!--        sum( CASE WHEN a.`status` = 0 THEN ABS( b.lading_qty * b.member_price ) ELSE -ABS( b.lading_qty * b.member_price ) END ) sumAmt-->
        <!--        FROM-->
        <!--        t_pos_lading_order a,-->
        <!--        t_pos_lading_order_item b-->
        <!--        WHERE a.lading_order_no = b.lading_order_no-->
        <!--        <if test="request.startTime !=null and request.startTime!='' ">-->
        <!--            and a.order_time &gt;=#{request.startTime}-->
        <!--        </if>-->
        <!--        <if test="request.endTime !=null and request.endTime!='' ">-->
        <!--            and a.order_time &lt; DATE_ADD(#{request.endTime}, INTERVAL 1 day)-->
        <!--        </if>-->
        <!--        GROUP BY order_no, b.prd_bar_code-->
        <!--        ) lading ON tpo.order_no = lading.order_no and oi.prd_bar_code = lading.prd_bar_code-->
        where
        order_type = 2 and tpo.trans_type = 1
        <!--        <if test="request.ladingStatus !=null and  request.ladingStatus == 3">-->
        <!--            and tpo.order_no in (-->
        <!--            select pre_order_no from t_pos_order as o-->
        <!--            where  o.order_type = 2  and o.trans_type = -1-->
        <!--            <if test="request.orderNo !=null and request.orderNo!='' ">-->
        <!--                and o.pre_order_no LIKE CONCAT('%',#{request.orderNo},'%')-->
        <!--            </if>-->
        <!--            <if test="request.memberPhone !=null and request.memberPhone !='' ">-->
        <!--                and tpo.member_phone LIKE CONCAT('%',#{request.memberPhone},'%')-->
        <!--            </if>-->
        <!--            <if test="queryRequest!=null">-->
        <!--                <if test="queryRequest.counterId!=null and queryRequest.counterId !=''">-->
        <!--                    and tpo.counter_id = #{queryRequest.counterId}-->
        <!--                </if>-->
        <!--                <if test="queryRequest.counterId==null or queryRequest.counterId ==''">-->
        <!--                    <if test="queryRequest.orgPrincipalCode!=null and queryRequest.orgPrincipalCode !=''">-->
        <!--                        and tci.org_master_id = #{queryRequest.orgPrincipalCode}-->
        <!--                    </if>-->
        <!--                    <if test="queryRequest.orgOfficeCode!=null and queryRequest.orgOfficeCode !=''">-->
        <!--                        and tci.org_office_id = #{queryRequest.orgOfficeCode}-->
        <!--                    </if>-->
        <!--                    <if test="queryRequest.orgAreaCode!=null and queryRequest.orgAreaCode !=''">-->
        <!--                        and tci.org_area_id = #{queryRequest.orgAreaCode}-->
        <!--                    </if>-->
        <!--                    <if test="queryRequest.orgType!=null">-->
        <!--                        and tci.counter_type = #{queryRequest.orgType}-->
        <!--                    </if>-->
        <!--                    <if test="queryRequest.orgStatus!=null">-->
        <!--                        and tci.is_del = #{queryRequest.orgStatus}-->
        <!--                    </if>-->
        <!--                </if>-->
        <!--            </if>-->
        <!--            <if test="request.ladingStatus !=null and  request.ladingStatus == 0">-->
        <!--                and goods_qty = IFNULL(lading.sumQty,0)-->
        <!--            </if>-->
        <!--            )-->
        <!--        </if>-->
        <if test="request.startTime !=null and request.startTime!='' ">
            and tpo.biz_time &gt;=#{request.startTime}
        </if>
        <if test="request.endTime !=null and request.endTime!='' ">
            and tpo.biz_time &lt; #{request.endTime}
        </if>
        <if test="request.orderNo !=null and request.orderNo!='' ">
            and tpo.order_no LIKE CONCAT('%',#{request.orderNo},'%')
        </if>
        <if test="request.memberPhone !=null and request.memberPhone !='' ">
            and tpo.member_phone LIKE CONCAT('%',#{request.memberPhone},'%')
        </if>
        <if test="queryRequest!=null">
            <if test="queryRequest.counterId!=null and queryRequest.counterId !=''">
                and tpo.counter_id = #{queryRequest.counterId}
            </if>
            <if test="queryRequest.counterId==null or queryRequest.counterId ==''">
                <if test="queryRequest.orgPrincipalCode!=null and queryRequest.orgPrincipalCode !=''">
                    and tci.org_master_id = #{queryRequest.orgPrincipalCode}
                </if>
                <if test="queryRequest.orgOfficeCode!=null and queryRequest.orgOfficeCode !=''">
                    and tci.org_office_id = #{queryRequest.orgOfficeCode}
                </if>
                <if test="queryRequest.orgAreaCode!=null and queryRequest.orgAreaCode !=''">
                    and tci.org_area_id = #{queryRequest.orgAreaCode}
                </if>
                <if test="queryRequest.orgType!=null">
                    and tci.counter_type = #{queryRequest.orgType}
                </if>
                <if test="queryRequest.orgStatus!=null">
                    and tci.is_del = #{queryRequest.orgStatus}
                </if>
            </if>
        </if>
        <if test="request.ladingStatus !=null and  request.ladingStatus == 0">
            and tpo.surplus_qty = 0
        </if>
        <if test="request.ladingStatus !=null and  request.ladingStatus == 1">
            and (tpo.surplus_qty > 0 and goods_qty > tpo.surplus_qty)
        </if>
        <if test="request.ladingStatus !=null and  request.ladingStatus == 2">
            and goods_qty = tpo.surplus_qty
        </if>
    </select>

    <select id="queryLadingResult" resultType="com.ruihe.admin.response.erp.PosLaingResultResponse">
        SELECT
        IFNULL( sum(ABS( tpo.real_amt )), 0 ) saleAmt,
        IFNULL( sum(ABS( tpo.goods_qty )), 0 ) saleQty,
        IFNULL( sum(IFNULL(lading.sumQty,0) ), 0 ) extractQty,
        <!--        IFNULL( sum(case when tpo.order_no=( SELECT pre_order_no from t_pos_order a where a.pre_order_no = tpo.order_no and a.trans_type=-1) then tpo.real_amt else 0 END), 0 ) returnAmt,-->
        <!--        IFNULL( sum(case when tpo.order_no=( SELECT pre_order_no from t_pos_order a where a.pre_order_no = tpo.order_no and a.trans_type=-1) then tpo.goods_qty else 0 END), 0 ) returnQty,-->
        IFNULL( sum( ABS( tpo.surplus_qty )), 0 ) surplusQty
        FROM
        t_pos_order tpo
        <if test="request.startTime !=null and request.startTime!='' and  queryRequest.counterId == null or queryRequest.counterId == ''">
            FORCE INDEX ( idx_biz_time )
        </if>
        LEFT JOIN t_counter_info tci ON tpo.counter_id = tci.counter_id
        LEFT JOIN
        (SELECT
        a.order_no,
        sum( CASE WHEN a.`status` = 0 THEN ABS( b.lading_qty ) ELSE ABS( b.lading_qty ) * - 1 END ) sumQty ,
        sum( CASE
        WHEN a.`status` = 0 and (a.member_id = '' or a.member_id is null) THEN ABS( b.lading_qty * b.prd_price )
        WHEN a.`status` = 0 and (a.member_id != '' and a.member_id is not null) THEN ABS( b.lading_qty * b.member_price
        )
        WHEN a.`status` = 1 and (a.member_id = '' or a.member_id is null) THEN ABS( b.lading_qty * b.prd_price) * - 1
        ELSE ABS( b.lading_qty * b.member_price) * - 1 END
        ) sumAmt
        FROM
        t_pos_lading_order a,
        t_pos_lading_order_item b
        WHERE a.lading_order_no = b.lading_order_no
        <if test="request.startTime !=null and request.startTime!='' ">
            and a.order_time &gt;=#{request.startTime}
        </if>
        GROUP BY order_no )
        lading ON tpo.order_no = lading.order_no
        <where>
            tpo.order_type = 2 and tpo.trans_type = 1
            <if test="request.orderNo !=null and request.orderNo!='' ">
                and tpo.order_no LIKE CONCAT('%',#{request.orderNo},'%')
            </if>
            <if test="request.startTime !=null and request.startTime!='' ">
                and tpo.biz_time &gt;=#{request.startTime}
            </if>
            <if test="request.endTime !=null and request.endTime!='' ">
                and tpo.biz_time &lt; #{request.endTime}
            </if>
            <if test="request.memberPhone !=null and request.memberPhone !='' ">
                and tpo.member_phone LIKE CONCAT('%',#{request.memberPhone},'%')
            </if>
            <if test="queryRequest!=null">
                <if test="queryRequest.counterId!=null and queryRequest.counterId !=''">
                    and tpo.counter_id = #{queryRequest.counterId}
                </if>
                <if test="queryRequest.counterId==null or queryRequest.counterId ==''">
                    <if test="queryRequest.orgPrincipalCode!=null and queryRequest.orgPrincipalCode !=''">
                        and tci.org_master_id = #{queryRequest.orgPrincipalCode}
                    </if>
                    <if test="queryRequest.orgOfficeCode!=null and queryRequest.orgOfficeCode !=''">
                        and tci.org_office_id = #{queryRequest.orgOfficeCode}
                    </if>
                    <if test="queryRequest.orgAreaCode!=null and queryRequest.orgAreaCode !=''">
                        and tci.org_area_id = #{queryRequest.orgAreaCode}
                    </if>
                    <if test="queryRequest.orgType!=null">
                        and tci.counter_type = #{queryRequest.orgType}
                    </if>
                    <if test="queryRequest.orgStatus!=null">
                        and tci.is_del = #{queryRequest.orgStatus}
                    </if>
                </if>
            </if>
            <if test="request.ladingStatus !=null and  request.ladingStatus == 0">
                and goods_qty = IFNULL(lading.sumQty,0)
            </if>
            <if test="request.ladingStatus !=null and  request.ladingStatus == 1">
                and (surplus_qty > 0 and goods_qty > surplus_qty)
            </if>
            <if test="request.ladingStatus !=null and  request.ladingStatus == 2">
                and goods_qty = surplus_qty
            </if>
            <if test="request.ladingStatus != null and request.ladingStatus == 3">
                and tpo.order_no in (
                select pre_order_no from t_pos_order as o
                where o.trans_type = -1 and o.order_type = 2
                <if test="request.startTime !=null and request.startTime!='' ">
                    and o.biz_time &gt;=#{request.startTime}
                </if>
                <if test="request.orderNo !=null and request.orderNo!='' ">
                    and o.pre_order_no LIKE CONCAT('%',#{request.orderNo},'%')
                </if>
                <if test="request.memberPhone !=null and request.memberPhone !='' ">
                    and o.member_phone LIKE CONCAT('%',#{request.memberPhone},'%')
                </if>
                )
            </if>
        </where>
    </select>

    <select id="queryReturnLadingResult" resultType="com.ruihe.admin.response.erp.PosLaingResultResponse">
        SELECT
        IFNULL( sum(tpo.real_amt ), 0 ) returnAmt,
        IFNULL( sum(tpo.goods_qty), 0 ) returnQty
        FROM
        t_pos_order tpo
        <if test="request.startTime !=null and request.startTime!='' and  queryRequest.counterId == null or queryRequest.counterId == ''">
            FORCE INDEX ( idx_biz_time )
        </if>
        LEFT JOIN t_counter_info tci ON tpo.counter_id = tci.counter_id
        LEFT JOIN
        (SELECT
        a.order_no,
        sum( CASE WHEN a.`status` = 0 THEN ABS( b.lading_qty ) ELSE ABS( b.lading_qty ) * - 1 END ) sumQty ,
        sum( CASE
        WHEN a.`status` = 0 and (a.member_id = '' or a.member_id is null) THEN ABS( b.lading_qty * b.prd_price )
        WHEN a.`status` = 0 and (a.member_id != '' and a.member_id is not null) THEN ABS( b.lading_qty * b.member_price
        )
        WHEN a.`status` = 1 and (a.member_id = '' or a.member_id is null) THEN ABS( b.lading_qty * b.prd_price) * - 1
        ELSE ABS( b.lading_qty * b.member_price) * - 1 END
        ) sumAmt
        FROM
        t_pos_lading_order a,
        t_pos_lading_order_item b
        WHERE a.lading_order_no = b.lading_order_no
        <if test="request.startTime !=null and request.startTime!='' ">
            and a.order_time &gt;=#{request.startTime}
        </if>
        GROUP BY order_no )
        lading ON tpo.order_no = lading.order_no
        <where>
            tpo.order_type = 2 and tpo.trans_type = 1
            and tpo.order_no in (
            select pre_order_no from t_pos_order as o
            where o.order_type = 2 and o.trans_type = -1
            <if test="request.orderNo !=null and request.orderNo!='' ">
                and o.pre_order_no LIKE CONCAT('%',#{request.orderNo},'%')
            </if>
            <if test="request.startTime !=null and request.startTime!='' ">
                and o.biz_time &gt;=#{request.startTime}
            </if>
            <if test="request.memberPhone !=null and request.memberPhone !='' ">
                and tpo.member_phone LIKE CONCAT('%',#{request.memberPhone},'%')
            </if>
            )
            <if test="request.orderNo !=null and request.orderNo!='' ">
                and tpo.order_no LIKE CONCAT('%',#{request.orderNo},'%')
            </if>
            <if test="request.startTime !=null and request.startTime!='' ">
                and tpo.biz_time &gt;=#{request.startTime}
            </if>
            <if test="request.endTime !=null and request.endTime!='' ">
                and tpo.biz_time &lt; #{request.endTime}
            </if>
            <if test="request.memberPhone !=null and request.memberPhone !='' ">
                and tpo.member_phone LIKE CONCAT('%',#{request.memberPhone},'%')
            </if>
            <if test="queryRequest!=null">
                <if test="queryRequest.counterId!=null and queryRequest.counterId !=''">
                    and tpo.counter_id = #{queryRequest.counterId}
                </if>
                <if test="queryRequest.counterId==null or queryRequest.counterId ==''">
                    <if test="queryRequest.orgPrincipalCode!=null and queryRequest.orgPrincipalCode !=''">
                        and tci.org_master_id = #{queryRequest.orgPrincipalCode}
                    </if>
                    <if test="queryRequest.orgOfficeCode!=null and queryRequest.orgOfficeCode !=''">
                        and tci.org_office_id = #{queryRequest.orgOfficeCode}
                    </if>
                    <if test="queryRequest.orgAreaCode!=null and queryRequest.orgAreaCode !=''">
                        and tci.org_area_id = #{queryRequest.orgAreaCode}
                    </if>
                    <if test="queryRequest.orgType!=null">
                        and tci.counter_type = #{queryRequest.orgType}
                    </if>
                    <if test="queryRequest.orgStatus!=null">
                        and tci.is_del = #{queryRequest.orgStatus}
                    </if>
                </if>
            </if>
            <if test="request.ladingStatus !=null and  request.ladingStatus == 0">
                and goods_qty = IFNULL(lading.sumQty,0)
            </if>
            <if test="request.ladingStatus !=null and  request.ladingStatus == 1">
                and (surplus_qty > 0 and goods_qty > surplus_qty)
            </if>
            <if test="request.ladingStatus !=null and  request.ladingStatus == 2">
                and goods_qty = surplus_qty
            </if>
        </where>
    </select>

    <select id="selectLadingItemList" resultType="com.ruihe.admin.response.erp.PosLaingitemExtractListResponse">
        SELECT
            b.prd_bar_code                                                                           prdBarCode,
            b.prd_name                                                                               prdName,
            b.goods_bar_code                                                                         goodsBarCode,
            (CASE WHEN a.`status` = 1 THEN - b.lading_qty WHEN a.`status` = 0 THEN b.lading_qty END) extractQty,
            (CASE
                 WHEN a.`status` = 1 THEN - (b.lading_qty * b.member_price)
                 WHEN a.`status` = 0 THEN b.lading_qty *
                                          b.member_price END)                                        amt,
            b.lading_order_no                                                                        ladingOrderNo,
            a.create_time                                                                            extractTime,
            a.counter_id                                                                             counterId,
            a.counter_name                                                                           counterName,
            a.ba_code                                                                                baCode,
            a.ba_name                                                                                baName
        FROM
            t_pos_lading_order a,
            t_pos_lading_order_item b
        WHERE
            a.lading_order_no = b.lading_order_no
          AND a.order_no = #{orderNo}
    </select>
</mapper>