<?xml version="1.0" encoding="UTF-8"?>
<!DOCTYPE mapper PUBLIC "-//mybatis.org//DTD Mapper 3.0//EN" "http://mybatis.org/dtd/mybatis-3-mapper.dtd">
<mapper namespace="com.ruihe.admin.mapper.erp.document.WhEnterMapper">

    <select id="queryEnterNo" resultType="com.ruihe.admin.response.erp.WhEnterQueryResponse">
        select
        a.enter_no enterNo,
        a.counter_id counterId,
        a.counter_name counterName,
        a.delivery_qty deliveryQty,
        a.delivery_no deliveryNo,
        a.status status,
        a.create_time createTime
        from t_wh_enter a ,t_counter_info b
        <where>
            a.counter_id = b.counter_id
            <if test="request.deliveryNo!=null and request.deliveryNo!='' ">
                and a.delivery_no LIKE CONCAT('%',#{request.deliveryNo},'%')
            </if>
            <if test="request.startTime!=null ">
                and a.create_time &gt;=#{request.startTime}
            </if>
            <if test="request.endTime!=null ">
                and a.create_time &lt;=#{request.endTime}
            </if>
            <if test="request.status!=null">
                and a.status =#{request.status}
            </if>
            <if test="queryRequest!=null">
                <if test="queryRequest.counterId!=null and queryRequest.counterId !=''">
                    and a.counter_id = #{queryRequest.counterId}
                </if>
                <if test="queryRequest.counterId==null or queryRequest.counterId ==''">
                    <if test="queryRequest.orgPrincipalCode!=null and queryRequest.orgPrincipalCode !=''">
                        and b.org_master_id = #{queryRequest.orgPrincipalCode}
                    </if>
                    <if test="queryRequest.orgOfficeCode!=null and queryRequest.orgOfficeCode !=''">
                        and b.org_office_id = #{queryRequest.orgOfficeCode}
                    </if>
                    <if test="queryRequest.orgAreaCode!=null and queryRequest.orgAreaCode !=''">
                        and b.org_area_id = #{queryRequest.orgAreaCode}
                    </if>
                    <if test="queryRequest.orgType!=null">
                        and b.counter_type = #{queryRequest.orgType}
                    </if>
                    <if test="queryRequest.orgStatus!=null">
                        and b.is_del = #{queryRequest.orgStatus}
                    </if>
                </if>
            </if>
            order by a.create_time desc
        </where>
    </select>


    <select id="queryResult" resultType="com.ruihe.admin.response.erp.WhEnterResultResponse">
        select
        sum(a.real_qty) qty,
        sum(a.real_amt) amt
        from t_wh_enter a ,t_counter_info b
        <where>
            a.counter_id = b.counter_id
            <if test="request.deliveryNo!=null and request.deliveryNo!='' ">
                and a.delivery_no LIKE CONCAT('%',#{request.deliveryNo},'%')
            </if>
            <if test="request.startTime!=null ">
                and a.create_time &gt;=#{request.startTime}
            </if>
            <if test="request.endTime!=null ">
                and a.create_time &lt;=#{request.endTime}
            </if>
            <if test="request.status!=null">
                and a.status =#{request.status}
            </if>
            <if test="queryRequest!=null">
                <if test="queryRequest.counterId!=null and queryRequest.counterId !=''">
                    and a.counter_id = #{queryRequest.counterId}
                </if>
                <if test="queryRequest.counterId==null or queryRequest.counterId ==''">
                    <if test="queryRequest.orgPrincipalCode!=null and queryRequest.orgPrincipalCode !=''">
                        and b.org_master_id = #{queryRequest.orgPrincipalCode}
                    </if>
                    <if test="queryRequest.orgOfficeCode!=null and queryRequest.orgOfficeCode !=''">
                        and b.org_office_id = #{queryRequest.orgOfficeCode}
                    </if>
                    <if test="queryRequest.orgAreaCode!=null and queryRequest.orgAreaCode !=''">
                        and b.org_area_id = #{queryRequest.orgAreaCode}
                    </if>
                    <if test="queryRequest.orgType!=null">
                        and b.counter_type = #{queryRequest.orgType}
                    </if>
                    <if test="queryRequest.orgStatus!=null">
                        and b.is_del = #{queryRequest.orgStatus}
                    </if>
                </if>
            </if>
        </where>
    </select>

    <select id="queryEnterExcel" resultType="com.ruihe.common.pojo.response.stock.DispatchExcelResponse">
        select
        a.delivery_no enterNo,
        '(HZYJ)杭州原极' outCounterId,
        '杭州原极' outCounterName,
        a.counter_id inCounterId,
        a.counter_name inCounterName,
        a.real_qty qty,
        DATE( a.create_time ) enterTime,
        ELT( FIELD( a.`status`, '1', '2' ), '已发货', '已收货' ) dealStatus,
        '' correlationNo,
        '' importBatch,
        '(IVT0001)大仓默认仓库' outWarehouse,
        '(DF00)默认逻辑仓库' logicWarehouse,
        a.real_amt amount,
        '审核通过' auditStatus,
        'DEALER' operator,
        'DEALER' auditor,
        '' reason,
        '' excuse
        from t_wh_enter a ,t_counter_info b
        <where>
            a.counter_id = b.counter_id
            <if test="request.deliveryNo!=null and request.deliveryNo!='' ">
                and a.delivery_no LIKE CONCAT('%',#{request.deliveryNo},'%')
            </if>
            <if test="request.startTime!=null ">
                and a.create_time &gt;=#{request.startTime}
            </if>
            <if test="request.endTime!=null ">
                and a.create_time &lt;=#{request.endTime}
            </if>
            <if test="request.status!=null">
                and a.status =#{request.status}
            </if>
            <if test="queryRequest!=null">
                <if test="queryRequest.counterId!=null and queryRequest.counterId !=''">
                    and a.counter_id = #{queryRequest.counterId}
                </if>
                <if test="queryRequest.counterId==null or queryRequest.counterId ==''">
                    <if test="queryRequest.orgPrincipalCode!=null and queryRequest.orgPrincipalCode !=''">
                        and b.org_master_id = #{queryRequest.orgPrincipalCode}
                    </if>
                    <if test="queryRequest.orgOfficeCode!=null and queryRequest.orgOfficeCode !=''">
                        and b.org_office_id = #{queryRequest.orgOfficeCode}
                    </if>
                    <if test="queryRequest.orgAreaCode!=null and queryRequest.orgAreaCode !=''">
                        and b.org_area_id = #{queryRequest.orgAreaCode}
                    </if>
                    <if test="queryRequest.orgType!=null">
                        and b.counter_type = #{queryRequest.orgType}
                    </if>
                    <if test="queryRequest.orgStatus!=null">
                        and b.is_del = #{queryRequest.orgStatus}
                    </if>
                </if>
            </if>
        </where>
        order by a.create_time desc
    </select>

    <select id="queryEnterItemExcel" resultType="com.ruihe.common.pojo.response.stock.DispatchItemExcelResponse">
        select
        b.org_area_name region,
        b.large_area_name area,
        b.province_name province,
        b.city_name city,
        a.delivery_no enterNo,
        '' importBatch,
        'DEALER' operator,
        'HZYJ' outCounterId,
        '杭州原极' outCounterName,
        a.counter_id inCounterId,
        a.counter_name inCounterName,
        'DF00' logicWarehouseId,
        '默认逻辑仓库' logicWarehouseName,
        c.prd_bar_code prdBarCode,
        c.goods_bar_code goodsBarCode,
        c.prd_name prdName,
        c.real_qty qty,
        c.member_price price,
        c.real_amt amount,
        ELT( FIELD( a.`status`, '1', '2' ), '已发货', '已收货' ) dealStatus,
        'DEALER' auditor,
        DATE( c.create_time ) enterTime,
        '' reason,
        '' excuse,
        '' remark
        from t_wh_enter a ,t_counter_info b , t_wh_enter_item c
        <where>
            a.counter_id = b.counter_id
            AND a.enter_no = c.enter_no
            <if test="request.deliveryNo!=null and request.deliveryNo!='' ">
                and a.delivery_no LIKE CONCAT('%',#{request.deliveryNo},'%')
            </if>
            <if test="request.startTime!=null ">
                and a.create_time &gt;=#{request.startTime}
            </if>
            <if test="request.endTime!=null ">
                and a.create_time &lt;=#{request.endTime}
            </if>
            <if test="request.status!=null">
                and a.status =#{request.status}
            </if>
            <if test="queryRequest!=null">
                <if test="queryRequest.counterId!=null and queryRequest.counterId !=''">
                    and a.counter_id = #{queryRequest.counterId}
                </if>
                <if test="queryRequest.counterId==null or queryRequest.counterId ==''">
                    <if test="queryRequest.orgPrincipalCode!=null and queryRequest.orgPrincipalCode !=''">
                        and b.org_master_id = #{queryRequest.orgPrincipalCode}
                    </if>
                    <if test="queryRequest.orgOfficeCode!=null and queryRequest.orgOfficeCode !=''">
                        and b.org_office_id = #{queryRequest.orgOfficeCode}
                    </if>
                    <if test="queryRequest.orgAreaCode!=null and queryRequest.orgAreaCode !=''">
                        and b.org_area_id = #{queryRequest.orgAreaCode}
                    </if>
                    <if test="queryRequest.orgType!=null">
                        and b.counter_type = #{queryRequest.orgType}
                    </if>
                    <if test="queryRequest.orgStatus!=null">
                        and b.is_del = #{queryRequest.orgStatus}
                    </if>
                </if>
            </if>
        </where>
        order by c.create_time desc
    </select>

    <select id="queryEnterCount" resultType="java.lang.Long">
        select
        count(0)
        from t_wh_enter a ,t_counter_info b
        <where>
            a.counter_id = b.counter_id
            <if test="request.deliveryNo!=null and request.deliveryNo!='' ">
                and a.delivery_no LIKE CONCAT('%',#{request.deliveryNo},'%')
            </if>
            <if test="request.startTime!=null ">
                and a.create_time &gt;=#{request.startTime}
            </if>
            <if test="request.endTime!=null ">
                and a.create_time &lt;=#{request.endTime}
            </if>
            <if test="request.status!=null">
                and a.status =#{request.status}
            </if>
            <if test="queryRequest!=null">
                <if test="queryRequest.counterId!=null and queryRequest.counterId !=''">
                    and a.counter_id = #{queryRequest.counterId}
                </if>
                <if test="queryRequest.counterId==null or queryRequest.counterId ==''">
                    <if test="queryRequest.orgPrincipalCode!=null and queryRequest.orgPrincipalCode !=''">
                        and b.org_master_id = #{queryRequest.orgPrincipalCode}
                    </if>
                    <if test="queryRequest.orgOfficeCode!=null and queryRequest.orgOfficeCode !=''">
                        and b.org_office_id = #{queryRequest.orgOfficeCode}
                    </if>
                    <if test="queryRequest.orgAreaCode!=null and queryRequest.orgAreaCode !=''">
                        and b.org_area_id = #{queryRequest.orgAreaCode}
                    </if>
                    <if test="queryRequest.orgType!=null">
                        and b.counter_type = #{queryRequest.orgType}
                    </if>
                    <if test="queryRequest.orgStatus!=null">
                        and b.is_del = #{queryRequest.orgStatus}
                    </if>
                </if>
            </if>
        </where>
    </select>

    <select id="queryEnterItemCount" resultType="java.lang.Long">
        select
        count(0)
        from t_wh_enter a ,t_counter_info b , t_wh_enter_item c
        <where>
            a.counter_id = b.counter_id
            AND a.enter_no = c.enter_no
            <if test="request.deliveryNo!=null and request.deliveryNo!='' ">
                and a.delivery_no LIKE CONCAT('%',#{request.deliveryNo},'%')
            </if>
            <if test="request.startTime!=null ">
                and a.create_time &gt;=#{request.startTime}
            </if>
            <if test="request.endTime!=null ">
                and a.create_time &lt;=#{request.endTime}
            </if>
            <if test="request.status!=null">
                and a.status =#{request.status}
            </if>
            <if test="queryRequest!=null">
                <if test="queryRequest.counterId!=null and queryRequest.counterId !=''">
                    and a.counter_id = #{queryRequest.counterId}
                </if>
                <if test="queryRequest.counterId==null or queryRequest.counterId ==''">
                    <if test="queryRequest.orgPrincipalCode!=null and queryRequest.orgPrincipalCode !=''">
                        and b.org_master_id = #{queryRequest.orgPrincipalCode}
                    </if>
                    <if test="queryRequest.orgOfficeCode!=null and queryRequest.orgOfficeCode !=''">
                        and b.org_office_id = #{queryRequest.orgOfficeCode}
                    </if>
                    <if test="queryRequest.orgAreaCode!=null and queryRequest.orgAreaCode !=''">
                        and b.org_area_id = #{queryRequest.orgAreaCode}
                    </if>
                    <if test="queryRequest.orgType!=null">
                        and b.counter_type = #{queryRequest.orgType}
                    </if>
                    <if test="queryRequest.orgStatus!=null">
                        and b.is_del = #{queryRequest.orgStatus}
                    </if>
                </if>
            </if>
        </where>
    </select>
</mapper>