<?xml version="1.0" encoding="UTF-8"?>
<!DOCTYPE mapper PUBLIC "-//mybatis.org//DTD Mapper 3.0//EN" "http://mybatis.org/dtd/mybatis-3-mapper.dtd">
<mapper namespace="com.ruihe.admin.mapper.erp.document.WhFreeInventoryMapper">

    <!-- 通用查询映射结果 -->
    <resultMap id="BaseResultMap" type="com.ruihe.common.dao.bean.warehouse.WhFreeInventoryPo">
        <id column="apply_no" property="applyNo"/>
        <result column="inv_no" property="invNo"/>
        <result column="counter_id" property="counterId"/>
        <result column="counter_name" property="counterName"/>
        <result column="inv_rsn" property="invRsn"/>
        <result column="status" property="status"/>
        <result column="real_qty" property="realQty"/>
        <result column="diff_qty" property="diffQty"/>
        <result column="diff_amt" property="diffAmt"/>
        <result column="ba_code" property="baCode"/>
        <result column="ba_name" property="baName"/>
        <result column="audit_code" property="auditCode"/>
        <result column="audit_name" property="auditName"/>
        <result column="create_time" property="createTime"/>
        <result column="update_time" property="updateTime"/>
    </resultMap>

    <!-- 通用查询结果列 -->
    <sql id="Base_Column_List">
        apply_no
        ,
        inv_no,
        counter_id,
        counter_name,
        inv_rsn,
        status,
        real_qty,
        diff_qty,
        diff_amt,
        ba_code,
        ba_name,
        audit_code,
        audit_name,
        create_time,
        update_time
    </sql>

    <select id="applyList" resultType="com.ruihe.admin.response.erp.WhFreeInventoryApplyResponse">
        select
        a.apply_no as applyNo,
        a.inv_no as invNo,
        a.counter_id as counterId,
        a.counter_name as counterName,
        a.inv_rsn as invRsn,
        a.status as status,
        a.real_qty as realQty,
        a.diff_qty as diffQty,
        a.diff_amt as diffAmt,
        a.ba_code as baCode,
        a.ba_name as baName,
        b.operational_model as operationalModel,
        a.create_time as createTime
        from t_wh_free_inventory a ,t_counter_info b
        where a.counter_id = b.counter_id and a.status !=0
        <if test="request.applyNo!=null and request.applyNo!='' ">
            and a.apply_no LIKE CONCAT('%',#{request.applyNo},'%')
        </if>
        <if test="request.startTime!=null ">
            and a.create_time &gt;=#{request.startTime}
        </if>
        <if test="request.endTime!=null ">
            and a.create_time &lt;=#{request.endTime}
        </if>
        <if test="request.status!=null">
            and a.status =#{request.status}
        </if>
        <if test="queryRequest!=null">
            <if test="queryRequest.counterId!=null and queryRequest.counterId !=''">
                and a.counter_id = #{queryRequest.counterId}
            </if>
            <if test="queryRequest.counterId==null or queryRequest.counterId ==''">
                <if test="queryRequest.orgPrincipalCode!=null and queryRequest.orgPrincipalCode !=''">
                    and b.org_master_id = #{queryRequest.orgPrincipalCode}
                </if>
                <if test="queryRequest.orgOfficeCode!=null and queryRequest.orgOfficeCode !=''">
                    and b.org_office_id = #{queryRequest.orgOfficeCode}
                </if>
                <if test="queryRequest.orgAreaCode!=null and queryRequest.orgAreaCode !=''">
                    and b.org_area_id = #{queryRequest.orgAreaCode}
                </if>
                <if test="queryRequest.orgType!=null">
                    and b.counter_type = #{queryRequest.orgType}
                </if>
                <if test="queryRequest.orgStatus!=null">
                    and b.is_del = #{queryRequest.orgStatus}
                </if>
            </if>
        </if>
        order by a.create_time desc
    </select>

    <select id="applyListResult" resultType="com.ruihe.admin.response.erp.WhFreeInventoryResultResponse">
        select
        sum(a.real_qty) as realQty,
        sum(a.diff_qty) as diffQty,
        sum(a.diff_amt) as diffAmt
        from t_wh_free_inventory a ,t_counter_info b
        where a.counter_id = b.counter_id and a.status !=0
        <if test="request.applyNo!=null and request.applyNo!='' ">
            and a.apply_no LIKE CONCAT('%',#{request.applyNo},'%')
        </if>
        <if test="request.startTime!=null ">
            and a.create_time &gt;=#{request.startTime}
        </if>
        <if test="request.endTime!=null ">
            and a.create_time &lt;=#{request.endTime}
        </if>
        <if test="request.status!=null">
            and a.status =#{request.status}
        </if>
        <if test="queryRequest!=null ">
            <if test="queryRequest.counterId!=null and queryRequest.counterId !=''">
                and a.counter_id = #{queryRequest.counterId}
            </if>
            <if test="queryRequest.counterId==null or queryRequest.counterId ==''">
                <if test="queryRequest.orgPrincipalCode!=null and queryRequest.orgPrincipalCode !=''">
                    and b.org_master_id = #{queryRequest.orgPrincipalCode}
                </if>
                <if test="queryRequest.orgOfficeCode!=null and queryRequest.orgOfficeCode !=''">
                    and b.org_office_id = #{queryRequest.orgOfficeCode}
                </if>
                <if test="queryRequest.orgAreaCode!=null and queryRequest.orgAreaCode !=''">
                    and b.org_area_id = #{queryRequest.orgAreaCode}
                </if>
                <if test="queryRequest.orgType!=null">
                    and b.counter_type = #{queryRequest.orgType}
                </if>
                <if test="queryRequest.orgStatus!=null">
                    and b.is_del = #{queryRequest.orgStatus}
                </if>
            </if>
        </if>
    </select>

    <select id="queryFreeInventory" resultType="com.ruihe.admin.response.erp.WhFreeInventoryQueryResponse">
        select
        a.inv_no as invNo,
        a.counter_id as counterId,
        a.counter_name as counterName,
        a.inv_rsn as invRsn,
        a.status as status,
        a.real_qty as realQty,
        a.diff_qty as diffQty,
        a.diff_amt as diffAmt,
        a.ba_code as baCode,
        a.ba_name as baName,
        b.operational_model as operationalModel,
        a.create_time as createTime
        from t_wh_free_inventory a ,t_counter_info b
        where a.counter_id = b.counter_id and a.status=4
        <if test="request.invNo!=null and request.invNo!='' ">
            and a.inv_no LIKE CONCAT('%',#{request.invNo},'%')
        </if>
        <if test="request.startTime!=null ">
            and a.create_time &gt;=#{request.startTime}
        </if>
        <if test="request.endTime!=null ">
            and a.create_time &lt;=#{request.endTime}
        </if>
        <if test="queryRequest!=null">
            <if test="queryRequest.counterId!=null and queryRequest.counterId !=''">
                and a.counter_id = #{queryRequest.counterId}
            </if>
            <if test="queryRequest.counterId==null or queryRequest.counterId ==''">
                <if test="queryRequest.orgPrincipalCode!=null and queryRequest.orgPrincipalCode !=''">
                    and b.org_master_id = #{queryRequest.orgPrincipalCode}
                </if>
                <if test="queryRequest.orgOfficeCode!=null and queryRequest.orgOfficeCode !=''">
                    and b.org_office_id = #{queryRequest.orgOfficeCode}
                </if>
                <if test="queryRequest.orgAreaCode!=null and queryRequest.orgAreaCode !=''">
                    and b.org_area_id = #{queryRequest.orgAreaCode}
                </if>
                <if test="queryRequest.orgType!=null">
                    and b.counter_type = #{queryRequest.orgType}
                </if>
                <if test="queryRequest.orgStatus!=null">
                    and b.is_del = #{queryRequest.orgStatus}
                </if>
            </if>
        </if>
        order by a.create_time desc
    </select>

    <select id="queryResult" resultType="com.ruihe.admin.response.erp.WhFreeInventoryResultResponse">
        select
        sum(a.real_qty) as realQty,
        sum(a.diff_qty) as diffQty,
        sum(a.diff_amt) as diffAmt
        from t_wh_free_inventory a ,t_counter_info b
        where a.counter_id = b.counter_id and a.status=4
        <if test="request.invNo!=null and request.invNo!='' ">
            and a.inv_no LIKE CONCAT('%',#{request.invNo},'%')
        </if>
        <if test="request.startTime!=null ">
            and a.create_time &gt;=#{request.startTime}
        </if>
        <if test="request.endTime!=null ">
            and a.create_time &lt;=#{request.endTime}
        </if>
        <if test="queryRequest!=null ">
            <if test="queryRequest.counterId!=null and queryRequest.counterId !=''">
                and a.counter_id = #{queryRequest.counterId}
            </if>
            <if test="queryRequest.counterId==null or queryRequest.counterId ==''">
                <if test="queryRequest.orgPrincipalCode!=null and queryRequest.orgPrincipalCode !=''">
                    and b.org_master_id = #{queryRequest.orgPrincipalCode}
                </if>
                <if test="queryRequest.orgOfficeCode!=null and queryRequest.orgOfficeCode !=''">
                    and b.org_office_id = #{queryRequest.orgOfficeCode}
                </if>
                <if test="queryRequest.orgAreaCode!=null and queryRequest.orgAreaCode !=''">
                    and b.org_area_id = #{queryRequest.orgAreaCode}
                </if>
                <if test="queryRequest.orgType!=null">
                    and b.counter_type = #{queryRequest.orgType}
                </if>
                <if test="queryRequest.orgStatus!=null">
                    and b.is_del = #{queryRequest.orgStatus}
                </if>
            </if>
        </if>
    </select>

    <select id="applyListCount" resultType="java.lang.Long">
        select
        count(0)
        from t_wh_free_inventory a
        left join t_counter_info b on a.counter_id = b.counter_id
        left join t_wh_free_inventory_item d on a.apply_no=d.apply_no
        where a.status !=0
        <if test="request.applyNo!=null and request.applyNo!='' ">
            and a.apply_no LIKE CONCAT('%',#{request.applyNo},'%')
        </if>
        <if test="request.startTime!=null ">
            and a.create_time &gt;=#{request.startTime}
        </if>
        <if test="request.endTime!=null ">
            and a.create_time &lt;=#{request.endTime}
        </if>
        <if test="request.status!=null">
            and a.status =#{request.status}
        </if>
        <if test="queryRequest!=null">
            <if test="queryRequest.counterId!=null and queryRequest.counterId !=''">
                and a.counter_id = #{queryRequest.counterId}
            </if>
            <if test="queryRequest.counterId==null or queryRequest.counterId ==''">
                <if test="queryRequest.orgPrincipalCode!=null and queryRequest.orgPrincipalCode !=''">
                    and b.org_master_id = #{queryRequest.orgPrincipalCode}
                </if>
                <if test="queryRequest.orgOfficeCode!=null and queryRequest.orgOfficeCode !=''">
                    and b.org_office_id = #{queryRequest.orgOfficeCode}
                </if>
                <if test="queryRequest.orgAreaCode!=null and queryRequest.orgAreaCode !=''">
                    and b.org_area_id = #{queryRequest.orgAreaCode}
                </if>
                <if test="queryRequest.orgType!=null">
                    and b.counter_type = #{queryRequest.orgType}
                </if>
                <if test="queryRequest.orgStatus!=null">
                    and b.is_del = #{queryRequest.orgStatus}
                </if>
            </if>
        </if>
    </select>

    <select id="applyListExcel" resultType="com.ruihe.admin.response.erp.FreeInvApplyExcelResponse">
        select
        a.apply_no as applyNo,
        a.counter_id as counterId,
        a.counter_name as counterName,
        a.ba_code as baCode,
        a.ba_name as baName,
        d.prd_bar_code as prdBarCode,
        d.goods_bar_code as goodsBarCode,
        d.prd_name as prdName,
        d.book_qty as bookQty,
        d.real_qty as realQty,
        d.diff_qty as diffQty,
        d.member_price as memberPrice,
        d.diff_amt as diffAmt,
        ELT(FIELD(a.`status`,'0','1','2','3','4','5'),'编辑中','未审核','一审通过','一审拒绝','审核通过','审核拒绝') as status,
        DATE_FORMAT(a.create_time, '%Y-%m-%d %H:%i:%s') as createTime,
        ELT(FIELD(a.`inv_rsn`,'0','1','2','3','4','5'),'财务盘点','正常盘点','月末盘点','抽盘','修改库存','区域经理盘点') as invRsn
        from t_wh_free_inventory a
        left join t_counter_info b on a.counter_id = b.counter_id
        left join t_wh_free_inventory_item d on a.apply_no=d.apply_no
        where a.status !=0
        <if test="request.applyNo!=null and request.applyNo!='' ">
            and a.apply_no LIKE CONCAT('%',#{request.applyNo},'%')
        </if>
        <if test="request.startTime!=null ">
            and a.create_time &gt;=#{request.startTime}
        </if>
        <if test="request.endTime!=null ">
            and a.create_time &lt;=#{request.endTime}
        </if>
        <if test="request.status!=null">
            and a.status =#{request.status}
        </if>
        <if test="queryRequest!=null">
            <if test="queryRequest.counterId!=null and queryRequest.counterId !=''">
                and a.counter_id = #{queryRequest.counterId}
            </if>
            <if test="queryRequest.counterId==null or queryRequest.counterId ==''">
                <if test="queryRequest.orgPrincipalCode!=null and queryRequest.orgPrincipalCode !=''">
                    and b.org_master_id = #{queryRequest.orgPrincipalCode}
                </if>
                <if test="queryRequest.orgOfficeCode!=null and queryRequest.orgOfficeCode !=''">
                    and b.org_office_id = #{queryRequest.orgOfficeCode}
                </if>
                <if test="queryRequest.orgAreaCode!=null and queryRequest.orgAreaCode !=''">
                    and b.org_area_id = #{queryRequest.orgAreaCode}
                </if>
                <if test="queryRequest.orgType!=null">
                    and b.counter_type = #{queryRequest.orgType}
                </if>
                <if test="queryRequest.orgStatus!=null">
                    and b.is_del = #{queryRequest.orgStatus}
                </if>
            </if>
        </if>
    </select>

    <select id="queryMasterListCount" resultType="java.lang.Long">
        select
        count(a.apply_no)
        from t_wh_free_inventory a ,t_counter_info b
        where a.counter_id = b.counter_id and a.status=4
        <if test="request.invNo!=null and request.invNo!='' ">
            and a.inv_no LIKE CONCAT('%',#{request.invNo},'%')
        </if>
        <if test="request.startTime!=null ">
            and a.create_time &gt;=#{request.startTime}
        </if>
        <if test="request.endTime!=null ">
            and a.create_time &lt;=#{request.endTime}
        </if>
        <if test="queryRequest!=null">
            <if test="queryRequest.counterId!=null and queryRequest.counterId !=''">
                and a.counter_id = #{queryRequest.counterId}
            </if>
            <if test="queryRequest.counterId==null or queryRequest.counterId ==''">
                <if test="queryRequest.orgPrincipalCode!=null and queryRequest.orgPrincipalCode !=''">
                    and b.org_master_id = #{queryRequest.orgPrincipalCode}
                </if>
                <if test="queryRequest.orgOfficeCode!=null and queryRequest.orgOfficeCode !=''">
                    and b.org_office_id = #{queryRequest.orgOfficeCode}
                </if>
                <if test="queryRequest.orgAreaCode!=null and queryRequest.orgAreaCode !=''">
                    and b.org_area_id = #{queryRequest.orgAreaCode}
                </if>
                <if test="queryRequest.orgType!=null">
                    and b.counter_type = #{queryRequest.orgType}
                </if>
                <if test="queryRequest.orgStatus!=null">
                    and b.is_del = #{queryRequest.orgStatus}
                </if>
            </if>
        </if>
    </select>

    <select id="masterListExcel" resultType="com.ruihe.admin.response.erp.FreeInvMasterExcelResponse">
        select
        a.inv_no as invNo,
        a.counter_id as counterId,
        a.counter_name as counterName,
        ELT(FIELD(a.`inv_rsn`,'0','1','2','3','4','5'),'财务盘点','正常盘点','月末盘点','抽盘','修改库存','区域经理盘点') as invRsn,
        a.real_qty as realQty,
        a.diff_qty as diffQty,
        a.diff_amt as diffAmt,
        a.ba_name as baName,
        DATE_FORMAT(a.create_time, '%Y-%m-%d %H:%i:%s') as createTime
        from t_wh_free_inventory a ,t_counter_info b
        where a.counter_id = b.counter_id and a.status=4
        <if test="request.invNo!=null and request.invNo!='' ">
            and a.inv_no LIKE CONCAT('%',#{request.invNo},'%')
        </if>
        <if test="request.startTime!=null ">
            and a.create_time &gt;=#{request.startTime}
        </if>
        <if test="request.endTime!=null ">
            and a.create_time &lt;=#{request.endTime}
        </if>
        <if test="queryRequest!=null">
            <if test="queryRequest.counterId!=null and queryRequest.counterId !=''">
                and a.counter_id = #{queryRequest.counterId}
            </if>
            <if test="queryRequest.counterId==null or queryRequest.counterId ==''">
                <if test="queryRequest.orgPrincipalCode!=null and queryRequest.orgPrincipalCode !=''">
                    and b.org_master_id = #{queryRequest.orgPrincipalCode}
                </if>
                <if test="queryRequest.orgOfficeCode!=null and queryRequest.orgOfficeCode !=''">
                    and b.org_office_id = #{queryRequest.orgOfficeCode}
                </if>
                <if test="queryRequest.orgAreaCode!=null and queryRequest.orgAreaCode !=''">
                    and b.org_area_id = #{queryRequest.orgAreaCode}
                </if>
                <if test="queryRequest.orgType!=null">
                    and b.counter_type = #{queryRequest.orgType}
                </if>
                <if test="queryRequest.orgStatus!=null">
                    and b.is_del = #{queryRequest.orgStatus}
                </if>
            </if>
        </if>
    </select>

    <select id="queryItemListCount" resultType="java.lang.Long">
        select
        count(a.inv_no)
        from t_wh_free_inventory a
        left join t_counter_info b on a.counter_id = b.counter_id
        left join t_wh_free_inventory_item d on a.apply_no=d.apply_no
        where a.status=4
        <if test="request.invNo!=null and request.invNo!='' ">
            and a.inv_no LIKE CONCAT('%',#{request.invNo},'%')
        </if>
        <if test="request.startTime!=null ">
            and a.create_time &gt;=#{request.startTime}
        </if>
        <if test="request.endTime!=null ">
            and a.create_time &lt;=#{request.endTime}
        </if>
        <if test="queryRequest!=null">
            <if test="queryRequest.counterId!=null and queryRequest.counterId !=''">
                and a.counter_id = #{queryRequest.counterId}
            </if>
            <if test="queryRequest.counterId==null or queryRequest.counterId ==''">
                <if test="queryRequest.orgPrincipalCode!=null and queryRequest.orgPrincipalCode !=''">
                    and b.org_master_id = #{queryRequest.orgPrincipalCode}
                </if>
                <if test="queryRequest.orgOfficeCode!=null and queryRequest.orgOfficeCode !=''">
                    and b.org_office_id = #{queryRequest.orgOfficeCode}
                </if>
                <if test="queryRequest.orgAreaCode!=null and queryRequest.orgAreaCode !=''">
                    and b.org_area_id = #{queryRequest.orgAreaCode}
                </if>
                <if test="queryRequest.orgType!=null">
                    and b.counter_type = #{queryRequest.orgType}
                </if>
                <if test="queryRequest.orgStatus!=null">
                    and b.is_del = #{queryRequest.orgStatus}
                </if>
            </if>
        </if>
    </select>

    <select id="itemListExcel" resultType="com.ruihe.admin.response.erp.FreeInvItemExcelResponse">
        select
        b.org_area_name orgAreaName,
        b.large_area_name largeAreaName,
        b.city_name cityName,
        a.inv_no as invNo,
        a.counter_id as counterId,
        a.counter_name as counterName,
        a.ba_name as baName,
        a.ba_code as baCode,
        d.prd_bar_code as prdBarCode,
        d.goods_bar_code as goodsBarCode,
        d.prd_name as prdName,
        d.book_qty as bookQty,
        d.real_qty as realQty,
        d.diff_qty as diffQty,
        d.member_price as memberPrice,
        d.diff_amt as diffAmt,
        (case when a.diff_amt &gt;=0 then '盘盈' when a.diff_amt &lt; 0 then '盘亏' end) profitLoss,
        '产品自由盘点（盲盘）' invType,
        DATE_FORMAT(a.create_time, '%Y-%m-%d %H:%i:%s') as createTime,
        ELT(FIELD(a.`inv_rsn`,'0','1','2','3','4','5'),'财务盘点','正常盘点','月末盘点','抽盘','修改库存','区域经理盘点') as invRsn
        from t_wh_free_inventory a
        left join t_counter_info b on a.counter_id = b.counter_id
        left join t_wh_free_inventory_item d on a.apply_no=d.apply_no
        where a.status=4
        <if test="request.invNo!=null and request.invNo!='' ">
            and a.inv_no LIKE CONCAT('%',#{request.invNo},'%')
        </if>
        <if test="request.startTime!=null ">
            and a.create_time &gt;=#{request.startTime}
        </if>
        <if test="request.endTime!=null ">
            and a.create_time &lt;=#{request.endTime}
        </if>
        <if test="queryRequest!=null">
            <if test="queryRequest.counterId!=null and queryRequest.counterId !=''">
                and a.counter_id = #{queryRequest.counterId}
            </if>
            <if test="queryRequest.counterId==null or queryRequest.counterId ==''">
                <if test="queryRequest.orgPrincipalCode!=null and queryRequest.orgPrincipalCode !=''">
                    and b.org_master_id = #{queryRequest.orgPrincipalCode}
                </if>
                <if test="queryRequest.orgOfficeCode!=null and queryRequest.orgOfficeCode !=''">
                    and b.org_office_id = #{queryRequest.orgOfficeCode}
                </if>
                <if test="queryRequest.orgAreaCode!=null and queryRequest.orgAreaCode !=''">
                    and b.org_area_id = #{queryRequest.orgAreaCode}
                </if>
                <if test="queryRequest.orgType!=null">
                    and b.counter_type = #{queryRequest.orgType}
                </if>
                <if test="queryRequest.orgStatus!=null">
                    and b.is_del = #{queryRequest.orgStatus}
                </if>
            </if>
        </if>
    </select>

</mapper>
