<?xml version="1.0" encoding="UTF-8"?>
<!DOCTYPE mapper PUBLIC "-//mybatis.org//DTD Mapper 3.0//EN" "http://mybatis.org/dtd/mybatis-3-mapper.dtd">
<mapper namespace="com.ruihe.admin.mapper.erp.document.WhReturnMapper">

    <select id="applyList" resultType="com.ruihe.admin.response.erp.WhReturnApplyResponse">
        select
        a.return_no as returnNo,
        a.u8_order_no as u8OrderNo,
        a.confirm_return_no as confirmReturnNo,
        a.counter_id as counterId,
        a.counter_name as counterName,
        a.reason as reason,
        a.status as status,
        a.apply_qty as applyQty,
        a.apply_amt as applyAmt,
        a.ba_code as baCode,
        a.ba_name as baName,
        a.audit_code as auditCode,
        a.audit_name as auditName,
        b.operational_model as operationalModel,
        a.create_time as createTime
        from t_wh_return a ,t_counter_info b
        where a.counter_id = b.counter_id and a.status !=0
        <if test="request.returnNo!=null and request.returnNo!='' ">
            and a.return_no LIKE CONCAT('%',#{request.returnNo},'%')
        </if>
        <if test="request.reason!=null ">
            and a.reason =#{request.reason}
        </if>
        <if test="request.startTime!=null ">
            and a.create_time &gt;=#{request.startTime}
        </if>
        <if test="request.endTime!=null ">
            and a.create_time &lt;=#{request.endTime}
        </if>
        <if test="request.status!=null">
            and a.status =#{request.status}
        </if>
        <if test="queryRequest!=null">
            <if test="queryRequest.counterId!=null and queryRequest.counterId !=''">
                and a.counter_id = #{queryRequest.counterId}
            </if>
            <if test="queryRequest.counterId==null or queryRequest.counterId ==''">
                <if test="queryRequest.orgPrincipalCode!=null and queryRequest.orgPrincipalCode !=''">
                    and b.org_master_id = #{queryRequest.orgPrincipalCode}
                </if>
                <if test="queryRequest.orgOfficeCode!=null and queryRequest.orgOfficeCode !=''">
                    and b.org_office_id = #{queryRequest.orgOfficeCode}
                </if>
                <if test="queryRequest.orgAreaCode!=null and queryRequest.orgAreaCode !=''">
                    and b.org_area_id = #{queryRequest.orgAreaCode}
                </if>
                <if test="queryRequest.orgType!=null">
                    and b.counter_type = #{queryRequest.orgType}
                </if>
                <if test="queryRequest.orgStatus!=null">
                    and b.is_del = #{queryRequest.orgStatus}
                </if>
            </if>
        </if>
        order by a.create_time desc
    </select>

    <select id="applyResult" resultType="com.ruihe.admin.response.erp.WhReturnResultResponse">
        select sum(a.apply_qty) as applyQty,
        sum(a.apply_amt) as applyAmt
        from t_wh_return a ,t_counter_info b
        where a.counter_id = b.counter_id and a.status !=0
        <if test="request.returnNo!=null and request.returnNo!='' ">
            and a.return_no LIKE CONCAT('%',#{request.returnNo},'%')
        </if>
        <if test="request.reason!=null ">
            and a.reason =#{request.reason}
        </if>
        <if test="request.startTime!=null ">
            and a.create_time &gt;=#{request.startTime}
        </if>
        <if test="request.endTime!=null ">
            and a.create_time &lt;=#{request.endTime}
        </if>
        <if test="request.status!=null">
            and a.status =#{request.status}
        </if>
        <if test="queryRequest!=null">
            <if test="queryRequest.counterId!=null and queryRequest.counterId !=''">
                and a.counter_id = #{queryRequest.counterId}
            </if>
            <if test="queryRequest.counterId==null or queryRequest.counterId ==''">
                <if test="queryRequest.orgPrincipalCode!=null and queryRequest.orgPrincipalCode !=''">
                    and b.org_master_id = #{queryRequest.orgPrincipalCode}
                </if>
                <if test="queryRequest.orgOfficeCode!=null and queryRequest.orgOfficeCode !=''">
                    and b.org_office_id = #{queryRequest.orgOfficeCode}
                </if>
                <if test="queryRequest.orgAreaCode!=null and queryRequest.orgAreaCode !=''">
                    and b.org_area_id = #{queryRequest.orgAreaCode}
                </if>
                <if test="queryRequest.orgType!=null">
                    and b.counter_type = #{queryRequest.orgType}
                </if>
                <if test="queryRequest.orgStatus!=null">
                    and b.is_del = #{queryRequest.orgStatus}
                </if>
            </if>
        </if>
    </select>


    <select id="returnList" resultType="com.ruihe.admin.response.erp.WhReturnApplyResponse">
        select
        a.return_no as confirmReturnNo,
        a.associated_no as u8OrderNo,
        c.return_no AS returnNo,
        a.counter_id as counterId,
        a.counter_name as counterName,
        a.reason as reason,
        a.status as status,
        a.confirm_qty as applyQty,
        a.confirm_amt as applyAmt,
        a.ba_code as baCode,
        a.ba_name as baName,
        a.audit_id as auditCode,
        a.audit_name as auditName,
        b.operational_model as operationalModel,
        a.create_time as createTime
        from t_wh_return_log a ,t_counter_info b,t_wh_return c
        where a.counter_id = b.counter_id and a.status=3 AND a.return_no = c.confirm_return_no
        <if test="request.confirmReturnNo!=null and request.confirmReturnNo!='' ">
            and a.return_no LIKE CONCAT('%',#{request.confirmReturnNo},'%')
        </if>
        <if test="request.startTime!=null ">
            and a.create_time &gt;=#{request.startTime}
        </if>
        <if test="request.endTime!=null ">
            and a.create_time &lt;=#{request.endTime}
        </if>
        <if test="queryRequest!=null">
            <if test="queryRequest.counterId!=null and queryRequest.counterId !=''">
                and a.counter_id = #{queryRequest.counterId}
            </if>
            <if test="queryRequest.counterId==null or queryRequest.counterId ==''">
                <if test="queryRequest.orgPrincipalCode!=null and queryRequest.orgPrincipalCode !=''">
                    and b.org_master_id = #{queryRequest.orgPrincipalCode}
                </if>
                <if test="queryRequest.orgOfficeCode!=null and queryRequest.orgOfficeCode !=''">
                    and b.org_office_id = #{queryRequest.orgOfficeCode}
                </if>
                <if test="queryRequest.orgAreaCode!=null and queryRequest.orgAreaCode !=''">
                    and b.org_area_id = #{queryRequest.orgAreaCode}
                </if>
                <if test="queryRequest.orgType!=null">
                    and b.counter_type = #{queryRequest.orgType}
                </if>
                <if test="queryRequest.orgStatus!=null">
                    and b.is_del = #{queryRequest.orgStatus}
                </if>
            </if>
        </if>
        order by a.create_time desc
    </select>

    <select id="returnResult" resultType="com.ruihe.admin.response.erp.WhReturnResultResponse">
        select sum(a.confirm_qty) as applyQty,
        sum(a.confirm_amt) as applyAmt
        from t_wh_return_log a ,t_counter_info b
        where a.counter_id = b.counter_id and a.status=3
        <if test="request.confirmReturnNo!=null and request.confirmReturnNo!='' ">
            and a.return_no LIKE CONCAT('%',#{request.confirmReturnNo},'%')
        </if>
        <if test="request.startTime!=null ">
            and a.create_time &gt;=#{request.startTime}
        </if>
        <if test="request.endTime!=null ">
            and a.create_time &lt;=#{request.endTime}
        </if>
        <if test="queryRequest!=null">
            <if test="queryRequest.counterId!=null and queryRequest.counterId !=''">
                and a.counter_id = #{queryRequest.counterId}
            </if>
            <if test="queryRequest.counterId==null or queryRequest.counterId ==''">
                <if test="queryRequest.orgPrincipalCode!=null and queryRequest.orgPrincipalCode !=''">
                    and b.org_master_id = #{queryRequest.orgPrincipalCode}
                </if>
                <if test="queryRequest.orgOfficeCode!=null and queryRequest.orgOfficeCode !=''">
                    and b.org_office_id = #{queryRequest.orgOfficeCode}
                </if>
                <if test="queryRequest.orgAreaCode!=null and queryRequest.orgAreaCode !=''">
                    and b.org_area_id = #{queryRequest.orgAreaCode}
                </if>
                <if test="queryRequest.orgType!=null">
                    and b.counter_type = #{queryRequest.orgType}
                </if>
                <if test="queryRequest.orgStatus!=null">
                    and b.is_del = #{queryRequest.orgStatus}
                </if>
            </if>
        </if>
    </select>

    <select id="applyExcel" resultType="com.ruihe.common.pojo.response.stock.WhReturnApplyExcelResponse">
        select
        a.return_no as returnNo,
        a.counter_id as counterId,
        a.counter_name as counterName,
        ELT(
        FIELD( a.STATUS, '0', '1', '2', '3', '4' ),
        '编辑中',
        '未审核',
        'sap确认',
        '确认退库',
        '已废弃'
        ) AS STATUS,
        ELT(
        FIELD( a.reason, '0', '1', '2', '3', '4', '5', '6' ,'7' ,'8' ,'9'),
        '可用试用装退回',
        '报废试用装退回',
        '转店退回',
        '质量问题退回',
        '过敏退回',
        '公司召回',
        '到货少货',
        '活动赠品退回',
        '其他',
        '无源退库'
        ) AS reason,
        a.apply_qty as qty,
        a.apply_amt as amount,
        a.ba_name as operator,
        DATE(a.create_time) as createTime,
        a.tracking_no as trackingNo
        from t_wh_return a ,t_counter_info b
        where a.counter_id = b.counter_id and a.status !=0
        <if test="request.returnNo!=null and request.returnNo!='' ">
            and a.return_no LIKE CONCAT('%',#{request.returnNo},'%')
        </if>
        <if test="request.reason!=null ">
            and a.reason =#{request.reason}
        </if>
        <if test="request.startTime!=null ">
            and a.create_time &gt;=#{request.startTime}
        </if>
        <if test="request.endTime!=null ">
            and a.create_time &lt;=#{request.endTime}
        </if>
        <if test="request.status!=null">
            and a.status =#{request.status}
        </if>
        <if test="queryRequest!=null">
            <if test="queryRequest.counterId!=null and queryRequest.counterId !=''">
                and a.counter_id = #{queryRequest.counterId}
            </if>
            <if test="queryRequest.counterId==null or queryRequest.counterId ==''">
                <if test="queryRequest.orgPrincipalCode!=null and queryRequest.orgPrincipalCode !=''">
                    and b.org_master_id = #{queryRequest.orgPrincipalCode}
                </if>
                <if test="queryRequest.orgOfficeCode!=null and queryRequest.orgOfficeCode !=''">
                    and b.org_office_id = #{queryRequest.orgOfficeCode}
                </if>
                <if test="queryRequest.orgAreaCode!=null and queryRequest.orgAreaCode !=''">
                    and b.org_area_id = #{queryRequest.orgAreaCode}
                </if>
                <if test="queryRequest.orgType!=null">
                    and b.counter_type = #{queryRequest.orgType}
                </if>
                <if test="queryRequest.orgStatus!=null">
                    and b.is_del = #{queryRequest.orgStatus}
                </if>
            </if>
        </if>
        order by a.create_time desc
    </select>

    <select id="applyCountExcel" resultType="java.lang.Long">
        select
        count(0)
        from t_wh_return a ,t_counter_info b
        where a.counter_id = b.counter_id and a.status !=0
        <if test="request.returnNo!=null and request.returnNo!='' ">
            and a.return_no LIKE CONCAT('%',#{request.returnNo},'%')
        </if>
        <if test="request.reason!=null ">
            and a.reason =#{request.reason}
        </if>
        <if test="request.startTime!=null ">
            and a.create_time &gt;=#{request.startTime}
        </if>
        <if test="request.endTime!=null ">
            and a.create_time &lt;=#{request.endTime}
        </if>
        <if test="request.status!=null">
            and a.status =#{request.status}
        </if>
        <if test="queryRequest!=null">
            <if test="queryRequest.counterId!=null and queryRequest.counterId !=''">
                and a.counter_id = #{queryRequest.counterId}
            </if>
            <if test="queryRequest.counterId==null or queryRequest.counterId ==''">
                <if test="queryRequest.orgPrincipalCode!=null and queryRequest.orgPrincipalCode !=''">
                    and b.org_master_id = #{queryRequest.orgPrincipalCode}
                </if>
                <if test="queryRequest.orgOfficeCode!=null and queryRequest.orgOfficeCode !=''">
                    and b.org_office_id = #{queryRequest.orgOfficeCode}
                </if>
                <if test="queryRequest.orgAreaCode!=null and queryRequest.orgAreaCode !=''">
                    and b.org_area_id = #{queryRequest.orgAreaCode}
                </if>
                <if test="queryRequest.orgType!=null">
                    and b.counter_type = #{queryRequest.orgType}
                </if>
                <if test="queryRequest.orgStatus!=null">
                    and b.is_del = #{queryRequest.orgStatus}
                </if>
            </if>
        </if>
    </select>

    <select id="applyItemExcel"
            resultType="com.ruihe.common.pojo.response.stock.WhReturnApplyItemExcelResponse">
        SELECT
        b.org_area_name region,
        b.large_area_name area,
        b.province_name province,
        b.city_name city,
        a.return_no returnNo,
        a.counter_id counterId,
        a.counter_name counterName,
        a.ba_code baCode,
        a.ba_name baName,
        a.counter_id applyCounterId,
        a.counter_name applyCounterName,
        c.prd_bar_code prdBarCode,
        c.goods_bar_code goodsBarCode,
        c.prd_name prdName,
        c.apply_qty qty,
        c.member_price price,
        c.apply_amt amount,
        DATE( c.create_time ) createTime,
        ELT(
        FIELD( a.STATUS, '0', '1', '2', '3', '4' ),
        '编辑中',
        '未审核',
        'sap确认',
        '审核通过',
        '审核拒绝'
        ) AS STATUS,
        ELT(
        FIELD( a.reason, '0', '1', '2', '3', '4', '5', '6', '7', '8', '9' ),
        '可用试用装退回',
        '报废试用装退回',
        '转店退回',
        '质量问题退回',
        '过敏退回',
        '公司召回',
        '到货少货',
        '活动赠品退回',
        '其他',
        '无源退库'
        ) AS reason
        FROM
        t_wh_return a,
        t_counter_info b,
        t_wh_return_item c
        WHERE
        a.counter_id = b.counter_id
        AND a.return_no = c.return_no
        <if test="request.returnNo!=null and request.returnNo!='' ">
            and a.return_no LIKE CONCAT('%',#{request.returnNo},'%')
        </if>
        <if test="request.reason!=null ">
            and a.reason =#{request.reason}
        </if>
        <if test="request.startTime!=null ">
            and a.create_time &gt;=#{request.startTime}
        </if>
        <if test="request.endTime!=null ">
            and a.create_time &lt;=#{request.endTime}
        </if>
        <if test="request.status!=null">
            and a.status =#{request.status}
        </if>
        <if test="queryRequest!=null">
            <if test="queryRequest.counterId!=null and queryRequest.counterId !=''">
                and a.counter_id = #{queryRequest.counterId}
            </if>
            <if test="queryRequest.counterId==null or queryRequest.counterId ==''">
                <if test="queryRequest.orgPrincipalCode!=null and queryRequest.orgPrincipalCode !=''">
                    and b.org_master_id = #{queryRequest.orgPrincipalCode}
                </if>
                <if test="queryRequest.orgOfficeCode!=null and queryRequest.orgOfficeCode !=''">
                    and b.org_office_id = #{queryRequest.orgOfficeCode}
                </if>
                <if test="queryRequest.orgAreaCode!=null and queryRequest.orgAreaCode !=''">
                    and b.org_area_id = #{queryRequest.orgAreaCode}
                </if>
                <if test="queryRequest.orgType!=null">
                    and b.counter_type = #{queryRequest.orgType}
                </if>
                <if test="queryRequest.orgStatus!=null">
                    and b.is_del = #{queryRequest.orgStatus}
                </if>
            </if>
        </if>
        order by a.create_time desc
    </select>

    <select id="applyItemCountExcel" resultType="java.lang.Long">
        SELECT
        count(0)
        FROM
        t_wh_return a,
        t_counter_info b,
        t_wh_return_item c
        WHERE
        a.counter_id = b.counter_id
        AND a.return_no = c.return_no
        <if test="request.returnNo!=null and request.returnNo!='' ">
            and a.return_no LIKE CONCAT('%',#{request.returnNo},'%')
        </if>
        <if test="request.reason!=null ">
            and a.reason =#{request.reason}
        </if>
        <if test="request.startTime!=null ">
            and a.create_time &gt;=#{request.startTime}
        </if>
        <if test="request.endTime!=null ">
            and a.create_time &lt;=#{request.endTime}
        </if>
        <if test="request.status!=null">
            and a.status =#{request.status}
        </if>
        <if test="queryRequest!=null">
            <if test="queryRequest.counterId!=null and queryRequest.counterId !=''">
                and a.counter_id = #{queryRequest.counterId}
            </if>
            <if test="queryRequest.counterId==null or queryRequest.counterId ==''">
                <if test="queryRequest.orgPrincipalCode!=null and queryRequest.orgPrincipalCode !=''">
                    and b.org_master_id = #{queryRequest.orgPrincipalCode}
                </if>
                <if test="queryRequest.orgOfficeCode!=null and queryRequest.orgOfficeCode !=''">
                    and b.org_office_id = #{queryRequest.orgOfficeCode}
                </if>
                <if test="queryRequest.orgAreaCode!=null and queryRequest.orgAreaCode !=''">
                    and b.org_area_id = #{queryRequest.orgAreaCode}
                </if>
                <if test="queryRequest.orgType!=null">
                    and b.counter_type = #{queryRequest.orgType}
                </if>
                <if test="queryRequest.orgStatus!=null">
                    and b.is_del = #{queryRequest.orgStatus}
                </if>
            </if>
        </if>
    </select>

    <select id="returnItemExcel" resultType="com.ruihe.common.pojo.response.stock.WhReturnItemExcelResponse">
        SELECT
        a.confirm_return_no returnNO,
        a.u8_order_no associateNo,
        a.counter_id counterId,
        a.counter_name counterName,
        a.ba_code baCode,
        a.ba_name baName,
        c.prd_bar_code prdBarCode,
        c.goods_bar_code goodsBarCode,
        c.prd_name prdName,
        c.real_qty qty,
        c.member_price price,
        c.real_amt amount,
        '0.0000' cost,
        ELT(
        FIELD( a.STATUS, '0', '1', '2', '3', '4' ),
        '编辑中',
        '未审核',
        'sap确认',
        '审核通过',
        '审核拒绝'
        ) AS STATUS,
        ELT(
        FIELD( a.reason, '0', '1', '2', '3', '4', '5', '6', '7', '8', '9' ),
        '可用试用装退回',
        '报废试用装退回',
        '转店退回',
        '质量问题退回',
        '过敏退回',
        '公司召回',
        '到货少货',
        '活动赠品退回',
        '其他',
        '无源退库'
        ) AS reason,
        DATE( c.create_time ) createTime
        FROM
        t_wh_return a,
        t_counter_info b,
        t_wh_return_item_log c
        WHERE
        a.counter_id = b.counter_id
        AND a.confirm_return_no = c.return_no
        AND a.confirm_return_no IS NOT NULL
        <if test="request.confirmReturnNo!=null and request.confirmReturnNo!='' ">
            and a.return_no LIKE CONCAT('%',#{request.confirmReturnNo},'%')
        </if>
        <if test="request.startTime!=null ">
            and a.create_time &gt;=#{request.startTime}
        </if>
        <if test="request.endTime!=null ">
            and a.create_time &lt;=#{request.endTime}
        </if>
        <if test="queryRequest!=null">
            <if test="queryRequest.counterId!=null and queryRequest.counterId !=''">
                and a.counter_id = #{queryRequest.counterId}
            </if>
            <if test="queryRequest.counterId==null or queryRequest.counterId ==''">
                <if test="queryRequest.orgPrincipalCode!=null and queryRequest.orgPrincipalCode !=''">
                    and b.org_master_id = #{queryRequest.orgPrincipalCode}
                </if>
                <if test="queryRequest.orgOfficeCode!=null and queryRequest.orgOfficeCode !=''">
                    and b.org_office_id = #{queryRequest.orgOfficeCode}
                </if>
                <if test="queryRequest.orgAreaCode!=null and queryRequest.orgAreaCode !=''">
                    and b.org_area_id = #{queryRequest.orgAreaCode}
                </if>
                <if test="queryRequest.orgType!=null">
                    and b.counter_type = #{queryRequest.orgType}
                </if>
                <if test="queryRequest.orgStatus!=null">
                    and b.is_del = #{queryRequest.orgStatus}
                </if>
            </if>
        </if>
        order by a.create_time desc
    </select>

    <select id="returnItemCountExcel" resultType="java.lang.Long">
        SELECT
        count(0)
        FROM
        t_wh_return a,
        t_counter_info b,
        t_wh_return_item_log c
        WHERE
        a.counter_id = b.counter_id
        AND a.confirm_return_no = c.return_no
        AND a.confirm_return_no IS NOT NULL
        <if test="request.confirmReturnNo!=null and request.confirmReturnNo!='' ">
            and a.return_no LIKE CONCAT('%',#{request.confirmReturnNo},'%')
        </if>
        <if test="request.startTime!=null ">
            and a.create_time &gt;=#{request.startTime}
        </if>
        <if test="request.endTime!=null ">
            and a.create_time &lt;=#{request.endTime}
        </if>
        <if test="queryRequest!=null">
            <if test="queryRequest.counterId!=null and queryRequest.counterId !=''">
                and a.counter_id = #{queryRequest.counterId}
            </if>
            <if test="queryRequest.counterId==null or queryRequest.counterId ==''">
                <if test="queryRequest.orgPrincipalCode!=null and queryRequest.orgPrincipalCode !=''">
                    and b.org_master_id = #{queryRequest.orgPrincipalCode}
                </if>
                <if test="queryRequest.orgOfficeCode!=null and queryRequest.orgOfficeCode !=''">
                    and b.org_office_id = #{queryRequest.orgOfficeCode}
                </if>
                <if test="queryRequest.orgAreaCode!=null and queryRequest.orgAreaCode !=''">
                    and b.org_area_id = #{queryRequest.orgAreaCode}
                </if>
                <if test="queryRequest.orgType!=null">
                    and b.counter_type = #{queryRequest.orgType}
                </if>
                <if test="queryRequest.orgStatus!=null">
                    and b.is_del = #{queryRequest.orgStatus}
                </if>
            </if>
        </if>
        order by a.create_time desc
    </select>
</mapper>
