<?xml version="1.0" encoding="UTF-8"?>
<!DOCTYPE mapper PUBLIC "-//mybatis.org//DTD Mapper 3.0//EN" "http://mybatis.org/dtd/mybatis-3-mapper.dtd">
<mapper namespace="com.ruihe.admin.mapper.erp.report.WhStockMapper">

    <sql id="prdBarCodeList">
        select p.prd_bar_code
        from t_product p
        <where>
            <if test="request.prdBarCode!=null and request.prdBarCode!=''">
                and p.prd_bar_code = #{request.prdBarCode}
            </if>
            <if test="request.productName!=null and request.productName!=''">
                and p.prd_name LIKE CONCAT('%',#{request.productName},'%')
            </if>
        </where>
    </sql>

    <!--更新分类信息-->
    <update id="updateCategoryInfo">
        UPDATE
            t_wh_stock s
        set
            s.big_cat_code = #{product.bigCatCode},
            s.big_cat_name = #{product.bigCatName},
            s.medium_cat_code = #{product.mediumCatCode},
            s.medium_cat_name = #{product.mediumCatName},
            s.small_cat_code = #{product.smallCatCode},
            s.small_cat_name = #{product.smallCatName}
        where s.prd_bar_code = #{product.prdBarCode}
    </update>

    <select id="queryRealtimeStock" resultType="com.ruihe.admin.response.erp.WhProductStockVo">
        SELECT
        s.prd_bar_code,
        s.goods_bar_code,
        s.prd_name,
        s.prd_price,
        s.member_price,
        s.big_cat_code,
        s.big_cat_name,
        s.medium_cat_code,
        s.medium_cat_name,
        s.small_cat_code,
        s.small_cat_name,
        IFNULL(sum(s.stock) ,0)as stock,
        IFNULL(sum(d.real_qty),0) as stockOnRoad
        from t_wh_stock s inner join t_counter_info c on s.counter_id = c.counter_id
        LEFT JOIN (
        SELECT i.prd_bar_code, ifnull(sum(i.real_qty),0) as real_qty,
        ifnull(sum(i.delivery_qty),0) as delivery_qty,e.counter_id
        from t_wh_enter e
        LEFT JOIN t_wh_enter_item i on e.enter_no = i.enter_no
        inner join t_counter_info c on e.counter_id = c.counter_id
        <where>
            e.status = 1
            <if test="(request.prdBarCode!=null and request.prdBarCode!='') or (request.productName!=null and request.productName!='') ">
                and i.prd_bar_code in (
                <include refid="prdBarCodeList"/>
                )
            </if>
            <if test="request.orgQueryConditionRequest!=null">
                <if test="request.orgQueryConditionRequest.counterId!=null and request.orgQueryConditionRequest.counterId !=''">
                    and e.counter_id = #{request.orgQueryConditionRequest.counterId}
                </if>
                <if test="request.orgQueryConditionRequest.counterId==null or request.orgQueryConditionRequest.counterId ==''">
                    <if test="request.orgQueryConditionRequest.orgPrincipalCode!=null and request.orgQueryConditionRequest.orgPrincipalCode !=''">
                        and c.org_master_id = #{request.orgQueryConditionRequest.orgPrincipalCode}
                    </if>
                    <if test="request.orgQueryConditionRequest.orgOfficeCode!=null and request.orgQueryConditionRequest.orgOfficeCode !=''">
                        and c.org_office_id = #{request.orgQueryConditionRequest.orgOfficeCode}
                    </if>
                    <if test="request.orgQueryConditionRequest.orgAreaCode!=null and request.orgQueryConditionRequest.orgAreaCode !=''">
                        and c.org_area_id = #{request.orgQueryConditionRequest.orgAreaCode}
                    </if>
                    <if test="request.orgQueryConditionRequest.orgType!=null">
                        and c.counter_type = #{request.orgQueryConditionRequest.orgType}
                    </if>
                    <if test="request.orgQueryConditionRequest.orgStatus!=null">
                        and c.is_del = #{request.orgQueryConditionRequest.orgStatus}
                    </if>
                </if>
            </if>
        </where>
        GROUP BY i.prd_bar_code
        ) d ON s.prd_bar_code = d.prd_bar_code and s.counter_id = d.counter_id
        <where>
            <if test="(request.prdBarCode!=null and request.prdBarCode!='') or (request.productName!=null and request.productName!='') ">
                and s.prd_bar_code in (
                <include refid="prdBarCodeList"/>
                )
            </if>
            <if test="request.orgQueryConditionRequest!=null">
                <if test="request.orgQueryConditionRequest.counterId!=null and request.orgQueryConditionRequest.counterId !=''">
                    and s.counter_id = #{request.orgQueryConditionRequest.counterId}
                </if>
                <if test="request.orgQueryConditionRequest.counterId==null or request.orgQueryConditionRequest.counterId ==''">
                    <if test="request.orgQueryConditionRequest.orgPrincipalCode!=null and request.orgQueryConditionRequest.orgPrincipalCode !=''">
                        and c.org_master_id = #{request.orgQueryConditionRequest.orgPrincipalCode}
                    </if>
                    <if test="request.orgQueryConditionRequest.orgOfficeCode!=null and request.orgQueryConditionRequest.orgOfficeCode !=''">
                        and c.org_office_id = #{request.orgQueryConditionRequest.orgOfficeCode}
                    </if>
                    <if test="request.orgQueryConditionRequest.orgAreaCode!=null and request.orgQueryConditionRequest.orgAreaCode !=''">
                        and c.org_area_id = #{request.orgQueryConditionRequest.orgAreaCode}
                    </if>
                    <if test="request.orgQueryConditionRequest.orgType!=null">
                        and c.counter_type = #{request.orgQueryConditionRequest.orgType}
                    </if>
                    <if test="request.orgQueryConditionRequest.orgStatus!=null">
                        and c.is_del = #{request.orgQueryConditionRequest.orgStatus}
                    </if>
                </if>
            </if>
        </where>
        GROUP BY s.prd_bar_code
        order by stock desc, stockOnRoad desc
    </select>

    <select id="queryRealtimeStockExcel" resultType="com.ruihe.admin.response.erp.WhProductStockVo">
        SELECT
        s.prd_bar_code,
        s.goods_bar_code,
        s.prd_name,
        s.prd_price,
        s.member_price,
        s.big_cat_code,
        s.big_cat_name,
        s.medium_cat_code,
        s.medium_cat_name,
        s.small_cat_code,
        s.small_cat_name,
        IFNULL(sum(s.stock) ,0)as stock,
        IFNULL(sum(d.real_qty),0) as stockOnRoad
        from t_wh_stock s inner join t_counter_info c on s.counter_id = c.counter_id
        LEFT JOIN (
        SELECT i.prd_bar_code, ifnull(sum(i.real_qty),0) as real_qty,
        ifnull(sum(i.delivery_qty),0) as delivery_qty,e.counter_id
        from t_wh_enter e
        LEFT JOIN t_wh_enter_item i on e.enter_no = i.enter_no
        inner join t_counter_info c on e.counter_id = c.counter_id
        <where>
            e.status = 1
            <if test="(request.prdBarCode!=null and request.prdBarCode!='') or (request.productName!=null and request.productName!='') ">
                and i.prd_bar_code in (
                <include refid="prdBarCodeList"/>
                )
            </if>
            <if test="request.orgQueryConditionRequest!=null">
                <if test="request.orgQueryConditionRequest.counterId!=null and request.orgQueryConditionRequest.counterId !=''">
                    and e.counter_id = #{request.orgQueryConditionRequest.counterId}
                </if>
                <if test="request.orgQueryConditionRequest.counterId==null or request.orgQueryConditionRequest.counterId ==''">
                    <if test="request.orgQueryConditionRequest.orgPrincipalCode!=null and request.orgQueryConditionRequest.orgPrincipalCode !=''">
                        and c.org_master_id = #{request.orgQueryConditionRequest.orgPrincipalCode}
                    </if>
                    <if test="request.orgQueryConditionRequest.orgOfficeCode!=null and request.orgQueryConditionRequest.orgOfficeCode !=''">
                        and c.org_office_id = #{request.orgQueryConditionRequest.orgOfficeCode}
                    </if>
                    <if test="request.orgQueryConditionRequest.orgAreaCode!=null and request.orgQueryConditionRequest.orgAreaCode !=''">
                        and c.org_area_id = #{request.orgQueryConditionRequest.orgAreaCode}
                    </if>
                    <if test="request.orgQueryConditionRequest.orgType!=null">
                        and c.counter_type = #{request.orgQueryConditionRequest.orgType}
                    </if>
                    <if test="request.orgQueryConditionRequest.orgStatus!=null">
                        and c.is_del = #{request.orgQueryConditionRequest.orgStatus}
                    </if>
                </if>
            </if>
        </where>
        GROUP BY i.prd_bar_code
        ) d ON s.prd_bar_code = d.prd_bar_code and s.counter_id = d.counter_id
        <where>
            <if test="(request.prdBarCode!=null and request.prdBarCode!='') or (request.productName!=null and request.productName!='') ">
                and s.prd_bar_code in (
                <include refid="prdBarCodeList"/>
                )
            </if>
            <if test="request.orgQueryConditionRequest!=null">
                <if test="request.orgQueryConditionRequest.counterId!=null and request.orgQueryConditionRequest.counterId !=''">
                    and s.counter_id = #{request.orgQueryConditionRequest.counterId}
                </if>
                <if test="request.orgQueryConditionRequest.counterId==null or request.orgQueryConditionRequest.counterId ==''">
                    <if test="request.orgQueryConditionRequest.orgPrincipalCode!=null and request.orgQueryConditionRequest.orgPrincipalCode !=''">
                        and c.org_master_id = #{request.orgQueryConditionRequest.orgPrincipalCode}
                    </if>
                    <if test="request.orgQueryConditionRequest.orgOfficeCode!=null and request.orgQueryConditionRequest.orgOfficeCode !=''">
                        and c.org_office_id = #{request.orgQueryConditionRequest.orgOfficeCode}
                    </if>
                    <if test="request.orgQueryConditionRequest.orgAreaCode!=null and request.orgQueryConditionRequest.orgAreaCode !=''">
                        and c.org_area_id = #{request.orgQueryConditionRequest.orgAreaCode}
                    </if>
                    <if test="request.orgQueryConditionRequest.orgType!=null">
                        and c.counter_type = #{request.orgQueryConditionRequest.orgType}
                    </if>
                    <if test="request.orgQueryConditionRequest.orgStatus!=null">
                        and c.is_del = #{request.orgQueryConditionRequest.orgStatus}
                    </if>
                </if>
            </if>
        </where>
        GROUP BY s.prd_bar_code
        order by stock desc, stockOnRoad desc
    </select>

    <select id="queryRealtimeStockDetail" resultType="com.ruihe.admin.response.erp.WhProductStockDetailVo">
        SELECT
        s.counter_id,
        s.counter_name,
        case when c.is_del = 1 then '停用' else '启用' end as counterStatus,
        case when c.operational_model = '10005' then '自营' else '加盟' end as counterOpt,
        s.stock,
        sum(ifnull(d.delivery_qty,0)) as stockOnRoad
        from t_wh_stock s inner join t_counter_info c on s.counter_id = c.counter_id
        LEFT JOIN (
        SELECT e.counter_id, i.delivery_qty
        from t_wh_enter e
        LEFT JOIN t_wh_enter_item i on e.enter_no = i.enter_no
        left join t_counter_info c on e.counter_id = c.counter_id
        <where>
            e.status = 1
            and i.prd_bar_code = #{request.prdBarCode}
            <if test="request.orgQueryConditionRequest!=null">
                <if test="request.orgQueryConditionRequest.counterId!=null and request.orgQueryConditionRequest.counterId !=''">
                    and e.counter_id = #{request.orgQueryConditionRequest.counterId}
                </if>
                <if test="request.orgQueryConditionRequest.counterId==null or request.orgQueryConditionRequest.counterId ==''">
                    <if test="request.orgQueryConditionRequest.orgPrincipalCode!=null and request.orgQueryConditionRequest.orgPrincipalCode !=''">
                        and c.org_master_id = #{request.orgQueryConditionRequest.orgPrincipalCode}
                    </if>
                    <if test="request.orgQueryConditionRequest.orgOfficeCode!=null and request.orgQueryConditionRequest.orgOfficeCode !=''">
                        and c.org_office_id = #{request.orgQueryConditionRequest.orgOfficeCode}
                    </if>
                    <if test="request.orgQueryConditionRequest.orgAreaCode!=null and request.orgQueryConditionRequest.orgAreaCode !=''">
                        and c.org_area_id = #{request.orgQueryConditionRequest.orgAreaCode}
                    </if>
                    <if test="request.orgQueryConditionRequest.orgType!=null">
                        and c.counter_type = #{request.orgQueryConditionRequest.orgType}
                    </if>
                    <if test="request.orgQueryConditionRequest.orgStatus!=null">
                        and c.is_del = #{request.orgQueryConditionRequest.orgStatus}
                    </if>
                </if>
            </if>
        </where>
        ) d on s.counter_id = d.counter_id
        <where>
            s.prd_bar_code = #{request.prdBarCode}
            <if test="request.orgQueryConditionRequest!=null">
                <if test="request.orgQueryConditionRequest.counterId!=null and request.orgQueryConditionRequest.counterId !=''">
                    and s.counter_id = #{request.orgQueryConditionRequest.counterId}
                </if>
                <if test="request.orgQueryConditionRequest.counterId==null or request.orgQueryConditionRequest.counterId ==''">
                    <if test="request.orgQueryConditionRequest.orgPrincipalCode!=null and request.orgQueryConditionRequest.orgPrincipalCode !=''">
                        and c.org_master_id = #{request.orgQueryConditionRequest.orgPrincipalCode}
                    </if>
                    <if test="request.orgQueryConditionRequest.orgOfficeCode!=null and request.orgQueryConditionRequest.orgOfficeCode !=''">
                        and c.org_office_id = #{request.orgQueryConditionRequest.orgOfficeCode}
                    </if>
                    <if test="request.orgQueryConditionRequest.orgAreaCode!=null and request.orgQueryConditionRequest.orgAreaCode !=''">
                        and c.org_area_id = #{request.orgQueryConditionRequest.orgAreaCode}
                    </if>
                    <if test="request.orgQueryConditionRequest.orgType!=null">
                        and c.counter_type = #{request.orgQueryConditionRequest.orgType}
                    </if>
                    <if test="request.orgQueryConditionRequest.orgStatus!=null">
                        and c.is_del = #{request.orgQueryConditionRequest.orgStatus}
                    </if>
                </if>
            </if>
        </where>
        group by s.counter_id
        order by stock desc, stockOnRoad desc
    </select>
    <select id="exportDetailCount" resultType="java.lang.Long">
        SELECT
        count(0)
        from t_wh_stock s inner join t_counter_info c on s.counter_id = c.counter_id
        LEFT JOIN (
        SELECT e.counter_id, i.delivery_qty
        from t_wh_enter e
        LEFT JOIN t_wh_enter_item i on e.enter_no = i.enter_no
        left join t_counter_info c on e.counter_id = c.counter_id
        <where>
            e.status = 1
            and i.prd_bar_code = #{request.prdBarCode}
            <if test="request.orgQueryConditionRequest!=null">
                <if test="request.orgQueryConditionRequest.counterId!=null and request.orgQueryConditionRequest.counterId !=''">
                    and e.counter_id = #{request.orgQueryConditionRequest.counterId}
                </if>
                <if test="request.orgQueryConditionRequest.counterId==null or request.orgQueryConditionRequest.counterId ==''">
                    <if test="request.orgQueryConditionRequest.orgPrincipalCode!=null and request.orgQueryConditionRequest.orgPrincipalCode !=''">
                        and c.org_master_id = #{request.orgQueryConditionRequest.orgPrincipalCode}
                    </if>
                    <if test="request.orgQueryConditionRequest.orgOfficeCode!=null and request.orgQueryConditionRequest.orgOfficeCode !=''">
                        and c.org_office_id = #{request.orgQueryConditionRequest.orgOfficeCode}
                    </if>
                    <if test="request.orgQueryConditionRequest.orgAreaCode!=null and request.orgQueryConditionRequest.orgAreaCode !=''">
                        and c.org_area_id = #{request.orgQueryConditionRequest.orgAreaCode}
                    </if>
                    <if test="request.orgQueryConditionRequest.orgType!=null">
                        and c.counter_type = #{request.orgQueryConditionRequest.orgType}
                    </if>
                    <if test="request.orgQueryConditionRequest.orgStatus!=null">
                        and c.is_del = #{request.orgQueryConditionRequest.orgStatus}
                    </if>
                </if>
            </if>
        </where>
        ) d on s.counter_id = d.counter_id
        <where>
            s.prd_bar_code = #{request.prdBarCode}
            <if test="request.orgQueryConditionRequest!=null">
                <if test="request.orgQueryConditionRequest.counterId!=null and request.orgQueryConditionRequest.counterId !=''">
                    and s.counter_id = #{request.orgQueryConditionRequest.counterId}
                </if>
                <if test="request.orgQueryConditionRequest.counterId==null or request.orgQueryConditionRequest.counterId ==''">
                    <if test="request.orgQueryConditionRequest.orgPrincipalCode!=null and request.orgQueryConditionRequest.orgPrincipalCode !=''">
                        and c.org_master_id = #{request.orgQueryConditionRequest.orgPrincipalCode}
                    </if>
                    <if test="request.orgQueryConditionRequest.orgOfficeCode!=null and request.orgQueryConditionRequest.orgOfficeCode !=''">
                        and c.org_office_id = #{request.orgQueryConditionRequest.orgOfficeCode}
                    </if>
                    <if test="request.orgQueryConditionRequest.orgAreaCode!=null and request.orgQueryConditionRequest.orgAreaCode !=''">
                        and c.org_area_id = #{request.orgQueryConditionRequest.orgAreaCode}
                    </if>
                    <if test="request.orgQueryConditionRequest.orgType!=null">
                        and c.counter_type = #{request.orgQueryConditionRequest.orgType}
                    </if>
                    <if test="request.orgQueryConditionRequest.orgStatus!=null">
                        and c.is_del = #{request.orgQueryConditionRequest.orgStatus}
                    </if>
                </if>
            </if>
        </where>
        group by s.counter_id
    </select>

    <select id="exportTableCount" resultType="java.lang.Long">
        SELECT
        count(0) from ( select s.prd_bar_code
        from t_wh_stock s inner join t_counter_info c on s.counter_id = c.counter_id
        LEFT JOIN (
        SELECT i.prd_bar_code, ifnull(sum(i.real_qty),0) as real_qty,
        ifnull(sum(i.delivery_qty),0) as delivery_qty,e.counter_id
        from t_wh_enter e
        LEFT JOIN t_wh_enter_item i on e.enter_no = i.enter_no
        inner join t_counter_info c on e.counter_id = c.counter_id
        <where>
            e.status = 1
            <if test="(request.prdBarCode!=null and request.prdBarCode!='') or (request.productName!=null and request.productName!='') ">
                and i.prd_bar_code in (
                <include refid="prdBarCodeList"/>
                )
            </if>
            <if test="request.orgQueryConditionRequest!=null">
                <if test="request.orgQueryConditionRequest.counterId!=null and request.orgQueryConditionRequest.counterId !=''">
                    and e.counter_id = #{request.orgQueryConditionRequest.counterId}
                </if>
                <if test="request.orgQueryConditionRequest.counterId==null or request.orgQueryConditionRequest.counterId ==''">
                    <if test="request.orgQueryConditionRequest.orgPrincipalCode!=null and request.orgQueryConditionRequest.orgPrincipalCode !=''">
                        and c.org_master_id = #{request.orgQueryConditionRequest.orgPrincipalCode}
                    </if>
                    <if test="request.orgQueryConditionRequest.orgOfficeCode!=null and request.orgQueryConditionRequest.orgOfficeCode !=''">
                        and c.org_office_id = #{request.orgQueryConditionRequest.orgOfficeCode}
                    </if>
                    <if test="request.orgQueryConditionRequest.orgAreaCode!=null and request.orgQueryConditionRequest.orgAreaCode !=''">
                        and c.org_area_id = #{request.orgQueryConditionRequest.orgAreaCode}
                    </if>
                    <if test="request.orgQueryConditionRequest.orgType!=null">
                        and c.counter_type = #{request.orgQueryConditionRequest.orgType}
                    </if>
                    <if test="request.orgQueryConditionRequest.orgStatus!=null">
                        and c.is_del = #{request.orgQueryConditionRequest.orgStatus}
                    </if>
                </if>
            </if>
        </where>
        GROUP BY i.prd_bar_code
        ) d ON s.prd_bar_code = d.prd_bar_code and s.counter_id = d.counter_id
        <where>
            <if test="(request.prdBarCode!=null and request.prdBarCode!='') or (request.productName!=null and request.productName!='') ">
                and s.prd_bar_code in (
                <include refid="prdBarCodeList"/>
                )
            </if>
            <if test="request.orgQueryConditionRequest!=null">
                <if test="request.orgQueryConditionRequest.counterId!=null and request.orgQueryConditionRequest.counterId !=''">
                    and s.counter_id = #{request.orgQueryConditionRequest.counterId}
                </if>
                <if test="request.orgQueryConditionRequest.counterId==null or request.orgQueryConditionRequest.counterId ==''">
                    <if test="request.orgQueryConditionRequest.orgPrincipalCode!=null and request.orgQueryConditionRequest.orgPrincipalCode !=''">
                        and c.org_master_id = #{request.orgQueryConditionRequest.orgPrincipalCode}
                    </if>
                    <if test="request.orgQueryConditionRequest.orgOfficeCode!=null and request.orgQueryConditionRequest.orgOfficeCode !=''">
                        and c.org_office_id = #{request.orgQueryConditionRequest.orgOfficeCode}
                    </if>
                    <if test="request.orgQueryConditionRequest.orgAreaCode!=null and request.orgQueryConditionRequest.orgAreaCode !=''">
                        and c.org_area_id = #{request.orgQueryConditionRequest.orgAreaCode}
                    </if>
                    <if test="request.orgQueryConditionRequest.orgType!=null">
                        and c.counter_type = #{request.orgQueryConditionRequest.orgType}
                    </if>
                    <if test="request.orgQueryConditionRequest.orgStatus!=null">
                        and c.is_del = #{request.orgQueryConditionRequest.orgStatus}
                    </if>
                </if>
            </if>
        </where>
        GROUP BY s.prd_bar_code ) d

    </select>

    <select id="queryStock" resultType="com.ruihe.common.dao.bean.warehouse.WhStockPo">
        SELECT s.* from t_wh_stock s, t_product p
        where s.prd_bar_code = p.prd_bar_code and s.big_cat_code!= p.big_cat_code
        limit 1000
    </select>

    <update id="updateStock">
        <foreach collection="list" item="item" index="index" open="" close="" separator=";">
            update t_wh_stock
            <set>
                name=${item.name}
            </set>
            where id = ${item.id}
        </foreach>
    </update>
</mapper>