<?xml version="1.0" encoding="UTF-8"?>
<!DOCTYPE mapper PUBLIC "-//mybatis.org//DTD Mapper 3.0//EN" "http://mybatis.org/dtd/mybatis-3-mapper.dtd">
<mapper namespace="com.ruihe.admin.mapper.erp.document.WhTransferMapper">


    <select id="queryWhTransfer" resultType="com.ruihe.admin.response.erp.WhTransferQueryResponse">
        select
        a.transfer_order_no transferOrderNo,
        a.in_counter_id inCounterId,
        a.in_counter_name inCounterName,
        a.out_counter_id outCounterId,
        a.out_counter_name outCounterName,
        a.in_goods_qty ackInQty,
        a.status status,
        a.create_time createTime
        from t_wh_transfer a
        where 1=1
        and a.status !=1
        <if test="request.transferOrderNo!=null and request.transferOrderNo!='' ">
            and a.transfer_order_no LIKE CONCAT('%',#{request.transferOrderNo},'%')
        </if>
        <if test="queryRequest!=null">
            <if test="queryRequest.counterId!=null and queryRequest.counterId !=''">
                and (a.in_counter_id = #{queryRequest.counterId} or a.out_counter_id = #{queryRequest.counterId})
            </if>
            <if test="queryRequest.counterId==null or queryRequest.counterId ==''">

                and (a.in_counter_id in
                (select counter_id from t_counter_info where 1 = 1
                <if test="queryRequest.orgPrincipalCode!=null and queryRequest.orgPrincipalCode !=''">
                    and org_master_id = #{queryRequest.orgPrincipalCode}
                </if>
                <if test="queryRequest.orgOfficeCode!=null and queryRequest.orgOfficeCode !=''">
                    and org_office_id = #{queryRequest.orgOfficeCode}
                </if>
                <if test="queryRequest.orgAreaCode!=null and queryRequest.orgAreaCode !=''">
                    and org_area_id = #{queryRequest.orgAreaCode}
                </if>
                <if test="queryRequest.orgType!=null">
                    and counter_type = #{queryRequest.orgType}
                </if>
                <if test="queryRequest.orgStatus!=null">
                    and is_del = #{queryRequest.orgStatus}
                </if>
                )
                or a.out_counter_id in
                (select counter_id from t_counter_info where 1 = 1
                <if test="queryRequest.orgPrincipalCode!=null and queryRequest.orgPrincipalCode !=''">
                    and org_master_id = #{queryRequest.orgPrincipalCode}
                </if>
                <if test="queryRequest.orgOfficeCode!=null and queryRequest.orgOfficeCode !=''">
                    and org_office_id = #{queryRequest.orgOfficeCode}
                </if>
                <if test="queryRequest.orgAreaCode!=null and queryRequest.orgAreaCode !=''">
                    and org_area_id = #{queryRequest.orgAreaCode}
                </if>
                <if test="queryRequest.orgType!=null">
                    and counter_type = #{queryRequest.orgType}
                </if>
                <if test="queryRequest.orgStatus!=null">
                    and is_del = #{queryRequest.orgStatus}
                </if>
                )
                )
            </if>
        </if>
        <if test="request.startTime!=null ">
            and a.create_time &gt;=#{request.startTime}
        </if>
        <if test="request.endTime!=null">
            and a.create_time &lt;=#{request.endTime}
        </if>
        <if test="request.status!=null">
            and a.status =#{request.status}
        </if>
        order by a.create_time desc
    </select>

    <select id="queryWhTransferCount" resultType="Long">
        select
        count(1)
        from t_wh_transfer a,t_counter_info b
        where 1=1
        <if test="request.transferOrderNo!=null and request.transferOrderNo!='' ">
            and a.transfer_order_no LIKE CONCAT('%',#{request.transferOrderNo},'%')
        </if>
        <if test="queryRequest!=null">
            <if test="queryRequest.counterId!=null and queryRequest.counterId !=''">
                and a.in_counter_id = #{queryRequest.counterId}
            </if>
            <if test="queryRequest.counterId==null or queryRequest.counterId ==''">
                <if test="queryRequest.orgPrincipalCode!=null and queryRequest.orgPrincipalCode !=''">
                    and b.org_master_id = #{queryRequest.orgPrincipalCode}
                </if>
                <if test="queryRequest.orgOfficeCode!=null and queryRequest.orgOfficeCode !=''">
                    and b.org_office_id = #{queryRequest.orgOfficeCode}
                </if>
                <if test="queryRequest.orgAreaCode!=null and queryRequest.orgAreaCode !=''">
                    and b.org_area_id = #{queryRequest.orgAreaCode}
                </if>
                <if test="queryRequest.orgType!=null">
                    and b.counter_type = #{queryRequest.orgType}
                </if>
                <if test="queryRequest.orgStatus!=null">
                    and b.is_del = #{queryRequest.orgStatus}
                </if>
            </if>
        </if>
        <if test="request.startTime!=null">
            and a.create_time &gt;=#{request.startTime}
        </if>
        <if test="request.endTime!=null">
            and a.create_time &lt;=#{request.endTime}
        </if>
        <if test="request.status!=null">
            and a.status =#{request.status}
        </if>
    </select>

    <select id="queryResult" resultType="com.ruihe.admin.response.erp.WhTransferResultResponse">
        select
        sum(c.in_qty) qty,
        sum(c.in_qty*c.member_price) amt
        from t_wh_transfer a,t_wh_transfer_item c
        where 1=1
        and a.transfer_order_no=c.transfer_order_no
        <if test="request.transferOrderNo!=null and request.transferOrderNo!='' ">
            and a.transfer_order_no LIKE CONCAT('%',#{request.transferOrderNo},'%')
        </if>
        <if test="queryRequest!=null">
            <if test="queryRequest.counterId!=null and queryRequest.counterId !=''">
                and (a.in_counter_id = #{queryRequest.counterId} or a.out_counter_id = #{queryRequest.counterId})
            </if>
            <if test="queryRequest.counterId==null or queryRequest.counterId ==''">

                and (a.in_counter_id in
                (select counter_id from t_counter_info where 1 = 1
                <if test="queryRequest.orgPrincipalCode!=null and queryRequest.orgPrincipalCode !=''">
                    and org_master_id = #{queryRequest.orgPrincipalCode}
                </if>
                <if test="queryRequest.orgOfficeCode!=null and queryRequest.orgOfficeCode !=''">
                    and org_office_id = #{queryRequest.orgOfficeCode}
                </if>
                <if test="queryRequest.orgAreaCode!=null and queryRequest.orgAreaCode !=''">
                    and org_area_id = #{queryRequest.orgAreaCode}
                </if>
                <if test="queryRequest.orgType!=null">
                    and counter_type = #{queryRequest.orgType}
                </if>
                <if test="queryRequest.orgStatus!=null">
                    and is_del = #{queryRequest.orgStatus}
                </if>
                )
                or a.out_counter_id in
                (select counter_id from t_counter_info where 1 = 1
                <if test="queryRequest.orgPrincipalCode!=null and queryRequest.orgPrincipalCode !=''">
                    and org_master_id = #{queryRequest.orgPrincipalCode}
                </if>
                <if test="queryRequest.orgOfficeCode!=null and queryRequest.orgOfficeCode !=''">
                    and org_office_id = #{queryRequest.orgOfficeCode}
                </if>
                <if test="queryRequest.orgAreaCode!=null and queryRequest.orgAreaCode !=''">
                    and org_area_id = #{queryRequest.orgAreaCode}
                </if>
                <if test="queryRequest.orgType!=null">
                    and counter_type = #{queryRequest.orgType}
                </if>
                <if test="queryRequest.orgStatus!=null">
                    and is_del = #{queryRequest.orgStatus}
                </if>
                )
                )
            </if>
        </if>
        <if test="request.startTime!=null">
            and a.create_time &gt;=#{request.startTime}
        </if>
        <if test="request.endTime!=null">
            and a.create_time &lt;=#{request.endTime}
        </if>
        <if test="request.status!=null">
            and a.status =#{request.status}
        </if>
    </select>

    <select id="queryListCount" resultType="java.lang.Long">
        select
        count(a.transfer_order_no)
        from t_wh_transfer a
        where a.status !=1
        <if test="request.transferOrderNo!=null and request.transferOrderNo!='' ">
            and a.transfer_order_no LIKE CONCAT('%',#{request.transferOrderNo},'%')
        </if>
        <if test="queryRequest!=null">
            <if test="queryRequest.counterId!=null and queryRequest.counterId !=''">
                and (a.in_counter_id = #{queryRequest.counterId} or a.out_counter_id = #{queryRequest.counterId})
            </if>
            <if test="queryRequest.counterId==null or queryRequest.counterId ==''">

                and (a.in_counter_id in
                (select counter_id from t_counter_info where 1 = 1
                <if test="queryRequest.orgPrincipalCode!=null and queryRequest.orgPrincipalCode !=''">
                    and org_master_id = #{queryRequest.orgPrincipalCode}
                </if>
                <if test="queryRequest.orgOfficeCode!=null and queryRequest.orgOfficeCode !=''">
                    and org_office_id = #{queryRequest.orgOfficeCode}
                </if>
                <if test="queryRequest.orgAreaCode!=null and queryRequest.orgAreaCode !=''">
                    and org_area_id = #{queryRequest.orgAreaCode}
                </if>
                <if test="queryRequest.orgType!=null">
                    and counter_type = #{queryRequest.orgType}
                </if>
                <if test="queryRequest.orgStatus!=null">
                    and is_del = #{queryRequest.orgStatus}
                </if>
                )
                or a.out_counter_id in
                (select counter_id from t_counter_info where 1 = 1
                <if test="queryRequest.orgPrincipalCode!=null and queryRequest.orgPrincipalCode !=''">
                    and org_master_id = #{queryRequest.orgPrincipalCode}
                </if>
                <if test="queryRequest.orgOfficeCode!=null and queryRequest.orgOfficeCode !=''">
                    and org_office_id = #{queryRequest.orgOfficeCode}
                </if>
                <if test="queryRequest.orgAreaCode!=null and queryRequest.orgAreaCode !=''">
                    and org_area_id = #{queryRequest.orgAreaCode}
                </if>
                <if test="queryRequest.orgType!=null">
                    and counter_type = #{queryRequest.orgType}
                </if>
                <if test="queryRequest.orgStatus!=null">
                    and is_del = #{queryRequest.orgStatus}
                </if>
                )
                )
            </if>
        </if>
        <if test="request.startTime!=null ">
            and a.create_time &gt;=#{request.startTime}
        </if>
        <if test="request.endTime!=null">
            and a.create_time &lt;=#{request.endTime}
        </if>
        <if test="request.status!=null">
            and a.status =#{request.status}
        </if>
    </select>

    <select id="masterListExcel" resultType="com.ruihe.admin.response.erp.TransferMasterExcelResponse">
        select
        a.transfer_order_no transferOrderNo,
        a.in_counter_id inCounterId,
        a.in_counter_name inCounterName,
        a.out_counter_id outCounterId,
        a.out_counter_name outCounterName,
        a.in_goods_qty inGoodsQty,
        DATE_FORMAT(a.create_time, '%Y-%m-%d %H:%i:%s') createTime,
        DATE_FORMAT(a.ack_out_time, '%Y-%m-%d %H:%i:%s') ackOutTime,
        a.in_amt inAmt,
        ELT(FIELD(a.`status`,'2','3','4'),'待调出','确认调出','拒绝') status,
        a.out_ba_name outBaName
        from t_wh_transfer a
        where a.status !=1
        <if test="request.transferOrderNo!=null and request.transferOrderNo!='' ">
            and a.transfer_order_no LIKE CONCAT('%',#{request.transferOrderNo},'%')
        </if>
        <if test="queryRequest!=null">
            <if test="queryRequest.counterId!=null and queryRequest.counterId !=''">
                and (a.in_counter_id = #{queryRequest.counterId} or a.out_counter_id = #{queryRequest.counterId})
            </if>
            <if test="queryRequest.counterId==null or queryRequest.counterId ==''">

                and (a.in_counter_id in
                (select counter_id from t_counter_info where 1 = 1
                <if test="queryRequest.orgPrincipalCode!=null and queryRequest.orgPrincipalCode !=''">
                    and org_master_id = #{queryRequest.orgPrincipalCode}
                </if>
                <if test="queryRequest.orgOfficeCode!=null and queryRequest.orgOfficeCode !=''">
                    and org_office_id = #{queryRequest.orgOfficeCode}
                </if>
                <if test="queryRequest.orgAreaCode!=null and queryRequest.orgAreaCode !=''">
                    and org_area_id = #{queryRequest.orgAreaCode}
                </if>
                <if test="queryRequest.orgType!=null">
                    and counter_type = #{queryRequest.orgType}
                </if>
                <if test="queryRequest.orgStatus!=null">
                    and is_del = #{queryRequest.orgStatus}
                </if>
                )
                or a.out_counter_id in
                (select counter_id from t_counter_info where 1 = 1
                <if test="queryRequest.orgPrincipalCode!=null and queryRequest.orgPrincipalCode !=''">
                    and org_master_id = #{queryRequest.orgPrincipalCode}
                </if>
                <if test="queryRequest.orgOfficeCode!=null and queryRequest.orgOfficeCode !=''">
                    and org_office_id = #{queryRequest.orgOfficeCode}
                </if>
                <if test="queryRequest.orgAreaCode!=null and queryRequest.orgAreaCode !=''">
                    and org_area_id = #{queryRequest.orgAreaCode}
                </if>
                <if test="queryRequest.orgType!=null">
                    and counter_type = #{queryRequest.orgType}
                </if>
                <if test="queryRequest.orgStatus!=null">
                    and is_del = #{queryRequest.orgStatus}
                </if>
                )
                )
            </if>
        </if>
        <if test="request.startTime!=null ">
            and a.create_time &gt;=#{request.startTime}
        </if>
        <if test="request.endTime!=null">
            and a.create_time &lt;=#{request.endTime}
        </if>
        <if test="request.status!=null">
            and a.status =#{request.status}
        </if>
        order by a.create_time desc
    </select>

    <select id="queryItemListCount" resultType="java.lang.Long">
        select
        count(a.transfer_order_no)
        from t_wh_transfer a
        left join t_wh_transfer_item b on a.transfer_order_no =b.transfer_order_no
        where a.status !=1
        <if test="request.transferOrderNo!=null and request.transferOrderNo!='' ">
            and a.transfer_order_no LIKE CONCAT('%',#{request.transferOrderNo},'%')
        </if>
        <if test="queryRequest!=null">
            <if test="queryRequest.counterId!=null and queryRequest.counterId !=''">
                and (a.in_counter_id = #{queryRequest.counterId} or a.out_counter_id = #{queryRequest.counterId})
            </if>
            <if test="queryRequest.counterId==null or queryRequest.counterId ==''">

                and (a.in_counter_id in
                (select counter_id from t_counter_info where 1 = 1
                <if test="queryRequest.orgPrincipalCode!=null and queryRequest.orgPrincipalCode !=''">
                    and org_master_id = #{queryRequest.orgPrincipalCode}
                </if>
                <if test="queryRequest.orgOfficeCode!=null and queryRequest.orgOfficeCode !=''">
                    and org_office_id = #{queryRequest.orgOfficeCode}
                </if>
                <if test="queryRequest.orgAreaCode!=null and queryRequest.orgAreaCode !=''">
                    and org_area_id = #{queryRequest.orgAreaCode}
                </if>
                <if test="queryRequest.orgType!=null">
                    and counter_type = #{queryRequest.orgType}
                </if>
                <if test="queryRequest.orgStatus!=null">
                    and is_del = #{queryRequest.orgStatus}
                </if>
                )
                or a.out_counter_id in
                (select counter_id from t_counter_info where 1 = 1
                <if test="queryRequest.orgPrincipalCode!=null and queryRequest.orgPrincipalCode !=''">
                    and org_master_id = #{queryRequest.orgPrincipalCode}
                </if>
                <if test="queryRequest.orgOfficeCode!=null and queryRequest.orgOfficeCode !=''">
                    and org_office_id = #{queryRequest.orgOfficeCode}
                </if>
                <if test="queryRequest.orgAreaCode!=null and queryRequest.orgAreaCode !=''">
                    and org_area_id = #{queryRequest.orgAreaCode}
                </if>
                <if test="queryRequest.orgType!=null">
                    and counter_type = #{queryRequest.orgType}
                </if>
                <if test="queryRequest.orgStatus!=null">
                    and is_del = #{queryRequest.orgStatus}
                </if>
                )
                )
            </if>
        </if>
        <if test="request.startTime!=null ">
            and a.create_time &gt;=#{request.startTime}
        </if>
        <if test="request.endTime!=null">
            and a.create_time &lt;=#{request.endTime}
        </if>
        <if test="request.status!=null">
            and a.status =#{request.status}
        </if>
    </select>

    <select id="itemListExcel" resultType="com.ruihe.admin.response.erp.TransferItemExcelResponse">
        select
        a.transfer_order_no transferOrderNo,
        a.in_counter_id inCounterId,
        a.in_counter_name inCounterName,
        a.in_ba_code inBaCode,
        a.in_ba_name inBaName,
        a.out_counter_id outCounterId,
        a.out_counter_name outCounterName,
        b.prd_bar_code as prdBarCode,
        b.goods_bar_code as goodsBarCode,
        b.prd_name as prdName,
        b.in_qty inQty,
        b.member_price memberPrice,
        b.in_qty*b.member_price inAmt,
        ELT(FIELD(a.`status`,'2','3','4'),'待调出','确认调出','拒绝') status,
        DATE_FORMAT(a.create_time, '%Y-%m-%d %H:%i:%s') createTime,
        DATE_FORMAT(a.ack_out_time, '%Y-%m-%d %H:%i:%s') ackOutTime
        from t_wh_transfer a
        left join t_wh_transfer_item b on a.transfer_order_no =b.transfer_order_no
        where a.status !=1
        <if test="request.transferOrderNo!=null and request.transferOrderNo!='' ">
            and a.transfer_order_no LIKE CONCAT('%',#{request.transferOrderNo},'%')
        </if>
        <if test="queryRequest!=null">
            <if test="queryRequest.counterId!=null and queryRequest.counterId !=''">
                and (a.in_counter_id = #{queryRequest.counterId} or a.out_counter_id = #{queryRequest.counterId})
            </if>
            <if test="queryRequest.counterId==null or queryRequest.counterId ==''">

                and (a.in_counter_id in
                (select counter_id from t_counter_info where 1 = 1
                <if test="queryRequest.orgPrincipalCode!=null and queryRequest.orgPrincipalCode !=''">
                    and org_master_id = #{queryRequest.orgPrincipalCode}
                </if>
                <if test="queryRequest.orgOfficeCode!=null and queryRequest.orgOfficeCode !=''">
                    and org_office_id = #{queryRequest.orgOfficeCode}
                </if>
                <if test="queryRequest.orgAreaCode!=null and queryRequest.orgAreaCode !=''">
                    and org_area_id = #{queryRequest.orgAreaCode}
                </if>
                <if test="queryRequest.orgType!=null">
                    and counter_type = #{queryRequest.orgType}
                </if>
                <if test="queryRequest.orgStatus!=null">
                    and is_del = #{queryRequest.orgStatus}
                </if>
                )
                or a.out_counter_id in
                (select counter_id from t_counter_info where 1 = 1
                <if test="queryRequest.orgPrincipalCode!=null and queryRequest.orgPrincipalCode !=''">
                    and org_master_id = #{queryRequest.orgPrincipalCode}
                </if>
                <if test="queryRequest.orgOfficeCode!=null and queryRequest.orgOfficeCode !=''">
                    and org_office_id = #{queryRequest.orgOfficeCode}
                </if>
                <if test="queryRequest.orgAreaCode!=null and queryRequest.orgAreaCode !=''">
                    and org_area_id = #{queryRequest.orgAreaCode}
                </if>
                <if test="queryRequest.orgType!=null">
                    and counter_type = #{queryRequest.orgType}
                </if>
                <if test="queryRequest.orgStatus!=null">
                    and is_del = #{queryRequest.orgStatus}
                </if>
                )
                )
            </if>
        </if>
        <if test="request.startTime!=null ">
            and a.create_time &gt;=#{request.startTime}
        </if>
        <if test="request.endTime!=null">
            and a.create_time &lt;=#{request.endTime}
        </if>
        <if test="request.status!=null">
            and a.status =#{request.status}
        </if>
    </select>
</mapper>