<?xml version="1.0" encoding="UTF-8"?>
<!DOCTYPE mapper PUBLIC "-//mybatis.org//DTD Mapper 3.0//EN" "http://mybatis.org/dtd/mybatis-3-mapper.dtd">
<mapper namespace="com.ruihe.admin.mapper.basic.CounterMapper">

    <select id="searchMation" resultType="com.ruihe.common.dao.bean.base.CounterInformation">
        select
        counter_id as counterId,
        counter_name as counterName,
        org_master_name as orgMasterName,
        large_area_name as largeAreaName,
        province_name as provinceName,
        city_name as cityName,
        channel_name as channelName,
        is_del as isDel,
        principal_emp_status as principalEmpStatus,
        principal_emp_id as principalEmpId,
        principal_emp_name as principalEmpName
        from `t_counter_info` where 1=1
        <if test="request.orgMasterName!=null and request.orgMasterName!='' ">
            and `principal_emp_name` LIKE CONCAT('%',#{request.orgMasterName},'%')
        </if>
        <if test="request.counterName!=null and request.counterName!='' ">
            and `counter_name` LIKE CONCAT('%',#{request.counterName},'%')
        </if>
        <if test="request.counterId!=null and request.counterId!='' ">
            and `counter_id` LIKE CONCAT('%',#{request.counterId},'%')
        </if>
        <if test="request.counterAddress!=null and request.counterAddress!='' ">
            and `counter_address` LIKE CONCAT('%',#{request.counterAddress},'%')
        </if>
        <if test="request.provinceCode!=null and request.provinceCode!='' ">
            and `province_code`=#{request.provinceCode}
        </if>
        <if test="request.cityCode!=null and request.cityCode!=''  ">
            and `city_code`=#{request.cityCode}
        </if>
        <if test="request.channelCode!=null and request.channelCode!='' ">
            and `channel_code`=#{request.channelCode}
        </if>

        <if test="request.isDel!=null  ">
            and `is_del`=#{request.isDel}
        </if>
        order by create_time desc,counter_id asc
    </select>


    <select id="selectAll" resultType="java.lang.String">
        select
        counter_id as counterId
        from `t_counter_info` where 1=1
        <if test="request.orgAreaCode!=null and request.orgAreaCode!='' ">
            and `org_area_id`=#{request.orgAreaCode}
        </if>
        <if test="request.orgOfficeCode!=null and request.orgOfficeCode!='' ">
            and `org_office_id`=#{request.orgOfficeCode}
        </if>
        <if test="request.orgPrincipalCode!=null and request.orgPrincipalCode!='' ">
            and `org_master_id`=#{request.orgPrincipalCode}
        </if>
        <if test="request.counterId!=null and request.counterId!='' ">
            and `counter_id`=#{request.counterId}
        </if>
        <if test="request.orgType!=null ">
            and `counter_type`=#{request.orgType}
        </if>
        <if test="request.orgStatus!=null  ">
            and `is_del`=#{request.orgStatus}
        </if>
    </select>


    <select id="searchMationExcel" resultType="com.ruihe.common.pojo.response.basic.CounterExcelResponse">
        select
        'HZYJ' brandName,
        counter_id AS counterId,
        counter_name AS counterName,
        sn AS sn,
        ELT( FIELD( operational_model, '10005', '10006' ), '直营', '加盟' ) AS operationalModel,
        large_area_name AS largeAreaName,
        province_name AS provinceName,
        city_name AS cityName,
        channel_name AS channelName,
        ELT( FIELD( counter_type, '10001', '10002' ), '正式柜台', '测试柜台' ) AS counterType,
        ELT( FIELD( is_del, '0', '1' ), '有效', '无效' ) AS isDel,
        counter_address AS counterAddress,
        '杭州原极(OrgHZYJ)' headquarter,
        '杭州原极(HZYJ)' brand,
        org_area_name orgAreaName,
        org_office_name orgOfficeName,
        org_master_name orgMasterName
        from `t_counter_info` where 1=1
        <if test="request.orgMasterName!=null and request.orgMasterName!='' ">
            and `principal_emp_name` LIKE CONCAT('%',#{request.orgMasterName},'%')
        </if>
        <if test="request.counterName!=null and request.counterName!='' ">
            and `counter_name` LIKE CONCAT('%',#{request.counterName},'%')
        </if>
        <if test="request.counterId!=null and request.counterId!='' ">
            and `counter_id` LIKE CONCAT('%',#{request.counterId},'%')
        </if>
        <if test="request.counterAddress!=null and request.counterAddress!='' ">
            and `counter_address` LIKE CONCAT('%',#{request.counterAddress},'%')
        </if>
        <if test="request.provinceCode!=null and request.provinceCode!='' ">
            and `province_code`=#{request.provinceCode}
        </if>
        <if test="request.cityCode!=null and request.cityCode!=''  ">
            and `city_code`=#{request.cityCode}
        </if>
        <if test="request.channelCode!=null and request.channelCode!='' ">
            and `channel_code`=#{request.channelCode}
        </if>

        <if test="request.isDel!=null  ">
            and `is_del`=#{request.isDel}
        </if>
        order by create_time desc,counter_id asc
    </select>


    <update id="updateDepartment">
        UPDATE t_counter_info set
        <if test="dept.deptType == 4">
            org_area_name = #{topDeptName},
            org_area_id = #{topDeptId},
            org_office_name = #{dept.upDeptName},
            org_office_id = #{dept.upDeptId},
            org_master_name = #{dept.deptName}
            where org_master_id = #{dept.deptId}
        </if>
        <if test="dept.deptType == 3">
            org_area_name = #{dept.upDeptName},
            org_area_id = #{dept.upDeptId},
            org_office_name = #{dept.deptName}
            where org_office_id = #{dept.deptId}
        </if>
        <if test="dept.deptType == 2">
            org_area_name = #{dept.deptName}
            where org_area_id = #{dept.deptId}
        </if>
    </update>

    <select id="selectForExcel" resultType="com.ruihe.common.pojo.response.basic.CounterExcelResponse">
        select
        counter_id as counterId,
        counter_name as counterName,
        org_master_name as orgMasterName,
        large_area_name as largeAreaName,
        province_name as provinceName,
        city_name as cityName,
        channel_name as channelName,
        is_del as isDel,
        principal_emp_status as principalEmpStatus,
        principal_emp_id as principalEmpId,
        principal_emp_name as principalEmpName
        from `t_counter_info` where 1=1
        <if test="request.orgMasterName!=null and request.orgMasterName!='' ">
            and `principal_emp_name` LIKE CONCAT('%',#{request.orgMasterName},'%')
        </if>
        <if test="request.counterName!=null and request.counterName!='' ">
            and `counter_name` LIKE CONCAT('%',#{request.counterName},'%')
        </if>
        <if test="request.counterId!=null and request.counterId!='' ">
            and `counter_id` LIKE CONCAT('%',#{request.counterId},'%')
        </if>
        <if test="request.counterAddress!=null and request.counterAddress!='' ">
            and `counter_address` LIKE CONCAT('%',#{request.counterAddress},'%')
        </if>
        <if test="request.provinceCode!=null and request.provinceCode!='' ">
            and `province_code`=#{request.provinceCode}
        </if>
        <if test="request.cityCode!=null and request.cityCode!=''  ">
            and `city_code`=#{request.cityCode}
        </if>
        <if test="request.channelCode!=null and request.channelCode!='' ">
            and `channel_code`=#{request.channelCode}
        </if>

        <if test="request.isDel!=null  ">
            and `is_del`=#{request.isDel}
        </if>
        order by create_time desc,counter_id asc
    </select>
</mapper>











