<?xml version="1.0" encoding="UTF-8" ?>
<!DOCTYPE mapper
        PUBLIC "-//mybatis.org//DTD Mapper 3.0//EN"
        "http://mybatis.org/dtd/mybatis-3-mapper.dtd">
<mapper namespace="com.ruihe.admin.mapper.basic.DepartmentMapper">
    <resultMap id="BaseResultMap" type="com.ruihe.common.dao.bean.base.Department">
        <id column="dept_id" property="deptId"/>
        <result column="brand_name" property="brandName"/>
        <result column="dept_type" property="deptType"/>
        <result column="up_dept_id" property="upDeptId"/>
        <result column="up_dept_name" property="upDeptName"/>
        <result column="up_dept_type" property="upDeptType"/>
        <result column="is_test" property="isTest"/>
        <result column="dept_name" property="deptName"/>
        <result column="status" property="status"/>
        <result column="create_time" property="createTime"/>
        <result column="update_time" property="updateTime"/>
    </resultMap>

    <!-- 通用查询结果列 -->
    <sql id="Base_Column_List">
        dept_id,
        brand_name,
        dept_type,
        up_dept_id,
        up_dept_name,
        up_dept_type,
        is_test,
        dept_name,
        status,
        create_time,
        update_time
    </sql>

</mapper>