<?xml version="1.0" encoding="UTF-8"?>
<!DOCTYPE mapper PUBLIC "-//mybatis.org//DTD Mapper 3.0//EN" "http://mybatis.org/dtd/mybatis-3-mapper.dtd">
<mapper namespace="com.ruihe.admin.mapper.employee.EmployeeFileImportItemMapper">

    <!--批量插入-->
    <insert id="batchInsert">
        INSERT INTO `t_employee_file_import_item` (
        `import_serial_no`,
        `emp_id`,
        `brand_name`,
        `name`,
        `position_code`,
        `position_name`,
        `phone_no`,
        `id_card`,
        `dept_code`,
        `dept_name`,
        `dept_type`,
        `recent_entry_time`,
        `create_time`,
        `update_time`
        ) VALUES
        <foreach collection="list" item="e" separator=",">
            (#{e.importSerialNo},
            #{e.empId},
            #{e.brandName},
            #{e.name},
            #{e.positionCode},
            #{e.positionName},
            #{e.phoneNo},
            #{e.idCard},
            #{e.deptCode},
            #{e.deptName},
            #{e.deptType},
            #{e.recentEntryTime},
            #{e.createTime},
            #{e.updateTime})
        </foreach>
    </insert>

    <select id="queryImportDetail" resultType="com.ruihe.admin.po.EmployeesPo">
        select
        a.brand_name as brandName,
        a.name,
        a.position_name as positionName,
        a.phone_no as phoneNo,
        a.id_card as idCard,
        a.dept_name as deptName,
        a.dept_type as deptType,
        a.emp_id as empId,
        a.dept_code as counterId,
        b.operational_model AS operationalModel
        from t_employee_file_import_item a
        LEFT JOIN `t_counter_info` b ON a.dept_code = b.counter_id
        where 1=1
        <if test="name != null and name != ''">
            and name like "%"#{name}"%"
        </if>
        <if test="idCard != null and idCard != ''">
            AND id_card = #{idCard}
        </if>
        <if test="importSerialNo != null and importSerialNo != ''">
            AND import_serial_no = #{importSerialNo}
        </if>
    </select>

    <select id="queryTotal" resultType="long">
        select
        count(1)
        from t_employee_file_import_item
        where 1=1
        <if test="name != null and name != ''">
            and name like "%"#{name}"%"
        </if>
        <if test="idCard != null and idCard != ''">
            AND id_card = #{idCard}
        </if>
        <if test="importSerialNo != null and importSerialNo != ''">
            AND import_serial_no = #{importSerialNo}
        </if>
    </select>
</mapper>