<?xml version="1.0" encoding="UTF-8" ?>
<!DOCTYPE mapper
        PUBLIC "-//mybatis.org//DTD Mapper 3.0//EN"
        "http://mybatis.org/dtd/mybatis-3-mapper.dtd">
<mapper namespace="com.ruihe.admin.mapper.basic.EmployeeOperationFieldsMapper">
    <!-- 通用查询映射结果 -->
    <resultMap id="BaseResultMap" type="com.ruihe.common.dao.bean.base.EmployeeOperationFields">
        <id column="opt_id" property="optId"/>
        <result column="emp_id" property="empId"/>
        <result column="field" property="field"/>
        <result column="field_before" property="fieldBefore"/>
        <result column="field_after" property="fieldAfter"/>
    </resultMap>

    <!-- 通用查询结果列 -->
    <sql id="Base_Column_List">
        opt_id,
        emp_id,
        field,
        field_before,
        field_after
    </sql>

    <insert id="batchInsert">
        INSERT INTO t_employee_operation_fields (opt_id,emp_id,field,field_before,field_after)
        VALUES
        <foreach collection="list" item="e" separator=",">
            (#{e.optId},#{e.empId},#{e.field},#{e.fieldBefore},#{e.fieldAfter})
        </foreach>
    </insert>

</mapper>