<?xml version="1.0" encoding="UTF-8"?>
<!DOCTYPE mapper PUBLIC "-//mybatis.org//DTD Mapper 3.0//EN" "http://mybatis.org/dtd/mybatis-3-mapper.dtd">
<mapper namespace="com.ruihe.admin.mapper.basic.ProductMapper">

    <!--更新产品表中分类名称-->
    <update id="updateCategoryName">
        <if test="category.level==1">
            UPDATE t_product p set p.big_cat_name = #{category.name}
            where p.big_cat_code = #{category.id}
        </if>
        <if test="category.level==2">
            UPDATE t_product p set p.medium_cat_name = #{category.name}
            where p.medium_cat_code = #{category.id}
        </if>
        <if test="category.level==3">
            UPDATE t_product p set p.small_cat_name = #{category.name}
            where p.small_cat_code = #{category.id}
        </if>
    </update>
</mapper>
