<?xml version="1.0" encoding="UTF-8"?>
<!DOCTYPE mapper PUBLIC "-//mybatis.org//DTD Mapper 3.0//EN" "http://mybatis.org/dtd/mybatis-3-mapper.dtd">
<mapper namespace="com.ruihe.admin.mapper.basic.ProductCategoryMapper">

    <!--更新库存-->
    <update id="updateStockCategory">
        UPDATE
        t_wh_stock s, t_product p
        set
        s.big_cat_code = p.big_cat_code,
        s.big_cat_name = p.big_cat_name,
        s.medium_cat_code = p.medium_cat_code,
        s.medium_cat_name = p.medium_cat_name,
        s.small_cat_code = p.small_cat_code,
        s.small_cat_name = p.small_cat_name
        where s.prd_bar_code = p.prd_bar_code and s.big_cat_code!=p.big_cat_code
        and s.create_time between #{startTime} and #{endTime}
    </update>

    <update id="updateStockLogCategory">
        UPDATE
            t_wh_stock_log s, t_product p
        set
            s.big_cat_code = p.big_cat_code,
            s.big_cat_name = p.big_cat_name,
            s.medium_cat_code = p.medium_cat_code,
            s.medium_cat_name = p.medium_cat_name,
            s.small_cat_code = p.small_cat_code,
            s.small_cat_name = p.small_cat_name
        where s.prd_bar_code = p.prd_bar_code and s.big_cat_code!=p.big_cat_code
          and s.create_time between #{startTime} and #{endTime}
    </update>

    <update id="updateOrderItemCategory">
        UPDATE
            t_pos_order_item oi, t_pos_order o, t_product p
        set
            oi.big_cat_code = p.big_cat_code,
            oi.big_cat_name = p.big_cat_name,
            oi.medium_cat_code = p.medium_cat_code,
            oi.medium_cat_name = p.medium_cat_name,
            oi.small_cat_code = p.small_cat_code,
            oi.small_cat_name = p.small_cat_name
        where oi.prd_bar_code = p.prd_bar_code
            and oi.big_cat_code != p.big_cat_code
            and oi.order_no = o.order_no
          and o.biz_time between #{startTime} and #{endTime}
    </update>

    <select id="nextId" resultType="java.lang.Integer">
        select max(id)+1 as nextId from t_product_category for update
    </select>
</mapper>
