<?xml version="1.0" encoding="UTF-8"?>
<!DOCTYPE mapper PUBLIC "-//mybatis.org//DTD Mapper 3.0//EN" "http://mybatis.org/dtd/mybatis-3-mapper.dtd">
<mapper namespace="com.ruihe.admin.mapper.basic.RegionQueryMapper">

    <!--查询省份code-->
    <select id="queryProvinceCode" resultType="com.ruihe.admin.response.basic.QueryRegionResponse">
        SELECT
        `level`,
        region_code,
        parent_code
        FROM
        t_region
        <where>
            is_del = '0'
            <if test="regionName!=null and regionName!=''">
                and region_name=#{regionName}
            </if>
            <if test="level!=null">
                and level=#{level}
            </if>
        </where>
    </select>

</mapper>