<?xml version="1.0" encoding="UTF-8"?>
<!DOCTYPE mapper PUBLIC "-//mybatis.org//DTD Mapper 3.0//EN" "http://mybatis.org/dtd/mybatis-3-mapper.dtd">
<mapper namespace="com.ruihe.common.dao.mapper.UserAccountMapper">

    <!-- 通用查询映射结果 -->
    <resultMap id="BaseResultMap" type="com.ruihe.common.dao.bean.login.UserAccount">
        <result column="account" property="account"/>
        <result column="user_id" property="userId"/>
        <result column="password" property="password"/>
        <result column="status" property="status"/>
        <result column="create_id" property="createId"/>
        <result column="update_id" property="updateId"/>
        <result column="create_time" property="createTime"/>
        <result column="update_time" property="updateTime"/>
    </resultMap>

    <!-- 通用查询结果列 -->
    <sql id="Base_Column_List">
        account,
        create_time,
        password,
        status,
        create_id,
        update_id,
        update_time,
        user_id
    </sql>

    <!-- 帐号管理查询 -->
    <select id="selectAccountResponseList" resultType="com.ruihe.common.pojo.response.basic.AccountRespone">
        select a.emp_id as userUid,
        a.name as userName,
        b.account as account,
        b.status as status
        from t_employee a , t_user_account b
        where a.emp_id = b.user_id
        <if test="accountName !=null and accountName !=''">
            and a.name like CONCAT('%',#{accountName},'%')
        </if>
        <if test="account != null and account != ''">
            and a.account like CONCAT('%', #{account}, '%')
        </if>
        <if test="status != null">
            and b.status = #{status}
        </if>
        <if test="menuUid != null and menuUid != ''">
            AND b.user_id IN ( SELECT user_uid FROM t_role_menu m, t_account_role r WHERE m.role_uid = r.role_uid AND
            m.menu_uid = #{menuUid} )
        </if>
        <if test="jurUid != null and jurUid != ''">
            AND b.user_id IN ( SELECT user_uid FROM t_account_role r, t_role_jurisdiction j WHERE r.role_uid = j.role_uid
            AND j.status = 0
            AND j.jur_uid = #{jurUid} )
        </if>
        order by a.create_time,a.emp_id DESC
    </select>

    <!-- 角色管理查询 -->
    <select id="selectRoles" resultType="com.ruihe.common.dao.bean.base.RoleMation">
        SELECT
        m.uid,
        m.role_name as roleName,
        m.role_describe as roleDescribe,
        m.role_status as roleStatus,
        m.create_time as createTime
        FROM
        ( t_role_mation m, t_role_menu t )
        <if test="jurUid != null and jurUid != ''">
            LEFT JOIN t_role_jurisdiction j ON m.uid = j.role_uid
        </if>
        WHERE 1=1
        <if test="roleName !=null and roleName !=''">
            and m.role_name like CONCAT('%',#{roleName},'%')
        </if>
        <if test="roleStatus != null">
            and m.role_status = #{roleStatus}
        </if>
        <if test="menuUid != null and menuUid != ''">
            and t.menu_uid = #{menuUid}
        </if>
        <if test="jurUid != null and jurUid != ''">
            and m.uid = t.role_uid
            and j.status = 0
            and j.jur_uid = #{jurUid}
        </if>
        GROUP BY m.uid
    </select>
</mapper>
