<?xml version="1.0" encoding="UTF-8" ?>
<!DOCTYPE mapper
        PUBLIC "-//mybatis.org//DTD Mapper 3.0//EN"
        "http://mybatis.org/dtd/mybatis-3-mapper.dtd">
<mapper namespace="com.ruihe.common.dao.mapper.UserInformationMapper">
    <!-- 通用查询映射结果 -->
    <resultMap id="BaseResultMap" type="com.ruihe.common.dao.bean.base.UserInformation">
        <id column="emp_id" property="empId"/>
        <result column="brand_name" property="brandName"/>
        <result column="name" property="name"/>
        <result column="position_code" property="positionCode"/>
        <result column="account" property="account"/>
        <result column="account_status" property="accountStatus"/>
        <result column="position_name" property="positionName"/>
        <result column="telephone" property="telephone"/>
        <result column="dept_code" property="deptCode"/>
        <result column="dept_name" property="deptName"/>
        <result column="phone_no" property="phoneNo"/>
        <result column="email" property="email"/>
        <result column="id_card" property="idCard"/>
        <result column="status" property="status"/>
        <result column="recent_entry_time" property="recentEntryTime"/>
        <result column="recent_leave_time" property="recentLeaveTime"/>
        <result column="create_time" property="createTime"/>
        <result column="update_time" property="updateTime"/>
    </resultMap>

    <!-- 通用查询结果列 -->
    <sql id="Base_Column_List">
        emp_id,
        brand_name,
        name,
        position_code,
        position_name,
        account,
        account_status,
        telephone,
        dept_code,
        dept_name,
        phone_no,
        email,
        id_card,
        status,
        recent_entry_time,
        recent_leave_time,
        create_time,
        update_time
    </sql>

    <select id="counterBa" resultType="com.ruihe.common.dao.bean.base.UserInformation">
        select a.emp_id,
        a.name,
        a.dept_code,
        a.dept_name
        from t_employee a,
        t_employee_counter b
        where a.emp_id = b.emp_id
        and a.status=1
        <if test="counterId !=null and counterId !=''">
            and b.counter_code =#{counterId}
        </if>
        <if test="codeName !=null and codeName !=''">
            and a.name LIKE CONCAT('%',#{codeName},'%')
        </if>
    </select>

    <select id="searchUsers" resultType="com.ruihe.common.dao.bean.base.EmployeePo">
        select
        a.emp_id AS empId,
        a.brand_name AS brandName,
        a.`name`,
        a.position_code AS positionCode,
        a.position_name AS positionName,
        a.account,
        a.account_status AS accountStatus,
        a.telephone,
        a.dept_code AS deptCode,
        a.dept_name AS deptName,
        a.dept_type AS deptType,
        a.phone_no AS phoneNo,
        a.email,
        a.id_card AS idCard,
        a.`status`,
        a.recent_entry_time AS recentEntryTime,
        a.recent_leave_time AS recentLeaveTime,
        a.create_time AS createTime,
        a.update_time AS updateTime,
        GROUP_CONCAT(distinct d.dept_name) AS userConcernVoList,
        GROUP_CONCAT(distinct e.dept_name) AS departmentList
        FROM
        `t_employee` a
        LEFT JOIN `t_employee_dept` d ON a.emp_id = d.emp_id
        LEFT JOIN `t_employee_concern` e ON a.emp_id = e.emp_id
        where 1=1
        <if test="request.empId !=null and request.empId!='' ">
            and a.emp_id =#{request.empId}
        </if>
        <if test="request.name !=null and request.name!='' ">
            and a.`name` LIKE CONCAT('%',#{request.name},'%')
        </if>
        <if test="request.phoneNo !=null and request.phoneNo!='' ">
            and a.`phone_no` LIKE CONCAT('%',#{request.phoneNo},'%')
        </if>
        <if test="request.status !=null ">
            and a.status =#{request.status}
        </if>
        <if test="request.positionCode !=null and request.positionCode!='' ">
            and a.position_code =#{request.positionCode}
        </if>
        <if test="request.deptCode !=null and request.deptCode!='' ">
            and a.dept_code =#{request.deptCode}
        </if>
        <if test="request.account !=null and request.account!='' ">
            and a.account =#{request.account}
        </if>
        <if test="request.counterId !=null and request.counterId!='' ">
            and a.emp_id in
            (
            SELECT
            e.emp_id
            FROM
            `t_employee_counter` AS c,
            `t_employee` AS e
            WHERE
            c.emp_id = e.emp_id
            AND c.counter_code =#{request.counterId}
            )
        </if>
        <if test="request.createTimeStart !=null ">
            and a.create_time &gt;= #{request.createTimeStart}
        </if>
        <if test="request.createTimeEnd !=null  ">
            and a.create_time &lt;= #{request.createTimeEnd}
        </if>
        <if test="request.updateTimeStart !=null ">
            and a.update_time &gt;= #{request.updateTimeStart}
        </if>
        <if test="request.updateTimeEnd !=null  ">
            and a.update_time &lt;= #{request.updateTimeEnd}
        </if>
        GROUP BY a.emp_id
        ORDER BY a.update_time desc
    </select>

    <select id="searchUserss" resultType="com.ruihe.common.dao.bean.base.EmployeePos">
        select
        a.emp_id AS empId,
        a.brand_name AS brandName,
        a.`name`,
        a.position_code AS positionCode,
        a.position_name AS positionName,
        a.account,
        a.account_status AS accountStatus,
        a.telephone,
        a.dept_code AS deptCode,
        a.dept_name AS deptName,
        a.dept_type AS deptType,
        a.phone_no AS phoneNo,
        a.email,
        a.id_card AS idCard,
        a.`status`,
        a.recent_entry_time AS recentEntryTime,
        a.recent_leave_time AS recentLeaveTime,
        a.create_time AS createTime,
        a.update_time AS updateTime,
        b.operational_model AS operationalModel,
        GROUP_CONCAT(distinct d.dept_name) AS userConcernVoList,
        GROUP_CONCAT(distinct e.dept_name) AS departmentList
        FROM
        `t_employee` a
        LEFT JOIN `t_employee_dept` d ON a.emp_id = d.emp_id
        LEFT JOIN `t_employee_concern` e ON a.emp_id = e.emp_id
        LEFT JOIN `t_counter_info` b ON a.dept_code = b.counter_id
        where 1=1
        <if test="request.empId !=null and request.empId!='' ">
            and a.emp_id =#{request.empId}
        </if>
        <if test="request.name !=null and request.name!='' ">
            and a.`name` LIKE CONCAT('%',#{request.name},'%')
        </if>
        <if test="request.phoneNo !=null and request.phoneNo!='' ">
            and a.`phone_no` LIKE CONCAT('%',#{request.phoneNo},'%')
        </if>
        <if test="request.status !=null ">
            and a.status =#{request.status}
        </if>
        <if test="request.positionCode !=null and request.positionCode!='' ">
            and a.position_code =#{request.positionCode}
        </if>
        <if test="request.deptCode !=null and request.deptCode!='' ">
            and a.dept_code =#{request.deptCode}
        </if>
        <if test="request.account !=null and request.account!='' ">
            and a.account =#{request.account}
        </if>
        <if test="request.counterId !=null and request.counterId!='' ">
            and a.emp_id in
            (
            SELECT
            e.emp_id
            FROM
            `t_employee_counter` AS c,
            `t_employee` AS e
            WHERE
            c.emp_id = e.emp_id
            AND c.counter_code =#{request.counterId}
            )
        </if>
        <if test="request.createTimeStart !=null ">
            and a.create_time &gt;= #{request.createTimeStart}
        </if>
        <if test="request.createTimeEnd !=null  ">
            and a.create_time &lt;= #{request.createTimeEnd}
        </if>
        <if test="request.updateTimeStart !=null ">
            and a.update_time &gt;= #{request.updateTimeStart}
        </if>
        <if test="request.updateTimeEnd !=null  ">
            and a.update_time &lt;= #{request.updateTimeEnd}
        </if>
        GROUP BY a.emp_id
        ORDER BY a.update_time desc
    </select>

    <select id="searchUsersCount" resultType="java.lang.Integer">
        SELECT
        count( 0 )
        FROM
        (
        select
        count(0)
        FROM
        `t_employee` a
        LEFT JOIN `t_employee_dept` d ON a.emp_id = d.emp_id
        LEFT JOIN `t_employee_concern` e ON a.emp_id = e.emp_id
        where 1=1
        <if test="request.empId !=null and request.empId!='' ">
            and a.emp_id =#{request.empId}
        </if>
        <if test="request.name !=null and request.name!='' ">
            and a.`name` LIKE CONCAT('%',#{request.name},'%')
        </if>
        <if test="request.phoneNo !=null and request.phoneNo!='' ">
            and a.`phone_no` LIKE CONCAT('%',#{request.phoneNo},'%')
        </if>
        <if test="request.status !=null ">
            and a.status =#{request.status}
        </if>
        <if test="request.positionCode !=null and request.positionCode!='' ">
            and a.position_code =#{request.positionCode}
        </if>
        <if test="request.deptCode !=null and request.deptCode!='' ">
            and a.dept_code =#{request.deptCode}
        </if>
        <if test="request.account !=null and request.account!='' ">
            and a.account =#{request.account}
        </if>
        <if test="request.counterId !=null and request.counterId!='' ">
            and a.emp_id in
            (
            SELECT
            e.emp_id
            FROM
            `t_employee_counter` AS c,
            `t_employee` AS e
            WHERE
            c.emp_id = e.emp_id
            AND c.counter_code =#{request.counterId}
            )
        </if>
        <if test="request.createTimeStart !=null  ">
            and a.create_time &gt;= #{request.createTimeStart}
        </if>
        <if test="request.createTimeEnd !=null ">
            and a.create_time &lt;= #{request.createTimeEnd}
        </if>
        <if test="request.updateTimeStart !=null">
            and a.update_time &gt;= #{request.updateTimeStart}
        </if>
        <if test="request.updateTimeEnd !=null ">
            and a.update_time &lt;= #{request.updateTimeEnd}
        </if>
        GROUP BY a.emp_id) as s
    </select>

</mapper>