<?xml version="1.0" encoding="UTF-8"?>
<!DOCTYPE mapper PUBLIC "-//mybatis.org//DTD Mapper 3.0//EN" "http://mybatis.org/dtd/mybatis-3-mapper.dtd">
<mapper namespace="com.ruihe.admin.mapper.basic.UserCounterMapper">

    <!-- 通用查询映射结果 -->
    <resultMap id="BaseResultMap" type="com.ruihe.common.dao.bean.base.UserCounter">
        <id column="emp_id" property="empId"/>
        <result column="name" property="name"/>
        <result column="phone_no" property="phoneNo"/>
        <result column="counter_code" property="counterCode"/>
        <result column="counter_name" property="counterName"/>
        <result column="is_master" property="isMaster"/>
        <result column="create_time" property="createTime"/>
        <result column="update_time" property="updateTime"/>
    </resultMap>

    <!-- 通用查询结果列 -->
    <sql id="Base_Column_List">
        emp_id
        ,
        name,
        phone_no,
        counter_code,
        counter_name,
        is_master,
        create_time,
        update_time
    </sql>
    <!--批量插入-->
    <insert id="batchInsert">
        INSERT INTO t_employee_counter(emp_id, name, phone_no, counter_code, counter_name, is_master,
        create_time, update_time)
        VALUES
        <foreach collection="list" item="e" separator=",">
            (#{e.empId},#{e.name},#{e.phoneNo},#{e.counterCode},#{e.counterName},#{e.isMaster},#{e.createTime},now(3))
        </foreach>
    </insert>

</mapper>
