<?xml version="1.0" encoding="UTF-8"?>
<!DOCTYPE mapper PUBLIC "-//mybatis.org//DTD Mapper 3.0//EN" "http://mybatis.org/dtd/mybatis-3-mapper.dtd">
<mapper namespace="com.ruihe.admin.mapper.basic.UserConcernMapper">

    <!-- 通用查询映射结果 -->
    <resultMap id="BaseResultMap" type="com.ruihe.common.dao.bean.base.UserConcernPo">
        <id column="emp_id" property="empId"/>
        <result column="dept_code" property="deptCode"/>
        <result column="dept_name" property="deptName"/>
        <result column="dept_type" property="deptType"/>
        <result column="dept_status" property="deptStatus"/>
        <result column="create_time" property="createTime"/>
        <result column="update_time" property="updateTime"/>
    </resultMap>

    <!-- 通用查询结果列 -->
    <sql id="Base_Column_List">
        emp_id,
        dept_code,
        dept_name,
        dept_type,
        dept_status,
        create_time,
        update_time
    </sql>
    <!--批量插入-->
    <insert id="batchInsert">
        INSERT INTO t_employee_concern(emp_id,dept_code,dept_name,dept_type,dept_status,create_time,update_time)
        VALUES
        <foreach collection="list" item="e" separator=",">
            (#{e.empId},#{e.deptCode},#{e.deptName},#{e.deptType},#{e.deptStatus},#{e.createTime},now(3))
        </foreach>
    </insert>

</mapper>
