<?xml version="1.0" encoding="UTF-8"?>
<!DOCTYPE mapper PUBLIC "-//mybatis.org//DTD Mapper 3.0//EN" "http://mybatis.org/dtd/mybatis-3-mapper.dtd">
<mapper namespace="com.ruihe.admin.mapper.communicate.RecordMapper">

    <select id="queryRecord" resultType="com.ruihe.admin.po.MsgRecordPo">
        SELECT
        create_time  createTime,
        contact  contact,
        content  content,
        status  status
        FROM
        t_msg_record
        where 1 = 1
        <if test="status != null">
            AND status = #{status}
        </if>
        <if test="contact != null and contact !=''">
            AND contact like "%"#{contact}"%"
        </if>
        order by create_time desc
    </select>

    <select id="queryTotal" resultType="long">
        SELECT
            COUNT(*)
        FROM
            t_msg_record
        where 1 = 1
        <if test="status != null">
            AND status = #{status}
        </if>
        <if test="contact != null and contact !=''">
            AND contact like "%"#{contact}"%"
        </if>
        order by create_time desc
    </select>
</mapper>