<?xml version="1.0" encoding="UTF-8"?>
<!DOCTYPE mapper PUBLIC "-//mybatis.org//DTD Mapper 3.0//EN" "http://mybatis.org/dtd/mybatis-3-mapper.dtd">
<mapper namespace="com.ruihe.admin.mapper.order.PosOrderItemMapper">

    <select id="queryBigCat" resultType="com.ruihe.admin.response.member.BigCatProportionResponse">
        SELECT
        DISTINCT
        big_cat_code as bigCatCode,
        big_cat_name as bigCatName,
        sum(pur_qty) as qty
        FROM
        t_pos_order_item
        <where>
            sale_price>0
            <if test="memberId != null and memberId != ''">
                AND member_id= #{memberId}
            </if>
        </where>
        GROUP BY
        big_cat_name,
        big_cat_code
    </select>

    <select id="queryMediumCat" resultType="com.ruihe.admin.response.member.MediumCatProportionResponse">
        SELECT
        DISTINCT
        medium_cat_code as mediumCatCode,
        medium_cat_name as mediumCatName,
        sum(pur_qty) as qty
        FROM
        t_pos_order_item
        <where>
            sale_price>0
            <if test="memberId != null and memberId != ''">
                AND member_id= #{memberId}
            </if>
        </where>
        GROUP BY
        medium_cat_name,
        medium_cat_code
    </select>

    <select id="querySmallCat" resultType="com.ruihe.admin.response.member.SmallCatProportionResponse">
        SELECT
        DISTINCT
        small_cat_code as smallCatCode,
        small_cat_name as smallCatName,
        sum(pur_qty) as qty
        FROM
        t_pos_order_item
        <where>
            sale_price>0
            <if test="memberId != null and memberId != ''">
                AND member_id= #{memberId}
            </if>
        </where>
        GROUP BY
        small_cat_name,
        small_cat_code
    </select>

    <select id="selectOrderDetail" resultType="com.ruihe.common.pojo.response.order.MemberOrderItemResponse">
        select
        a.order_no,
        a.counter_id,
        a.counter_name,
        a.member_phone,
        a.prd_bar_code,
        a.goods_bar_code,
        a.prd_name,
        a.sale_price,
        a.pur_qty,
        a.pro_type,
        a.activity_desc,
        a.create_time as bizTime,
        b.ba_code,
        b.ba_name,
        b.trans_type,
        a.is_virtual
        from t_pos_order_item a,t_pos_order b
        where a.order_no = b.order_no
        <if test="request.orderNo != null and request.orderNo !='' ">
            and b.order_no like CONCAT('%',#{request.orderNo},'%')
        </if>
        <if test="startTime != null">
            and b.biz_time &gt;= #{startTime}
        </if>

        <if test="endTime != null">
            and b.biz_time &lt; #{endTime}
        </if>

        <if test="request.transType != null ">
            and b.trans_type = #{request.transType}
        </if>

        <if test="request.orderType != null and request.orderType.size>0 ">
            and b.order_type in
            <foreach collection="request.orderType" index="index" item="item" open="(" separator="," close=")">
                #{item}
            </foreach>
        </if>

        <if test="request.activityType != null and request.activityType != 1">
            AND b.activity_type = #{request.activityType}
        </if>

        <if test="request.activityType != null and request.activityType == 1">
            AND (b.activity_type = #{request.activityType} or b.activity_type =4)
        </if>
        <if test="request.memberId != null and request.memberId !='' ">
            and b.member_id = #{request.memberId}
        </if>
        order by a.create_time DESC ,a.order_no DESC
    </select>

    <select id="selectOrderDetailCount" resultType="java.lang.Long">
        select
        count(*)
        from t_pos_order_item a,t_pos_order b
        where a.order_no = b.order_no
        <if test="request.orderNo != null and request.orderNo !='' ">
            and b.order_no like CONCAT('%',#{request.orderNo},'%')
        </if>
        <if test="startTime != null">
            and b.biz_time &gt;= #{startTime}
        </if>
        <if test="endTime != null">
            and b.biz_time &lt; #{endTime}
        </if>
        <if test="request.transType != null ">
            and b.trans_type = #{request.transType}
        </if>
        <if test="request.orderType != null and request.orderType.size>0 ">
            and b.order_type in
            <foreach collection="request.orderType" index="index" item="item" open="(" separator="," close=")">
                #{item}
            </foreach>
        </if>
        <if test="request.activityType != null and request.activityType != 1">
            AND b.activity_type = #{request.activityType}
        </if>
        <if test="request.activityType != null and request.activityType == 1">
            AND (b.activity_type = #{request.activityType} or b.activity_type =4)
        </if>
        <if test="request.memberId != null and request.memberId !='' ">
            and b.member_id = #{request.memberId}
        </if>
        order by a.create_time DESC ,a.order_no DESC
    </select>
</mapper>
