<?xml version="1.0" encoding="UTF-8"?>
<!DOCTYPE mapper PUBLIC "-//mybatis.org//DTD Mapper 3.0//EN" "http://mybatis.org/dtd/mybatis-3-mapper.dtd">
<mapper namespace="com.ruihe.admin.mapper.order.PosOrderMapper">

    <!--会员详情页中的消费计算->最近购买的时间-->
    <select id="queryLatelyTime" resultType="com.ruihe.admin.response.member.MemberDiffTimeResponse">
        SELECT biz_time lastTime,
        counter_id counterId,
        counter_name counterName
        FROM t_pos_order
        where 1=1
        <if test="memberId != null and memberId != ''">
            AND member_id = #{memberId}
        </if>
        ORDER BY biz_time DESC
        LIMIT 1
    </select>


    <select id="queryFirstTime" resultType="com.ruihe.admin.response.member.MemberDiffTimeResponse">
        SELECT biz_time firstTime,
        counter_id firstCounterId,
        counter_name firstCounterName
        FROM t_pos_order
        where 1=1
        <if test="memberId != null and memberId != ''">
            AND member_id = #{memberId}
        </if>
        ORDER BY biz_time
        LIMIT 1
    </select>

    <select id="queryDate" resultType="com.ruihe.admin.response.member.MemberAnalysisResponse">
        select
        ifnull(count(case when trans_type=1 THEN ABS(order_no) when trans_type=-1 then -ABS(order_no) END),0) buyCount,
        ifnull(sum(case when trans_type=1 THEN ABS(real_amt) END),0) buyAmt,
        ifnull(sum(case when trans_type=1 THEN ABS(goods_qty) END),0) buyQty
        from
        t_pos_order
        <where>
            <if test="startDate != null">
                AND create_time &gt;= concat(#{startDate},' 00:00:00')
            </if>
            <if test="endDate != null">
                AND create_time &lt;= concat(#{endDate},' 23:59:59')
            </if>
            <if test="memberId != null and memberId != ''">
                AND member_id= #{memberId}
            </if>
        </where>
    </select>

    <select id="queryAvlQty" resultType="com.ruihe.admin.response.member.MemberDiffTimeResponse">
        select
        avl_qty avlQty
        from
        t_integral_account
        <where>
            <if test="memberId != null and memberId != ''">
                AND member_id= #{memberId}
            </if>
        </where>
    </select>

    <select id="queryTime" resultType="com.ruihe.admin.response.member.MemberTimeResponse">
        select
        update_time updateTime
        from
        t_member_level_log
        <where>
            <if test="memberId != null and memberId != ''">
                AND member_id= #{memberId}
            </if>
        </where>
        order by update_time desc limit 1
    </select>

    <select id="list" resultType="com.ruihe.admin.response.erp.PaymentReportResponse">
        select a.order_no as orderNo,
        a.pre_order_no as preOrderNo,
        a.counter_id as counterId,
        a.counter_name as counterName,
        a.member_name as memberName,
        a.member_phone as memberPhone,
        a.order_chan_name as orderChanName,
        a.ba_code as baCode,
        a.ba_name as baName,
        a.real_amt as realAmt,
        a.receipt_no as receiptNo,
        a.trans_type as transType,
        a.order_type as orderType,
        a.biz_time as bizTime,
        c.pay_amt as payAmt,
        c.pay_channel as payChannel
        from t_pos_order a
        <if test="request.startTime!=null || request.endTime!=null">
            FORCE INDEX(`idx_biz_time`)
        </if>,
        t_counter_info b,
        t_pos_pmt_order c
        where a.order_no = c.order_no
        and b.counter_id=c.counter_id
        and a.counter_id=c.counter_id
        <if test="request.orderNo!=null and request.orderNo!='' ">
            and a.order_no LIKE CONCAT('%',#{request.orderNo},'%')
        </if>
        <if test="request.startTime!=null ">
            and a.biz_time &gt;=#{request.startTime}
        </if>
        <if test="request.endTime!=null ">
            and a.biz_time &lt; #{request.endTime}
        </if>
        <if test="request.payChannel!=null">
            and c.pay_channel =#{request.payChannel}
        </if>
        <if test="queryRequest!=null">
            <if test="queryRequest.counterId!=null and queryRequest.counterId !=''">
                and a.counter_id = #{queryRequest.counterId}
            </if>
            <if test="queryRequest.counterId==null or queryRequest.counterId ==''">
                <if test="queryRequest.orgPrincipalCode!=null and queryRequest.orgPrincipalCode !=''">
                    and b.org_master_id = #{queryRequest.orgPrincipalCode}
                </if>
                <if test="queryRequest.orgOfficeCode!=null and queryRequest.orgOfficeCode !=''">
                    and b.org_office_id = #{queryRequest.orgOfficeCode}
                </if>
                <if test="queryRequest.orgAreaCode!=null and queryRequest.orgAreaCode !=''">
                    and b.org_area_id = #{queryRequest.orgAreaCode}
                </if>
                <if test="queryRequest.orgType!=null">
                    and b.counter_type = #{queryRequest.orgType}
                </if>
                <if test="queryRequest.orgStatus!=null">
                    and b.is_del = #{queryRequest.orgStatus}
                </if>
            </if>
        </if>
        order by a.biz_time desc
    </select>

    <select id="queryListCount" resultType="java.lang.Long">
        select count(0)
        from t_pos_order a
        <if test="request.startTime!=null || request.endTime!=null">
            FORCE INDEX(`idx_biz_time`)
        </if>,
        t_counter_info b,
        t_pos_pmt_order c
        where a.order_no = c.order_no
        and b.counter_id=c.counter_id
        and a.counter_id=c.counter_id
        <if test="request.orderNo!=null and request.orderNo!='' ">
            and a.order_no LIKE CONCAT('%',#{request.orderNo},'%')
        </if>
        <if test="request.startTime!=null ">
            and a.biz_time &gt;=#{request.startTime}
        </if>
        <if test="request.endTime!=null ">
            and a.biz_time &lt; #{request.endTime}
        </if>
        <if test="request.payChannel!=null">
            and c.pay_channel =#{request.payChannel}
        </if>
        <if test="queryRequest!=null">
            <if test="queryRequest.counterId!=null and queryRequest.counterId !=''">
                and a.counter_id = #{queryRequest.counterId}
            </if>
            <if test="queryRequest.counterId==null or queryRequest.counterId ==''">
                <if test="queryRequest.orgPrincipalCode!=null and queryRequest.orgPrincipalCode !=''">
                    and b.org_master_id = #{queryRequest.orgPrincipalCode}
                </if>
                <if test="queryRequest.orgOfficeCode!=null and queryRequest.orgOfficeCode !=''">
                    and b.org_office_id = #{queryRequest.orgOfficeCode}
                </if>
                <if test="queryRequest.orgAreaCode!=null and queryRequest.orgAreaCode !=''">
                    and b.org_area_id = #{queryRequest.orgAreaCode}
                </if>
                <if test="queryRequest.orgType!=null">
                    and b.counter_type = #{queryRequest.orgType}
                </if>
                <if test="queryRequest.orgStatus!=null">
                    and b.is_del = #{queryRequest.orgStatus}
                </if>
            </if>
        </if>
    </select>

    <select id="queryListExcel" resultType="com.ruihe.admin.response.erp.PaymentExcelResponse">
        select a.order_no as orderNo,
        DATE_FORMAT(a.biz_time, '%Y-%m-%d %H:%i:%s') as bizTime,
        a.counter_id as counterId,
        a.counter_name as counterName,
        a.ba_code as baCode,
        a.ba_name as baName,
        c.pay_channel as payChannel,
        c.pay_amt as payAmt,
        a.real_amt as realAmt
        from t_pos_order a
        <if test="request.startTime!=null || request.endTime!=null">
            FORCE INDEX(`idx_biz_time`)
        </if>,
        t_counter_info b,
        t_pos_pmt_order c
        where a.order_no = c.order_no
        and b.counter_id=c.counter_id
        and a.counter_id=c.counter_id
        <if test="request.orderNo!=null and request.orderNo!='' ">
            and a.order_no LIKE CONCAT('%',#{request.orderNo},'%')
        </if>
        <if test="request.startTime!=null ">
            and a.biz_time &gt;=#{request.startTime}
        </if>
        <if test="request.endTime!=null ">
            and a.biz_time &lt; #{request.endTime}
        </if>
        <if test="request.payChannel!=null">
            and c.pay_channel =#{request.payChannel}
        </if>
        <if test="queryRequest!=null">
            <if test="queryRequest.counterId!=null and queryRequest.counterId !=''">
                and a.counter_id = #{queryRequest.counterId}
            </if>
            <if test="queryRequest.counterId==null or queryRequest.counterId ==''">
                <if test="queryRequest.orgPrincipalCode!=null and queryRequest.orgPrincipalCode !=''">
                    and b.org_master_id = #{queryRequest.orgPrincipalCode}
                </if>
                <if test="queryRequest.orgOfficeCode!=null and queryRequest.orgOfficeCode !=''">
                    and b.org_office_id = #{queryRequest.orgOfficeCode}
                </if>
                <if test="queryRequest.orgAreaCode!=null and queryRequest.orgAreaCode !=''">
                    and b.org_area_id = #{queryRequest.orgAreaCode}
                </if>
                <if test="queryRequest.orgType!=null">
                    and b.counter_type = #{queryRequest.orgType}
                </if>
                <if test="queryRequest.orgStatus!=null">
                    and b.is_del = #{queryRequest.orgStatus}
                </if>
            </if>
        </if>
        order by a.biz_time desc
    </select>

    <select id="queryWithNoReturnByOldMember" resultType="com.ruihe.common.dao.bean.order.PosOrderItemPo">
        select
        a.order_no,
        a.counter_id,
        a.counter_name,
        a.member_id,
        oi.create_time,
        oi.amount,
        oi.prd_bar_code,
        oi.prd_name
        from t_pos_order a
        left join t_pos_order b on a.order_no = b.pre_order_no
        left join t_pos_order_item oi on a.order_no = oi.order_no
        left join t_member_info m on a.member_id = m.member_id
        where
            a.biz_time &gt;=#{startTime}
        and a.biz_time &lt; #{endTime}
        and a.member_id is not null
        and m.card_issuing_time &lt;#{startTime}
        and b.pre_order_no is null
        order by oi.create_time
    </select>

    <select id="queryWithNoReturn" resultType="com.ruihe.common.dao.bean.order.PosOrderItemPo">
        select
            a.order_no,
            a.counter_id,
            a.counter_name,
            a.member_id,
            oi.amount,
            oi.prd_bar_code,
            oi.prd_name,
            oi.create_time
        from t_pos_order a
                 left join t_pos_order b on a.order_no = b.pre_order_no
                 left join t_pos_order_item oi on a.order_no = oi.order_no
        where
            a.biz_time &gt;=#{startTime}
          and a.biz_time &lt; #{endTime}
          and a.member_id is not null
          and b.pre_order_no is null
        order by oi.create_time
    </select>

    <update id="updateDepartment">
        UPDATE t_pos_order set
        <if test="dept.deptType == 4">
            org_area_name = #{topDeptName},
            org_area_code = #{topDeptId},
            org_office_name = #{dept.upDeptName},
            org_office_code = #{dept.upDeptId},
            org_principal_name = #{dept.deptName}
            where org_principal_code = #{dept.deptId}
        </if>
        <if test="dept.deptType == 3">
            org_area_name = #{dept.upDeptName},
            org_area_code = #{dept.upDeptId},
            org_office_name = #{dept.deptName}
            where org_office_code = #{dept.deptId}
        </if>
        <if test="dept.deptType == 2">
            org_area_name = #{dept.deptName}
            where org_area_code = #{dept.deptId}
        </if>
    </update>
</mapper>