<?xml version="1.0" encoding="UTF-8"?>
<!DOCTYPE mapper PUBLIC "-//mybatis.org//DTD Mapper 3.0//EN" "http://mybatis.org/dtd/mybatis-3-mapper.dtd">
<mapper namespace="com.ruihe.admin.mapper.homepage.RealTimeSalesMapper">

    <!-- 通用查询映射结果 -->
    <resultMap id="BaseResultMap" type="com.ruihe.common.dao.bean.home.RealTimeSalesPo">
        <result column="id" property="id"/>
        <result column="crt_time" property="crtTime"/>
        <result column="point_time" property="pointTime"/>
        <result column="counter_id" property="counterId"/>
        <result column="counter_name" property="counterName"/>
        <result column="counter_chan_code" property="counterChanCode"/>
        <result column="counter_chan_name" property="counterChanName"/>
        <result column="amt" property="amt"/>
        <result column="qty" property="qty"/>
    </resultMap>

    <!-- 通用查询结果列 -->
    <sql id="Base_Column_List">
        id
        ,
        crt_time,
        point_time,
        counter_id,
        counter_name,
        counter_chan_code,
        counter_chan_name,
        amt,
        qty
    </sql>
    <select id="timeSharing" resultType="com.ruihe.common.pojo.response.homepage.TimeSharingResponse">
        select point_time as pointTime,
        sum(amt) as amt,
        sum(qty) as qty
        from t_real_time_sales where 1=1
        <if test="channelCode != null and channelCode != ''">
            and counter_chan_code = #{channelCode}
        </if>
        <if test="counterId != null and counterId != ''">
            and counter_id = #{counterId}
        </if>
        <if test="date != null">
            and crt_time = #{date}
        </if>
        group by point_time
        ORDER BY point_time
    </select>
    <select id="queryAmtAndQty" resultType="com.ruihe.common.pojo.response.homepage.AmtAndQty">
        select sum(amt) as totalAmt,
               sum(qty) as totalQty
        from t_real_time_sales where 1=1
        <if test="channelCode != null and channelCode != ''">
            and counter_chan_code = #{channelCode}
        </if>
        <if test="counterId != null and counterId != ''">
            and counter_id = #{counterId}
        </if>
        <if test="date != null">
            and crt_time = #{date}
        </if>
    </select>
    <select id="queryAmt" resultType="java.util.Map">
        select
            counter_chan_code as counterChanCode,
            sum(amt)          as amt
        from t_real_time_sales
        where crt_time = #{timeToday}
        group by counter_chan_code
    </select>
    <select id="queryQty" resultType="java.util.Map">
        select
            counter_chan_code as counterChanCode,
            sum(qty)          as qty
        from t_real_time_sales
        where crt_time = #{timeToday}
        group by counter_chan_code
    </select>
    <select id="getSalesVo" resultType="com.ruihe.common.pojo.response.socket.SalesVo">
        select
            sum(qty) as totalQty,
            sum(amt) as totalAmt
        from t_real_time_sales
        where crt_time = #{timeToday}
    </select>

</mapper>
