<?xml version="1.0" encoding="UTF-8"?>
<!DOCTYPE mapper PUBLIC "-//mybatis.org//DTD Mapper 3.0//EN" "http://mybatis.org/dtd/mybatis-3-mapper.dtd">
<mapper namespace="com.ruihe.admin.mapper.terminal.PosAuthorityCounterMapper">

    <!-- 通用查询映射结果 -->
    <resultMap id="BaseResultMap" type="com.ruihe.common.dao.bean.order.PosAuthorityCounterPo">
        <result column="authority_id" property="authorityId"/>
        <result column="counter_id" property="counterId"/>
        <result column="counter_name" property="counterName"/>
        <result column="area_code" property="areaCode"/>
        <result column="area_name" property="areaName"/>
        <result column="create_time" property="createTime"/>
        <result column="update_time" property="updateTime"/>
    </resultMap>

    <!-- 通用查询结果列 -->
    <sql id="Base_Column_List">
        authority_id,
        counter_id, counter_name,area_code,area_name, create_time, update_time
    </sql>

    <!--批量插入-->
    <insert id="batchInsert">
        INSERT INTO
        t_pos_authority_counter(
        authority_id,
        counter_id,
        counter_name,
        area_code,
        area_name,
        dept_type,
        create_time,
        update_time)
        VALUES
        <foreach collection="list" item="e" separator=",">
            (#{e.authorityId},
            #{e.counterId},
            #{e.counterName},
            #{e.areaCode},
            #{e.areaName},
            #{e.deptType},
            #{e.createTime},
            #{e.updateTime})
        </foreach>
    </insert>

</mapper>
