<?xml version="1.0" encoding="UTF-8"?>
<!DOCTYPE mapper PUBLIC "-//mybatis.org//DTD Mapper 3.0//EN" "http://mybatis.org/dtd/mybatis-3-mapper.dtd">
<mapper namespace="com.ruihe.app.mapper.plan.SalesPlanMapper">
    <resultMap id="selectByPlanObjectIdListAndPlanMemberType" type="com.ruihe.common.pojo.response.plan.SalesPlanInfoSimpleResponse">
        <result column="plan_id" property="planId" jdbcType="INTEGER"/>
        <result column="plan_object_id" property="planObjectId" jdbcType="VARCHAR"/>
        <result column="plan_object_type" property="planObjectType" jdbcType="VARCHAR"/>
        <result column="plan_nursing_item" property="planNursingItem" jdbcType="VARCHAR" typeHandler="com.ruihe.common.ArrayJsonHandler"/>
        <result column="ba_name" property="baName" jdbcType="VARCHAR"/>
        <result column="member_phone" property="memberPhone" jdbcType="VARCHAR"/>
        <result column="member_name" property="memberName" jdbcType="VARCHAR"/>
        <result column="member_id" property="memberId" jdbcType="VARCHAR"/>
        <result column="plan_member_type" property="planMemberType" jdbcType="VARCHAR"/>
        <result column="plan_time" property="planTime" jdbcType="TIMESTAMP"/>
        <result column="plan_amt" property="planAmt" jdbcType="DECIMAL"/>
        <result column="biz_id" property="bizId" jdbcType="VARCHAR"/>
    </resultMap>

    <resultMap id="selectByBizId" type="com.ruihe.common.dao.bean.plan.SalesPlanPo">
        <result column="plan_id" property="planId" jdbcType="INTEGER"/>
        <result column="plan_object_id" property="planObjectId" jdbcType="VARCHAR"/>
        <result column="plan_object_type" property="planObjectType" jdbcType="VARCHAR"/>
        <result column="plan_nursing_id" property="planNursingId" jdbcType="VARCHAR" typeHandler="com.ruihe.common.ArrayJsonHandler"/>
        <result column="plan_nursing_item" property="planNursingItem" jdbcType="VARCHAR" typeHandler="com.ruihe.common.ArrayJsonHandler"/>
        <result column="ba_name" property="baName" jdbcType="VARCHAR"/>
        <result column="ba_code" property="baCode" jdbcType="VARCHAR"/>
        <result column="member_phone" property="memberPhone" jdbcType="VARCHAR"/>
        <result column="counter_id" property="counterId" jdbcType="VARCHAR"/>
        <result column="counter_name" property="counterName" jdbcType="VARCHAR"/>
        <result column="member_name" property="memberName" jdbcType="VARCHAR"/>
        <result column="member_id" property="memberId" jdbcType="VARCHAR"/>
        <result column="plan_member_type" property="planMemberType" jdbcType="VARCHAR"/>
        <result column="biz_id" property="bizId" jdbcType="VARCHAR"/>
        <result column="plan_time" property="planTime" jdbcType="TIMESTAMP"/>
        <result column="create_time" property="createTime" jdbcType="TIMESTAMP"/>
        <result column="update_time" property="updateTime" jdbcType="TIMESTAMP"/>
        <result column="plan_amt" property="planAmt" jdbcType="DECIMAL"/>
    </resultMap>



    <select id="selectByBizIdListAndPlanMemberType" resultMap="selectByPlanObjectIdListAndPlanMemberType">
        select
        `plan_id` ,
        `plan_object_type` ,
        `plan_object_id` ,
        `plan_nursing_item` ,
        `plan_amt` ,
        `plan_time` ,
        `plan_member_type` ,
        `member_id` ,
        `member_name` ,
        `member_phone` ,
        `biz_id` ,
        `ba_name`
        from `t_sales_plan`
        where 1=1
        <if test="list != null and list.isEmpty() == false">
            and biz_id in
            <foreach collection="list"  item="item" open="(" separator="," close=")">
                #{item}
            </foreach>
        </if>
        <if test="planMemberType != null and planMemberType == false">
            and plan_member_type = #{planMemberType}
        </if>
    </select>

    <select id="selectByBizId" resultMap="selectByBizId">
        select
        `plan_id` ,
        `plan_object_type` ,
        `plan_object_id` ,
        `plan_nursing_id` ,
        `plan_nursing_item` ,
        `plan_amt` ,
        `plan_time` ,
        `counter_id` ,
        `counter_name` ,
        `plan_member_type` ,
        `member_id` ,
        `member_name` ,
        `member_phone` ,
        `ba_code` ,
        `ba_name`,
        `create_time` ,
        `update_time` ,
        `biz_id`
        from `t_sales_plan`
        where 1=1
        <if test="bizId!=null and bizId!='' ">
            and biz_id =#{bizId}
        </if>
    </select>

    <select id="selectPlanRecord" resultMap="selectByBizId">
        SELECT


        `plan_amt`,
        `plan_nursing_id`,
        `plan_nursing_item`,
        `plan_object_id`
        FROM
        `t_sales_plan`
        WHERE 1=1
        and plan_object_id in
        <foreach collection="ids" index="index" item="item" open="("
                 separator="," close=")">
            #{item}
        </foreach>
    </select>
</mapper>