<?xml version="1.0" encoding="UTF-8"?>
<!DOCTYPE mapper PUBLIC "-//mybatis.org//DTD Mapper 3.0//EN" "http://mybatis.org/dtd/mybatis-3-mapper.dtd">
<mapper namespace="com.ruihe.admin.mapper.member.MemberLevelDownMapper">

    <!-- 通用查询映射结果 -->
    <resultMap id="BaseResultMap" type="com.ruihe.common.dao.bean.member.MemberLevelDownPo">
        <id column="down_id" property="downId" />
        <result column="rule_id" property="ruleId" />
        <result column="after_level_code" property="afterLevelCode" />
        <result column="after_level_name" property="afterLevelName" />
        <result column="after_level" property="afterLevel" />
        <result column="description" property="description" />
        <result column="acc_amt" property="accAmt" />
        <result column="include_first" property="includeFirst" />
        <result column="create_time" property="createTime" />
    </resultMap>

    <!-- 通用查询结果列 -->
    <sql id="Base_Column_List">
        down_id, rule_id, after_level_code, after_level_name,after_level, description,acc_amt, include_first, create_time
    </sql>

    <!--批量插入-->
    <insert id="batchInsert">
        INSERT INTO t_member_level_down(rule_id, after_level_code, after_level_name,after_level,description, acc_amt, include_first, create_time)
        VALUES
        <foreach collection="list" item="e" separator=",">
            (#{e.ruleId},#{e.afterLevelCode},#{e.afterLevelName},#{e.afterLevel},#{e.description},#{e.accAmt},#{e.includeFirst},#{e.createTime})
        </foreach>
    </insert>
</mapper>
