<?xml version="1.0" encoding="UTF-8"?>
<!DOCTYPE mapper PUBLIC "-//mybatis.org//DTD Mapper 3.0//EN" "http://mybatis.org/dtd/mybatis-3-mapper.dtd">
<mapper namespace="com.ruihe.admin.mapper.member.MemberMapper">

    <!--会员表或者销售表别名是m的根据手机号、姓名、id查询会员信息-->
    <sql id="memberPhoneAndNameSearch">
        <if test="(request.mobilePhone != null and request.mobilePhone !='') or (request.memberName != null and request.memberName !='')">
            and m.member_id in (
            select member_id from t_member_info
            <where>
                <if test="request.mobilePhone != null and request.mobilePhone !='' ">
                    and mobile_phone = #{request.mobilePhone}
                </if>
                <if test="request.memberName != null and request.memberName !='' ">
                    and member_name like concat('%',#{request.memberName},'%')
                </if>
            </where>
            )
            <if test="request.memberId != null and request.memberId !='' ">
                and m.member_id = #{request.memberId}
            </if>
        </if>
    </sql>

    <!--销售表别名是po的根据手机号、姓名、id查询会员信息-->
    <sql id="memberPurchasePhoneAndNameSearch">
        <if test="(request.mobilePhone != null and request.mobilePhone !='') or (request.memberName != null and request.memberName !='')">
            and po.member_id in (
            select member_id from t_member_info
            <where>
                <if test="request.mobilePhone != null and request.mobilePhone !='' ">
                    and mobile_phone = #{request.mobilePhone}
                </if>
                <if test="request.memberName != null and request.memberName !='' ">
                    and member_name like concat('%',#{request.memberName},'%')
                </if>
            </where>
            )
            <if test="request.memberId != null and request.memberId !='' ">
                and m.member_id = #{request.memberId}
            </if>
        </if>
    </sql>

    <!--销售信息查询的时候，查询上半部分会员信息-->
    <sql id="memberInfoSearch">
        <if test="request.memberId != null and request.memberId !='' ">
            a.member_id = #{request.memberId}
        </if>
        <if test="request.memberLevelCodeList != null and request.memberLevelCodeList.size>0 ">
            and a.member_level_code in
            <foreach collection="request.memberLevelCodeList" index="index" item="item" open="(" separator=","
                     close=")">
                #{item}
            </foreach>
        </if>
        <if test="request.mobilePhone != null and request.mobilePhone !='' ">
            and (a.mobile_phone = #{request.mobilePhone}
            or a.member_card_number = #{request.mobilePhone})
        </if>
        <if test="request.memberName != null and request.memberName !='' ">
            and a.member_name like concat('%',#{request.memberName},'%')
        </if>
        <if test="request.rcmdMemberPhone != null and request.rcmdMemberPhone !='' ">
            and a.rcmd_member_phone = #{request.rcmdMemberPhone}
        </if>
        <if test="request.sex != null and request.sex !='' ">
            and a.sex = #{request.sex}
        </if>
        <if test="request.status != null">
            and a.status = #{request.status}
        </if>
        <if test="request.memberType != null">
            and a.member_type= #{request.memberType}
        </if>
        <if test="request.frontBirthday!=null and request.frontBirthday!=''">
            <if test="request.afterBirthday==null or request.afterBirthday==''">
                and
                CONCAT(SUBSTRING_INDEX(SUBSTRING_INDEX(a.birthday,'-',-2),'-',1),SUBSTRING_INDEX(SUBSTRING_INDEX(a.birthday,'-',-2),'-',-1))
                &gt;= #{request.frontBirthday}
            </if>
        </if>
        <if test="request.afterBirthday!=null and request.afterBirthday!=''">
            <if test="request.frontBirthday==null or request.frontBirthday==''">
                and
                CONCAT(SUBSTRING_INDEX(SUBSTRING_INDEX(a.birthday,'-',-2),'-',1),SUBSTRING_INDEX(SUBSTRING_INDEX(a.birthday,'-',-2),'-',-1))
                &lt;= #{request.afterBirthday}
            </if>
        </if>
        <if test="request.frontBirthday!=null and request.frontBirthday!='' and request.afterBirthday!=null and request.afterBirthday!=''">
            and (
            <if test="request.afterBirthday>=request.frontBirthday">
                CONCAT(SUBSTRING_INDEX(SUBSTRING_INDEX(a.birthday,'-',-2),'-',1),SUBSTRING_INDEX(SUBSTRING_INDEX(a.birthday,'-',-2),'-',-1))
                &gt;= #{request.frontBirthday}
                and
                CONCAT(SUBSTRING_INDEX(SUBSTRING_INDEX(a.birthday,'-',-2),'-',1),SUBSTRING_INDEX(SUBSTRING_INDEX(a.birthday,'-',-2),'-',-1))
                &lt;= #{request.afterBirthday}
            </if>
            <if test="request.frontBirthday>request.afterBirthday">
                CONCAT(SUBSTRING_INDEX(SUBSTRING_INDEX(a.birthday,'-',-2),'-',1),SUBSTRING_INDEX(SUBSTRING_INDEX(a.birthday,'-',-2),'-',-1))
                &gt;= #{request.frontBirthday}
                or
                CONCAT(SUBSTRING_INDEX(SUBSTRING_INDEX(a.birthday,'-',-2),'-',1),SUBSTRING_INDEX(SUBSTRING_INDEX(a.birthday,'-',-2),'-',-1))
                &lt;= #{request.afterBirthday}
            </if>)
        </if>
        <if test="request.frontAvlQty != null">
            and b.avl_qty &gt;= #{request.frontAvlQty}
        </if>
        <if test="request.afterAvlQty != null">
            and b.avl_qty &lt;= #{request.afterAvlQty}
        </if>
        <if test="request.frontNewQty != null">
            and b.new_qty &gt;= #{request.frontNewQty}
        </if>
        <if test="request.afterNewQty != null">
            and b.new_qty &lt;= #{request.afterNewQty}
        </if>
        <if test="request.frontOldQty != null">
            and b.old_qty &gt;= #{request.frontOldQty}
        </if>
        <if test="request.afterOldQty != null">
            and b.old_qty &lt;= #{request.afterOldQty}
        </if>
        <if test="request.changeType != null or (request.levelAdjustmentFront!=null and request.levelAdjustmentFront!='') or (request.levelAdjustmentAfter!=null and request.levelAdjustmentAfter!='')">
            and
            a.member_id in(
            select distinct member_id
            from t_member_level_log
            where change_type !=2
            <if test="request.changeType != null">
                and change_type = #{request.changeType}
            </if>
            <if test="request.levelAdjustmentFront!=null and request.levelAdjustmentFront!='' ">
                and create_time &gt;= #{request.levelAdjustmentFront}
            </if>
            <if test="request.levelAdjustmentAfter!=null and request.levelAdjustmentAfter!='' ">
                and create_time &lt;= DATE_ADD(#{request.levelAdjustmentAfter},INTERVAL 1 DAY)
            </if>
            )
        </if>
        <if test="request.frontCreateTime != null and request.frontCreateTime !='' ">
            and a.card_issuing_time &gt;= #{request.frontCreateTime}
        </if>
        <if test="request.afterCreateTime != null and request.afterCreateTime !='' ">
            and a.card_issuing_time &lt; DATE_ADD(#{request.afterCreateTime},INTERVAL 1 DAY)
        </if>
        <if test="request.recentBuyTimeFront!=null and request.recentBuyTimeFront!=''">
            and mos.recent_time &gt;= #{request.recentBuyTimeFront}
        </if>
        <if test="request.recentBuyTimeAfter!=null and request.recentBuyTimeAfter!=''">
            and mos.recent_time &lt;= DATE_ADD(#{request.recentBuyTimeAfter},INTERVAL 1 DAY)
        </if>
        <if test="request.issueCounterIdList != null and request.issueCounterIdList.size>0 ">
            and a.counter_id in
            <foreach collection="request.issueCounterIdList" index="index" item="item" open="(" separator=","
                     close=")">
                #{item}
            </foreach>
        </if>
        <if test="request.baId != null and request.baId !='' ">
            and a.ba_id = #{request.baId}
        </if>
        <!--微信入会信息-->
        <if test="(request.wxBa != null and request.wxBa !='') or request.activateTimeStart != null or request.activateTimeEnd != null ">
            and a.member_id in (select distinct member_id from t_wx_card_info
            where member_id is not null
            <if test="request.wxBa != null and request.wxBa !='' ">
                and ba_id = #{request.wxBa}
            </if>
            <if test="request.activateTimeStart != null ">
                and activation_time &gt;= #{request.activateTimeStart}
            </if>
            <if test="request.activateTimeEnd != null ">
                and activation_time &lt; DATE_ADD(#{request.activateTimeEnd},INTERVAL 1 DAY)
            </if>
            )
        </if>
    </sql>

    <!--会员销售查询时，单独处理累计购买与次数处理-->
    <sql id="memberPurchaseSearch">
        <!--会员id、手机号等查询条件-->
        <include refid="memberPhoneAndNameSearch"/>
        <!--首次购买时间模式一-->
        <if test="request.days != null">
            and po.biz_time BETWEEN tm.first_time and DATE_ADD(tm.first_time,INTERVAL #{request.days} + 1 DAY)
        </if>
        <!--首次购买时间模式二-->
        <if test="request.firstStartTime != null and request.firstStartTime !=''">
            and tm.first_time &gt;= #{request.firstStartTime}
        </if>
        <if test="request.firstEndTime != null and request.firstEndTime !=''">
            and tm.first_time &lt;= DATE_ADD(#{request.firstEndTime},INTERVAL 1 DAY)
        </if>
        <!--购买时间-->
        <if test="request.buyTimeFront!=null and request.buyTimeFront!=''">
            and po.biz_time &gt;= #{request.buyTimeFront}
        </if>
        <if test="request.buyTimeAfter!=null and request.buyTimeAfter!=''">
            and po.biz_time &lt;= DATE_ADD(#{request.buyTimeAfter},INTERVAL 1 DAY)
        </if>
        <!--购买金额+单笔消费-->
        <if test="request.amtFront != null and request.amtType == 1">
            and (po.trans_type=1
            and po.real_amt &gt;=#{request.amtFront}
            <if test="request.amtAfter != null">
                and po.real_amt &lt;=#{request.amtAfter}
            </if>)
        </if>
        <!--购买柜台-->
        <if test="request.counterIdList != null and request.counterIdList.size>0 ">
            and po.counter_id in
            <foreach collection="request.counterIdList" index="index" item="item" open="(" separator=","
                     close=")">
                #{item}
            </foreach>
        </if>
        <!--购买产品信息-->
        <if test="request.prdBarCodeList != null and request.prdBarCodeList.size>0 ">
            and toi.prd_bar_code in
            <foreach collection="request.prdBarCodeList" index="index" item="item" open="(" separator=","
                     close=")">
                #{item}
            </foreach>
        </if>
        <!--未购买产品信息-->
        <if test="request.prdBarCodeListNo != null and request.prdBarCodeListNo.size>0 ">
            and toi.prd_bar_code not in
            <foreach collection="request.prdBarCodeListNo" index="index" item="item" open="(" separator=","
                     close=")">
                #{item}
            </foreach>
        </if>
    </sql>

    <!--会员销售信息的查询-->
    <sql id="memberSalesSearch">
        <!--累计、购买次数需要根据memberId分组，单独处理-->
        <if test="request.frequencyFront != null  or (request.amtType == 0 and request.amtFront != null) or (request.amtType == 0 and request.amtAfter != null)">
            and m.member_id in (
            select po.member_id
            from t_pos_order po
            <if test="request.days != null or (request.firstStartTime != null and request.firstStartTime !='') or (request.firstEndTime != null and request.firstEndTime !='')">
                left join t_member_order_search tm on po.member_id = tm.member_id
            </if>
            <if test="(request.prdBarCodeList != null and request.prdBarCodeList.size>0) or (request.prdBarCodeListNo != null and request.prdBarCodeListNo.size>0)">
                left join t_pos_order_item toi on po.order_no = toi.order_no
            </if>
            <where>
                <include refid="memberPurchaseSearch"/>
            </where>
            GROUP BY po.member_id
            HAVING 1=1
            <if test="request.frequencyFront != null">
                and sum(po.trans_type) &gt;= #{request.frequencyFront}
                <if test="request.frequencyAfter != null">
                    and sum(po.trans_type) &lt;= #{request.frequencyAfter}
                </if>
            </if>
            <if test="request.amtType == 0">
                <!--购买金额+累计净销-->
                <if test="request.amtFront != null">
                    and sum(po.trans_type * po.real_amt) &gt;=#{request.amtFront}
                </if>
                <if test="request.amtAfter != null">
                    and sum(po.trans_type * po.real_amt) &lt;=#{request.amtAfter}
                </if>
            </if>
            )
        </if>
        <!--会员id、手机号等查询条件-->
        <include refid="memberPhoneAndNameSearch"/>
        <!--首次购买时间模式一-->
        <if test="request.days != null">
            and m.biz_time BETWEEN tmos.first_time and DATE_ADD(tmos.first_time,INTERVAL #{request.days} + 1 DAY)
        </if>
        <!--首次购买时间模式二-->
        <if test="request.firstStartTime != null and request.firstStartTime !=''">
            and tmos.first_time &gt;= #{request.firstStartTime}
        </if>
        <if test="request.firstEndTime != null and request.firstEndTime !=''">
            and tmos.first_time &lt;= DATE_ADD(#{request.firstEndTime},INTERVAL 1 DAY)
        </if>
        <!--购买时间-->
        <if test="request.buyTimeFront!=null and request.buyTimeFront!=''">
            and m.biz_time &gt;= #{request.buyTimeFront}
        </if>
        <if test="request.buyTimeAfter!=null and request.buyTimeAfter!=''">
            and m.biz_time &lt;= DATE_ADD(#{request.buyTimeAfter},INTERVAL 1 DAY)
        </if>
        <!--购买金额+单笔消费-->
        <if test="request.amtFront != null and request.amtType == 1">
            and (m.trans_type=1
            and m.real_amt &gt;=#{request.amtFront}
            <if test="request.amtAfter != null">
                and m.real_amt &lt;=#{request.amtAfter}
            </if>)
        </if>
        <!--购买柜台-->
        <if test="request.counterIdList != null and request.counterIdList.size>0 ">
            and m.counter_id in
            <foreach collection="request.counterIdList" index="index" item="item" open="(" separator=","
                     close=")">
                #{item}
            </foreach>
        </if>
        <!--购买产品信息-->
        <if test="request.prdBarCodeList != null and request.prdBarCodeList.size>0 ">
            and tpoi.prd_bar_code in
            <foreach collection="request.prdBarCodeList" index="index" item="item" open="(" separator=","
                     close=")">
                #{item}
            </foreach>
        </if>
        <!--未购买产品信息单独处理-->
        <if test="request.prdBarCodeListNo != null and request.prdBarCodeListNo.size>0 ">
            and m.order_no not in(
            <include refid="memberSalesSearchPrdNo"/>
            )
        </if>
    </sql>

    <!--会员信息查询中未购买产品查询-->
    <sql id="memberInfoPrdNoSearch">
        select tpo.member_id
        from t_pos_order tpo
        left join t_pos_order_item tpoi on tpo.order_no = tpoi.order_no
        <if test="request.days != null or (request.firstStartTime != null and request.firstStartTime !='') or (request.firstEndTime != null and request.firstEndTime !='')">
            left join t_member_order_search tmo on tpo.member_id = tmo.member_id
        </if>
        <where>
            (tpo.member_id !='' and tpo.member_id is not null)
            <if test="(request.mobilePhone != null and request.mobilePhone !='') or (request.memberName != null and request.memberName !='')">
                and tpo.member_id in (
                select member_id from t_member_info
                <where>
                    <if test="request.mobilePhone != null and request.mobilePhone !='' ">
                        and mobile_phone = #{request.mobilePhone}
                    </if>
                    <if test="request.memberName != null and request.memberName !='' ">
                        and member_name like concat('%',#{request.memberName},'%')
                    </if>
                </where>
                )
                <if test="request.memberId != null and request.memberId !='' ">
                    and tpo.member_id = #{request.memberId}
                </if>
            </if>
            <!--首次购买时间模式一-->
            <if test="request.days != null">
                and tpo.biz_time BETWEEN tmo.first_time and DATE_ADD(tmo.first_time,INTERVAL #{request.days} + 1 DAY)
            </if>
            <!--首次购买时间模式二-->
            <if test="request.firstStartTime != null and request.firstStartTime !=''">
                and tmo.first_time &gt;= #{request.firstStartTime}
            </if>
            <if test="request.firstEndTime != null and request.firstEndTime !=''">
                and tmo.first_time &lt;= DATE_ADD(#{request.firstEndTime},INTERVAL 1 DAY)
            </if>
            <!--购买时间-->
            <if test="request.buyTimeFront!=null and request.buyTimeFront!=''">
                and tpo.biz_time &gt;= #{request.buyTimeFront}
            </if>
            <if test="request.buyTimeAfter!=null and request.buyTimeAfter!=''">
                and tpo.biz_time &lt;= DATE_ADD(#{request.buyTimeAfter},INTERVAL 1 DAY)
            </if>
            <!--购买金额+单笔消费-->
            <if test="request.amtFront != null and request.amtType == 1">
                and (tpo.trans_type=1
                and tpo.real_amt &gt;=#{request.amtFront}
                <if test="request.amtAfter != null">
                    and tpo.real_amt &lt;=#{request.amtAfter}
                </if>)
            </if>
            <!--购买柜台-->
            <if test="request.counterIdList != null and request.counterIdList.size>0 ">
                and tpo.counter_id in
                <foreach collection="request.counterIdList" index="index" item="item" open="(" separator=","
                         close=")">
                    #{item}
                </foreach>
            </if>
            <!--<if test="request.prdBarCodeList != null and request.prdBarCodeList.size>0 ">-->
            <!--and tpoi.prd_bar_code in-->
            <!--<foreach collection="request.prdBarCodeList" index="index" item="item" open="(" separator=","-->
            <!--close=")">-->
            <!--#{item}-->
            <!--</foreach>-->
            <!--</if>-->
            <!--未购买产品信息-->
            <if test="request.prdBarCodeListNo != null and request.prdBarCodeListNo.size>0 ">
                and tpoi.prd_bar_code in
                <foreach collection="request.prdBarCodeListNo" index="index" item="item" open="(" separator=","
                         close=")">
                    #{item}
                </foreach>
            </if>
        </where>
        GROUP BY tpo.member_id
        having 1=1
        <!--首次购买时间模式一-->
        <if test="request.days != null or (request.firstStartTime != null and request.firstStartTime !='') or (request.firstEndTime != null and request.firstEndTime !='')">
            and ifnull(count(tpo.order_no),0) = 1
        </if>
        <!--购买次数-->
        <if test="request.frequencyFront != null">
            and sum(tpo.trans_type) &gt;= #{request.frequencyFront}
            <if test="request.frequencyAfter != null">
                and sum(tpo.trans_type) &lt;= #{request.frequencyAfter}
            </if>
        </if>
        <!--购买金额+累计净销-->
        <if test="request.amtFront != null and request.amtType == 0">
            and sum(tpo.trans_type * tpo.real_amt) &gt;=#{request.amtFront}
            <if test="request.amtAfter != null">
                and sum(tpo.trans_type * tpo.real_amt) &lt;=#{request.amtAfter}
            </if>
        </if>
        <!--购买/未购买产品信息-->
        <if test="request.prdBarCodeListNo != null and request.prdBarCodeListNo.size>0">
            <choose>
                <when test="request.noBuyPrdType != null and request.noBuyPrdType == 1">
                    and ifnull(count(DISTINCT tpoi.prd_bar_code),0) &gt;= 1
                </when>
                <when test="request.noBuyPrdType != null and request.noBuyPrdType == 2">
                    and ifnull(count(DISTINCT tpoi.prd_bar_code),0) = ${request.prdBarCodeListNo.size}
                </when>
            </choose>
        </if>
        <!--此处是否需要加上对购买的产品进行判断待定(上方需要加代码)-->
        <!--<if test="request.prdBarCodeList != null and request.prdBarCodeList.size>0">-->
        <!--<choose>-->
        <!--<when test="request.buyPrdType != null and request.buyPrdType == 1">-->
        <!--and ifnull(count(DISTINCT tpoi.prd_bar_code),0) &gt;= 1-->
        <!--</when>-->
        <!--<when test="request.buyPrdType != null and request.buyPrdType == 2">-->
        <!--and ifnull(count(DISTINCT tpoi.prd_bar_code),0) = ${request.prdBarCodeList.size}-->
        <!--</when>-->
        <!--</choose>-->
        <!--</if>-->
    </sql>

    <!--销售信息查询的时候，查询下半部分其它销售信息-->
    <sql id="memberSalesSearchPrdNo">
        select po.order_no
        from t_pos_order po
        left join t_pos_order_item toi on po.order_no = toi.order_no
        <if test="request.days != null or (request.firstStartTime != null and request.firstStartTime !='') or (request.firstEndTime != null and request.firstEndTime !='')">
            left join t_member_order_search tm on po.member_id = tm.member_id
        </if>
        <where>
            <!--会员id、手机号等查询条件-->
            <include refid="memberPurchasePhoneAndNameSearch"/>
            <!--首次购买时间模式一-->
            <if test="request.days != null">
                and po.biz_time BETWEEN tm.first_time and DATE_ADD(tm.first_time,INTERVAL #{request.days} + 1 DAY)
            </if>
            <!--首次购买时间模式二-->
            <if test="request.firstStartTime != null and request.firstStartTime !=''">
                and tm.first_time &gt;= #{request.firstStartTime}
            </if>
            <if test="request.firstEndTime != null and request.firstEndTime !=''">
                and tm.first_time &lt;= DATE_ADD(#{request.firstEndTime},INTERVAL 1 DAY)
            </if>
            <!--购买时间-->
            <if test="request.buyTimeFront!=null and request.buyTimeFront!=''">
                and po.biz_time &gt;= #{request.buyTimeFront}
            </if>
            <if test="request.buyTimeAfter!=null and request.buyTimeAfter!=''">
                and po.biz_time &lt;= DATE_ADD(#{request.buyTimeAfter},INTERVAL 1 DAY)
            </if>
            <!--购买金额+单笔消费-->
            <if test="request.amtFront != null and request.amtType == 1">
                and (po.trans_type=1
                and po.real_amt &gt;=#{request.amtFront}
                <if test="request.amtAfter != null">
                    and po.real_amt &lt;=#{request.amtAfter}
                </if>)
            </if>
            <!--购买柜台-->
            <if test="request.counterIdList != null and request.counterIdList.size>0 ">
                and po.counter_id in
                <foreach collection="request.counterIdList" index="index" item="item" open="(" separator=","
                         close=")">
                    #{item}
                </foreach>
            </if>
            <!--购买产品信息-->
            <!--<if test="request.prdBarCodeList != null and request.prdBarCodeList.size>0 ">-->
            <!--and toi.prd_bar_code in-->
            <!--<foreach collection="request.prdBarCodeList" index="index" item="item" open="(" separator=","-->
            <!--close=")">-->
            <!--#{item}-->
            <!--</foreach>-->
            <!--</if>-->
            <!--未购买产品信息-->
            <if test="request.prdBarCodeListNo != null and request.prdBarCodeListNo.size>0 ">
                and toi.prd_bar_code in
                <foreach collection="request.prdBarCodeListNo" index="index" item="item" open="(" separator=","
                         close=")">
                    #{item}
                </foreach>
            </if>
        </where>
        group by po.order_no
        <choose>
            <when test="request.noBuyPrdType != null and request.noBuyPrdType == 1">
                having ifnull(count(DISTINCT toi.prd_bar_code),0) &gt;= 1
            </when>
            <when test="request.noBuyPrdType != null and request.noBuyPrdType == 2">
                having ifnull(count(DISTINCT toi.prd_bar_code),0) = ${request.prdBarCodeListNo.size}
            </when>
        </choose>
        <!--<if test="request.prdBarCodeList != null and request.prdBarCodeList.size>0">-->
        <!--<choose>-->
        <!--<when test="request.buyPrdType != null and request.buyPrdType == 1">-->
        <!--and ifnull(count(DISTINCT toi.prd_bar_code),0) &gt;= 1-->
        <!--</when>-->
        <!--<when test="request.buyPrdType != null and request.buyPrdType == 2">-->
        <!--and ifnull(count(DISTINCT toi.prd_bar_code),0) = ${request.prdBarCodeListNo.size}-->
        <!--</when>-->
        <!--</choose>-->
        <!--</if>-->
    </sql>

    <!--会员销售信息的查询-->
    <sql id="memberSalesSearchAllCondition">
        <!--累计、购买次数需要根据memberId分组，单独处理-->
        <if test="request.frequencyFront != null  or (request.amtType == 0 and request.amtFront != null) or (request.amtType == 0 and request.amtAfter != null)">
            and m.member_id in (
            select po.member_id
            from t_pos_order po
            <if test="request.days != null or (request.firstStartTime != null and request.firstStartTime !='') or (request.firstEndTime != null and request.firstEndTime !='')">
                left join t_member_order_search tm on po.member_id = tm.member_id
            </if>
            <if test="(request.prdBarCodeList != null and request.prdBarCodeList.size>0) or (request.prdBarCodeListNo != null and request.prdBarCodeListNo.size>0)">
                left join t_pos_order_item toi on po.order_no = toi.order_no
            </if>
            <where>
                <include refid="memberPurchaseSearch"/>
            </where>
            GROUP BY po.member_id
            HAVING 1=1
            <if test="request.frequencyFront != null">
                and sum(po.trans_type) &gt;= #{request.frequencyFront}
                <if test="request.frequencyAfter != null">
                    and sum(po.trans_type) &lt;= #{request.frequencyAfter}
                </if>
            </if>
            <if test="request.amtType == 0">
                <!--购买金额+累计净销-->
                <if test="request.amtFront != null">
                    and sum(po.trans_type * po.real_amt) &gt;=#{request.amtFront}
                </if>
                <if test="request.amtAfter != null">
                    and sum(po.trans_type * po.real_amt) &lt;=#{request.amtAfter}
                </if>
            </if>
            )
        </if>
        <!--会员id、手机号等查询条件-->
        <include refid="memberPhoneAndNameSearch"/>
        <!--首次购买时间模式一-->
        <if test="request.days != null">
            and m.biz_time BETWEEN tmos.first_time and DATE_ADD(tmos.first_time,INTERVAL #{request.days} + 1 DAY)
        </if>
        <!--首次购买时间模式二-->
        <if test="request.firstStartTime != null and request.firstStartTime !=''">
            and tmos.first_time &gt;= #{request.firstStartTime}
        </if>
        <if test="request.firstEndTime != null and request.firstEndTime !=''">
            and tmos.first_time &lt;= DATE_ADD(#{request.firstEndTime},INTERVAL 1 DAY)
        </if>
        <!--购买时间-->
        <if test="request.buyTimeFront!=null and request.buyTimeFront!=''">
            and m.biz_time &gt;= #{request.buyTimeFront}
        </if>
        <if test="request.buyTimeAfter!=null and request.buyTimeAfter!=''">
            and m.biz_time &lt;= DATE_ADD(#{request.buyTimeAfter},INTERVAL 1 DAY)
        </if>
        <!--购买金额+单笔消费-->
        <if test="request.amtFront != null and request.amtType == 1">
            and (m.trans_type=1
            and m.real_amt &gt;=#{request.amtFront}
            <if test="request.amtAfter != null">
                and m.real_amt &lt;=#{request.amtAfter}
            </if>)
        </if>
        <!--购买柜台-->
        <if test="request.counterIdList != null and request.counterIdList.size>0 ">
            and m.counter_id in
            <foreach collection="request.counterIdList" index="index" item="item" open="(" separator=","
                     close=")">
                #{item}
            </foreach>
        </if>
        <!--购买产品信息-->
        <if test="request.prdBarCodeList != null and request.prdBarCodeList.size>0 ">
            and m.order_no in(
            <include refid="memberSalesSearchPrd"/>
            )
        </if>
        <!--未购买产品信息单独处理-->
        <if test="request.prdBarCodeListNo != null and request.prdBarCodeListNo.size>0 ">
            and m.order_no not in(
            <include refid="memberSalesSearchPrdNo"/>
            )
        </if>
    </sql>

    <!--销售信息查询的时候，单独查询购买产品信息-->
    <sql id="memberSalesSearchPrd">
        select po.order_no
        from t_pos_order po
        left join t_pos_order_item toi on po.order_no = toi.order_no
        <if test="request.days != null or (request.firstStartTime != null and request.firstStartTime !='') or (request.firstEndTime != null and request.firstEndTime !='')">
            left join t_member_order_search tm on po.member_id = tm.member_id
        </if>
        <where>
            <!--会员id、手机号等查询条件-->
            <include refid="memberPurchasePhoneAndNameSearch"/>
            <!--首次购买时间模式一-->
            <if test="request.days != null">
                and po.biz_time BETWEEN tm.first_time and DATE_ADD(tm.first_time,INTERVAL #{request.days} + 1 DAY)
            </if>
            <!--首次购买时间模式二-->
            <if test="request.firstStartTime != null and request.firstStartTime !=''">
                and tm.first_time &gt;= #{request.firstStartTime}
            </if>
            <if test="request.firstEndTime != null and request.firstEndTime !=''">
                and tm.first_time &lt;= DATE_ADD(#{request.firstEndTime},INTERVAL 1 DAY)
            </if>
            <!--购买时间-->
            <if test="request.buyTimeFront!=null and request.buyTimeFront!=''">
                and po.biz_time &gt;= #{request.buyTimeFront}
            </if>
            <if test="request.buyTimeAfter!=null and request.buyTimeAfter!=''">
                and po.biz_time &lt;= DATE_ADD(#{request.buyTimeAfter},INTERVAL 1 DAY)
            </if>
            <!--购买金额+单笔消费-->
            <if test="request.amtFront != null and request.amtType == 1">
                and (po.trans_type=1
                and po.real_amt &gt;=#{request.amtFront}
                <if test="request.amtAfter != null">
                    and po.real_amt &lt;=#{request.amtAfter}
                </if>)
            </if>
            <!--购买柜台-->
            <if test="request.counterIdList != null and request.counterIdList.size>0 ">
                and po.counter_id in
                <foreach collection="request.counterIdList" index="index" item="item" open="(" separator=","
                         close=")">
                    #{item}
                </foreach>
            </if>
            <!--购买产品信息-->
            <if test="request.prdBarCodeList != null and request.prdBarCodeList.size>0 ">
                and toi.prd_bar_code in
                <foreach collection="request.prdBarCodeList" index="index" item="item" open="(" separator=","
                         close=")">
                    #{item}
                </foreach>
            </if>
            <!--未购买产品信息-->
            <!--<if test="request.prdBarCodeListNo != null and request.prdBarCodeListNo.size>0 ">
                and toi.prd_bar_code in
                <foreach collection="request.prdBarCodeListNo" index="index" item="item" open="(" separator=","
                         close=")">
                    #{item}
                </foreach>
            </if>-->
        </where>
        group by po.order_no
        <!--<if test="request.prdBarCodeList != null and request.prdBarCodeList.size>0">
        <choose>
            <when test="request.noBuyPrdType != null and request.noBuyPrdType == 1">
                having ifnull(count(DISTINCT toi.prd_bar_code),0) &gt;= 1
            </when>
            <when test="request.noBuyPrdType != null and request.noBuyPrdType == 2">
                having ifnull(count(DISTINCT toi.prd_bar_code),0) = ${request.prdBarCodeListNo.size}
            </when>
        </choose>
        </if>-->
        <choose>
            <when test="request.buyPrdType != null and request.buyPrdType == 1">
                having ifnull(count(DISTINCT toi.prd_bar_code),0) &gt;= 1
            </when>
            <when test="request.buyPrdType != null and request.buyPrdType == 2">
                having ifnull(count(DISTINCT toi.prd_bar_code),0) = ${request.prdBarCodeListNo.size}
            </when>
        </choose>
    </sql>

    <select id="searchOperation" resultType="com.ruihe.common.pojo.response.member.MemOpeSelectResponse">
        select
        member_phone as memberPhone,
        create_time as createTime,
        counter_id as counterId,
        counter_name as counterName,
        `type`,
        emp_id as empId,
        emp_name as empName,
        create_time as createTime,
        member_id as memberId,
        operation_id as operationId
        from `t_member_operation` where 1=1
        <if test="request.memberId != null  and request.memberId != '' ">
            and member_id =#{request.memberId}
        </if>
        <if test="request.memberPhone != null  and request.memberPhone != '' ">
            and member_phone =#{request.memberPhone}
        </if>

        <if test="request.counterId != null  and request.counterId != '' ">
            and counter_id =#{request.counterId}
        </if>

        <if test="request.type != null   ">
            and `type` =#{request.type}
        </if>

        <if test="request.empId != null  and request.empId != '' ">
            and emp_id =#{request.empId}
        </if>

        <if test="request.operationId != null  and request.operationId != '' ">
            and operation_id =#{request.operationId}
        </if>

        <if test="request.startTime != null  and request.startTime != '' ">
            and create_time &gt;= #{request.startTime}
        </if>

        <if test="request.stopTime != null  and request.stopTime != '' ">
            and create_time&lt;= #{request.stopTime}
        </if>
        order by create_time desc
    </select>

    <select id="selectOrder" resultType="com.ruihe.common.pojo.response.order.OrderResponse">
        select
        a.order_no as orderNo,
        a.pre_order_no as preOrderNo,
        a.goods_qty as goodsQty,
        a.create_time as createTime,
        a.biz_time as bizTime,
        a.real_amt as realAmt,
        a.order_amt as orderAmt,
        a.trans_type as transType,
        a.order_type as orderType,
        a.activity_type as activityType,
        a.discount_rate as discountRate,
        a.counter_id as counterId,
        a.counter_name as counterName,
        a.member_id as memberId,
        a.member_phone as memberPhone,
        a.ba_code as baCode,
        a.ba_name as baName
        from t_pos_order a
        <where>
            <if test="request.orderNo != null and request.orderNo !='' ">
                and a.order_no like "%"#{request.orderNo}"%"
            </if>
            <if test="startTime != null">
                and a.biz_time &gt;= #{startTime}
            </if>

            <if test="endTime != null">
                and a.biz_time &lt; #{endTime}
            </if>

            <if test="request.transType != null ">
                and a.trans_type = #{request.transType}
            </if>

            <if test="request.orderType != null and request.orderType.size>0 ">
                and a.order_type in
                <foreach collection="request.orderType" index="index" item="item" open="(" separator="," close=")">
                    #{item}
                </foreach>
            </if>

            <if test="request.activityType != null and request.activityType != 1">
                AND a.activity_type = #{request.activityType}
            </if>

            <if test="request.activityType != null and request.activityType == 1">
                AND (a.activity_type = #{request.activityType} or a.activity_type =4)
            </if>

            <if test="request.memberId != null and request.memberId !='' ">
                and a.member_id = #{request.memberId}
            </if>
        </where>
        order by biz_time DESC
    </select>

    <select id="selectOrderCount" resultType="java.lang.Integer">
        select count(*)
        from t_pos_order a
        <where>
            <if test="request.orderNo != null and request.orderNo !='' ">
                and a.order_no like "%"#{request.orderNo}"%"
            </if>
            <if test="startTime != null">
                and a.biz_time &gt;= #{startTime}
            </if>

            <if test="endTime != null">
                and a.biz_time &lt; #{endTime}
            </if>

            <if test="request.transType != null ">
                and a.trans_type = #{request.transType}
            </if>

            <if test="request.orderType != null and request.orderType.size>0">
                and a.order_type in
                <foreach collection="request.orderType" index="index" item="item" open="(" separator="," close=")">
                    #{item}
                </foreach>
            </if>

            <if test="request.activityType != null and request.activityType != 1">
                AND a.activity_type = #{request.activityType}
            </if>

            <if test="request.activityType != null and request.activityType == 1">
                AND (a.activity_type = #{request.activityType} or a.activity_type =4)
            </if>

            <if test="request.memberId != null and request.memberId !='' ">
                and a.member_id = #{request.memberId}
            </if>
            <if test="request.prdBarCode != null and request.prdBarCode !='' ">
                and a.order_no in (
                select order_no from t_pos_order_item where prd_bar_code = #{request.prdBarCode}
                )
            </if>
        </where>
    </select>

    <select id="selectOrderAmt" resultType="java.util.Map">
        select
        a.trans_type as transType,
        sum(ABS(a.real_amt)) as totalAmt
        from t_pos_order a
        <where>
            <if test="request.orderNo != null and request.orderNo !='' ">
                and a.order_no like "%"#{request.orderNo}"%"
            </if>
            <if test="startTime != null">
                and a.biz_time &gt;= #{startTime}
            </if>

            <if test="endTime != null">
                and a.biz_time &lt; #{endTime}
            </if>

            <if test="request.transType != null ">
                and a.trans_type = #{request.transType}
            </if>

            <if test="request.orderType != null and request.orderType.size>0">
                and a.order_type in
                <foreach collection="request.orderType" index="index" item="item" open="(" separator="," close=")">
                    #{item}
                </foreach>
            </if>

            <if test="request.activityType != null and request.activityType != 1">
                AND a.activity_type = #{request.activityType}
            </if>

            <if test="request.activityType != null and request.activityType == 1">
                AND (a.activity_type = #{request.activityType} or a.activity_type =4)
            </if>

            <if test="request.memberId != null and request.memberId !='' ">
                and a.member_id = #{request.memberId}
            </if>
            <if test="request.prdBarCode != null and request.prdBarCode !='' ">
                and a.order_no in (
                select order_no from t_pos_order_item where prd_bar_code = #{request.prdBarCode}
                )
            </if>
            group by a.trans_type
            ORDER BY a.trans_type
        </where>
    </select>

    <select id="selectOrderQty" resultType="java.util.Map">
        select
        a.trans_type as transType,
        sum(ABS(a.goods_qty)) as totalQty
        from t_pos_order a
        <where>
            <if test="request.orderNo != null and request.orderNo !='' ">
                and a.order_no like "%"#{request.orderNo}"%"
            </if>
            <if test="startTime != null">
                and a.biz_time &gt;= #{startTime}
            </if>

            <if test="endTime != null">
                and a.biz_time &lt; #{endTime}
            </if>

            <if test="request.transType != null ">
                and a.trans_type = #{request.transType}
            </if>

            <if test="request.orderType != null and request.orderType.size>0">
                and a.order_type in
                <foreach collection="request.orderType" index="index" item="item" open="(" separator="," close=")">
                    #{item}
                </foreach>
            </if>

            <if test="request.activityType != null and request.activityType != 1">
                AND a.activity_type = #{request.activityType}
            </if>

            <if test="request.activityType != null and request.activityType == 1">
                AND (a.activity_type = #{request.activityType} or a.activity_type =4)
            </if>

            <if test="request.memberId != null and request.memberId !='' ">
                and a.member_id = #{request.memberId}
            </if>
            <if test="request.prdBarCode != null and request.prdBarCode !='' ">
                and a.order_no in (
                select order_no from t_pos_order_item where prd_bar_code = #{request.prdBarCode}
                )
            </if>
            group by a.trans_type
            ORDER BY a.trans_type
        </where>
    </select>

    <select id="selectActivityLog" resultType="com.ruihe.admin.response.member.MemberCouponResponse">
        select
        id,
        sub_activity_name as subActivityName,
        sub_activity_id as subActivityId,
        member_id as memberId,
        member_name as memberName,
        member_phone as memberPhone,
        create_time as createTime,
        status,
        counter_id as counterId,
        activity_name as activityName,
        activity_id as activityId
        from `t_member_coupon_log` where 1=1
        and member_id=#{request.memberId}

        <if test=" request.activityName !=null  and request.activityName !=''  ">
            and activity_name LIKE CONCAT('%',#{request.activityName},'%')
        </if>

        <if test="request.startTime != null and request.startTime !=''">
            and create_time &gt;= #{request.startTime}
        </if>
        <if test="request.stopTime != null and request.stopTime != ''">
            and create_time &lt;= #{request.stopTime}
        </if>

        <if test=" request.id !=null  and request.id !=''  ">
            and id LIKE CONCAT('%',#{request.id},'%')
        </if>

        <if test=" request.status !=null   ">
            and status =#{request.status}
        </if>

        <if test=" request.counterId !=null and request.counterId !=''   ">
            and counter_id =#{request.counterId}
        </if>
        order by create_time desc
    </select>

    <select id="memberExcelResponseList"
            resultType="com.ruihe.common.pojo.response.member.MemberExcelResponse">
        SELECT
        a.member_id as memberId,
        a.mobile_phone as mobilePhone,
        a.sex as sex,
        a.ba_id as baId,
        a.ba_name as baName,
        a.member_card_number as memberCardNumber,
        a.member_name as memberName,
        a.birthday as birthday,
        a.counter_id as counterId,
        a.counter_name as counterName,
        DATE_FORMAT(a.card_issuing_time, '%Y-%m-%d %H:%i:%s') as createTime,
        a.member_level_name as memberLevelName,
        a.status as status,
        a.member_type as memberType,
        a.open_id as openId,
        a.rcmd_member_phone as rcmdMemberPhone,
        ifnull(b.avl_qty,0) as avlQty,
        ifnull(b.new_qty,0) as newQty,
        ifnull(b.old_qty,0) as oldQty,
        mos.recent_time as recentTime,
        (SELECT t.counter_id FROM t_pos_order t where t.order_no =mos.recent_order) as recentCounterId,
        (SELECT t.counter_name FROM t_pos_order t where t.order_no =mos.recent_order) as recentCounterName,
        mos.first_time as firstTime,
        (SELECT t.counter_id FROM t_pos_order t where t.order_no =mos.first_order) as firstCounterId,
        (SELECT t.counter_name FROM t_pos_order t where t.order_no =mos.first_order) as firstCounterName,
        DATE_FORMAT((SELECT max(t.create_time) FROM t_member_level_log t where t.member_id =a.member_id and
        t.change_type !=2), '%Y-%m-%d %H:%i:%s') as levelAdjustment
        FROM
        t_member_info a
        left join t_integral_account b on a.member_id = b.member_id
        left join t_member_order_search mos on a.member_id = mos.member_id
        <where>
            <include refid="memberInfoSearch"/>
            <!--购买记录-->
            <if test="memberSelect != null">
                and a.member_id in (
                select m.member_id
                from t_pos_order m
                <if test="request.days != null or (request.firstStartTime != null and request.firstStartTime !='') or (request.firstEndTime != null and request.firstEndTime !='')">
                    left join t_member_order_search tmos on m.member_id = tmos.member_id
                </if>
                <if test="request.prdBarCodeList != null and request.prdBarCodeList.size>0">
                    left join t_pos_order_item tpoi on m.order_no = tpoi.order_no
                </if>
                <where>
                    (m.member_id !='' and m.member_id is not null)
                    <!--销售信息处理，其中未购买需要单独再处理-->
                    <include refid="memberSalesSearch"/>
                </where>
                <if test="request.prdBarCodeList != null and request.prdBarCodeList.size>0">
                    group by m.order_no
                    <choose>
                        <when test="request.buyPrdType != null and request.buyPrdType == 1">
                            having ifnull(count(DISTINCT tpoi.prd_bar_code),0) &gt;= 1
                        </when>
                        <when test="request.buyPrdType != null and request.buyPrdType == 2">
                            having ifnull(count(DISTINCT tpoi.prd_bar_code),0) = ${request.prdBarCodeListNo.size}
                        </when>
                    </choose>
                </if>
                )
            </if>
        </where>
        order by a.create_time,a.member_id desc
    </select>


    <select id="memberSalesList"
            resultType="com.ruihe.common.pojo.response.member.MemberSalesExcelResponse">
        SELECT
        mi.member_card_number memberCardNumber,
        mi.member_name memberName,
        m.order_no orderNo,
        ELT(FIELD(m.`trans_type`,'1','-1'),'销售','退货') transType,
        ELT(FIELD(m.`order_type`,'1','2'),'正常销售','预定单') orderType,
        DATE_FORMAT(m.biz_time, '%Y-%m-%d %H:%i:%s') bizTime,
        m.counter_id counterId,
        m.counter_name counterName,
        m.real_amt realAmt,
        m.goods_qty goodsQty
        FROM
        t_pos_order m
        left join t_member_info mi on m.member_id=mi.member_id
        <if test="request.days != null or (request.firstStartTime != null and request.firstStartTime !='') or (request.firstEndTime != null and request.firstEndTime !='')">
            left join t_member_order_search tmos on m.member_id = tmos.member_id
        </if>
        <where>
            (m.member_id !='' and m.member_id is not null)
            <!--处理上半部会员信息-->
            <if test="memberSearchRequest != null">
                and m.member_id in (
                select a.member_id
                from t_member_info a
                <if test="request.recentBuyTimeFront != null and request.recentBuyTimeFront != ''">
                    left join t_member_order_search mos on a.member_id = mos.member_id
                </if>
                <if test="request.frontAvlQty != null or request.afterAvlQty != null or request.frontNewQty != null or request.afterNewQty != null or request.frontOldQty or request.afterOldQty">
                    left join t_integral_account b on a.member_id = b.member_id
                </if>
                <where>
                    <include refid="memberInfoSearch"/>
                </where>
                )
            </if>
            <!--会员销售信息的处理-->
            <include refid="memberSalesSearchAllCondition"/>
        </where>
        order by m.create_time desc
    </select>

    <select id="memberExcelResponseCount" resultType="java.lang.Long">
        SELECT
        count(0)
        FROM
        t_member_info a
        <if test="request.frontAvlQty != null or request.afterAvlQty != null or request.frontNewQty != null or request.afterNewQty != null or request.frontOldQty or request.afterOldQty">
            left join t_integral_account b on a.member_id = b.member_id
        </if>
        <if test="request.recentBuyTimeFront != null and request.recentBuyTimeFront != ''">
            left join t_member_order_search mos on a.member_id = mos.member_id
        </if>
        <where>
            <include refid="memberInfoSearch"/>
            <!--购买记录-->
            <if test="memberSelect != null">
                and a.member_id in (
                select m.member_id
                from t_pos_order m
                <if test="request.days != null or (request.firstStartTime != null and request.firstStartTime !='') or (request.firstEndTime != null and request.firstEndTime !='')">
                    left join t_member_order_search tmos on m.member_id = tmos.member_id
                </if>
                <if test="request.prdBarCodeList != null and request.prdBarCodeList.size>0">
                    left join t_pos_order_item tpoi on m.order_no = tpoi.order_no
                </if>
                <where>
                    (m.member_id !='' and m.member_id is not null)
                    <!--销售信息处理，其中未购买需要单独再处理-->
                    <include refid="memberSalesSearch"/>
                </where>
                <if test="request.prdBarCodeList != null and request.prdBarCodeList.size>0">
                    group by m.order_no
                    <choose>
                        <when test="request.buyPrdType != null and request.buyPrdType == 1">
                            having ifnull(count(DISTINCT tpoi.prd_bar_code),0) &gt;= 1
                        </when>
                        <when test="request.buyPrdType != null and request.buyPrdType == 2">
                            having ifnull(count(DISTINCT tpoi.prd_bar_code),0) = ${request.prdBarCodeListNo.size}
                        </when>
                    </choose>
                </if>
                )
            </if>
        </where>
    </select>

    <select id="memberSalesCount" resultType="java.lang.Long">
        SELECT
        count(0)
        FROM
        t_pos_order m
        left join t_member_info mi on m.member_id=mi.member_id
        <if test="request.days != null or (request.firstStartTime != null and request.firstStartTime !='') or (request.firstEndTime != null and request.firstEndTime !='')">
            left join t_member_order_search tmos on m.member_id = tmos.member_id
        </if>
        <where>
            (m.member_id !='' and m.member_id is not null)
            <!--处理上半部会员信息-->
            <if test="memberSearchRequest != null">
                and m.member_id in (
                select a.member_id
                from t_member_info a
                <if test="request.recentBuyTimeFront != null and request.recentBuyTimeFront != ''">
                    left join t_member_order_search mos on a.member_id = mos.member_id
                </if>
                <if test="request.frontAvlQty != null or request.afterAvlQty != null or request.frontNewQty != null or request.afterNewQty != null or request.frontOldQty or request.afterOldQty">
                    left join t_integral_account b on a.member_id = b.member_id
                </if>
                <where>
                    <include refid="memberInfoSearch"/>
                </where>
                )
            </if>
            <!--会员销售信息的处理-->
            <include refid="memberSalesSearchAllCondition"/>
        </where>
    </select>

    <select id="upReturn" resultType="com.ruihe.common.dao.bean.member.MemberLevelLog">
        select
        member_id,level_before,level_code_before,level_name_before,level_after,level_code_after,
        level_name_after,level_start_time,level_end_time,real_end_time,change_type,
        odd_numbers,business_type,rule_id,rule_name,change_reason,status,create_time,update_time
        from t_member_level_log
        where change_type = 0
        and business_type = 3
        and rule_id is null
        <if test="startTime != null">
            and create_time &gt; #{startTime}
        </if>
        <if test="endTime != null">
            and create_time &lt; #{endTime}
        </if>
        <if test="memberIdList != null and memberIdList.size>0 ">
            and member_id not in
            <foreach collection="memberIdList" index="index" item="item" open="(" separator="," close=")">
                #{item}
            </foreach>
        </if>
    </select>

    <insert id="insertOperation">
        INSERT INTO `t_member_operation`
        (
        `operation_id`,
        `member_id`,
        `member_name`,
        `member_phone`,
        `create_time`,
        `counter_id`,
        `counter_name`,
        `type`,
        `emp_id`,
        `emp_name`,
        `source`,
        `remark`,
        change_log
        )
        VALUES
        <foreach collection="list" item="operation" separator=",">
            (
            #{operation.operationId},
            #{operation.memberId},
            #{operation.memberName},
            #{operation.memberPhone},
            #{operation.createTime},
            #{operation.counterId},
            #{operation.counterName},
            #{operation.type},
            #{operation.empId},
            #{operation.empName},
            #{operation.source},
            #{operation.remark},
            #{operation.changeLog}
            )
        </foreach>
    </insert>

    <insert id="insertFields">
        INSERT INTO t_member_operation_fields
        (`operation_id`,field,`field_before`,`field_after`,`member_id`)
        VALUES
        <foreach collection="list" item="operationField" separator=",">
            (
            #{operationField.operationId},#{operationField.field},#{operationField.fieldBefore},#{operationField.fieldAfter},#{operationField.memberId}
            )
        </foreach>
    </insert>

    <update id="updateMemberInfos">
        update t_member_info
        set
        counter_id=#{memberInfo.counterId},
        counter_name=#{memberInfo.counterName},
        ba_id=#{memberInfo.baId},
        ba_name=#{memberInfo.baName},
        update_time=#{memberInfo.updateTime}
        where member_id in
        (
        <foreach collection="list" item="info" separator=",">
            #{info.memberId}
        </foreach>
        )
    </update>

    <update id="updateMemberInfo">
        <foreach collection="list" item="info" close="" separator=";">
            update t_member_info
            set
            <if test="info.counterId != null and info.counterId !=''">
                counter_id=#{info.counterId},
            </if>
            <if test="info.counterName != null and info.counterName !=''">
                counter_name=#{info.counterName},
            </if>
            <if test="info.baId != null and info.baId !=''">
                ba_id=#{info.baId},
            </if>
            <if test="info.baName != null and info.baName !=''">
                ba_name=#{info.baName},
            </if>
            update_time=#{info.updateTime}
            where member_id =#{info.memberId}
        </foreach>

    </update>

    <update id="updateExcelMember">
        update t_member_info
        set
        <trim prefix="" suffixOverrides=",">
            <if test="memberInfo.memberName != null and memberInfo.memberName !=''">
                member_name = #{memberInfo.memberName},
            </if>
            <if test="memberInfo.telephone != null and memberInfo.telephone !=''">
                telephone = #{memberInfo.telephone},
            </if>
            <if test="memberInfo.sex != null and memberInfo.sex !=''">
                sex = #{memberInfo.sex},
            </if>
            <if test="memberInfo.birthday != null and memberInfo.birthday !=''">
                birthday = #{memberInfo.birthday},
            </if>
            <if test="memberInfo.cardIssuingTime != null and memberInfo.cardIssuingTime !=''">
                card_issuing_time = #{memberInfo.cardIssuingTime},
            </if>
            <if test="memberInfo.baId != null and memberInfo.baId !=''">
                ba_id = #{memberInfo.baId},
            </if>
            <if test="memberInfo.baName != null and memberInfo.baName !=''">
                ba_name = #{memberInfo.baName},
            </if>
            <if test="memberInfo.counterId != null and memberInfo.counterId !=''">
                counter_id = #{memberInfo.counterId},
            </if>
            <if test="memberInfo.counterName != null and memberInfo.counterName !=''">
                counter_name = #{memberInfo.counterName},
            </if>
            <if test="memberInfo.memberLevelCode != null and memberInfo.memberLevelCode !=''">
                member_level_code = #{memberInfo.memberLevelCode},
            </if>
            <if test="memberInfo.memberLevel != null">
                member_level = #{memberInfo.memberLevel},
            </if>
            <if test="memberInfo.memberLevelName != null and memberInfo.memberLevelName !=''">
                member_level_name = #{memberInfo.memberLevelName},
            </if>
            <if test="memberInfo.levelStartTime != null">
                level_start_time = #{memberInfo.levelStartTime},
            </if>
            <if test="memberInfo.levelEndTime != null">
                level_end_time = #{memberInfo.levelEndTime},
            </if>
            <if test="memberInfo.rcmdMemberPhone != null and memberInfo.rcmdMemberPhone !=''">
                rcmd_member_phone = #{memberInfo.rcmdMemberPhone},
            </if>
            <if test="memberInfo.rcmdMemberId != null and memberInfo.rcmdMemberId !=''">
                rcmd_member_id = #{memberInfo.rcmdMemberId},
            </if>
            <if test="memberInfo.rcmdMemberName != null and memberInfo.rcmdMemberName !=''">
                rcmd_member_name = #{memberInfo.rcmdMemberName},
            </if>
            <if test="memberInfo.provinceName != null and memberInfo.provinceName !=''">
                province_name = #{memberInfo.provinceName},
            </if>
            <if test="memberInfo.provinceCode != null and memberInfo.provinceCode !=''">
                province_code = #{memberInfo.provinceCode},
            </if>
            <if test="memberInfo.cityName != null and memberInfo.cityName !=''">
                city_name = #{memberInfo.cityName},
            </if>
            <if test="memberInfo.cityCode != null and memberInfo.cityCode !=''">
                city_code = #{memberInfo.cityCode},
            </if>
            <if test="memberInfo.address != null and memberInfo.address !=''">
                address = #{memberInfo.address},
            </if>
            <if test="memberInfo.remark != null and memberInfo.remark !=''">
                remark = #{memberInfo.remark},
            </if>
            <if test="memberInfo.skinType != null and memberInfo.skinType !=''">
                skin_type = #{memberInfo.skinType},
            </if>
            <if test="memberInfo.career != null and memberInfo.career !=''">
                career = #{memberInfo.career},
            </if>
            <if test="memberInfo.income != null and memberInfo.income !=''">
                income = #{memberInfo.income},
            </if>
            <if test="memberInfo.openId != null and memberInfo.openId !=''">
                open_id = #{memberInfo.openId},
            </if>
            <if test="memberInfo.bindingTime != null and memberInfo.bindingTime !=''">
                binding_time = #{memberInfo.bindingTime},
            </if>
            <if test="memberInfo.updateTime != null">
                update_time = #{memberInfo.updateTime},
            </if>
        </trim>
        where member_card_number = #{memberInfo.memberCardNumber}
    </update>

    <update id="updateWxMember">
        update t_member_info
        set
        <if test="memberInfo.openId != null and memberInfo.openId != ''">
            open_id = #{memberInfo.openId},
        </if>
        <if test="memberInfo.bindingTime != null and memberInfo.bindingTime != ''">
            binding_time = #{memberInfo.bindingTime},
        </if>
        <if test="memberInfo.memberName != null and memberInfo.memberName != ''">
            member_name = #{memberInfo.memberName},
        </if>
        <if test="memberInfo.sex != null and memberInfo.sex != ''">
            sex = #{memberInfo.sex},
        </if>
        <if test="memberInfo.birthday != null and memberInfo.birthday != ''">
            birthday = #{memberInfo.birthday},
        </if>
        <if test="memberInfo.status != null">
            status = #{memberInfo.status},
        </if>
        update_time= #{memberInfo.updateTime}
        where member_id = #{memberInfo.memberId}
    </update>

    <update id="updateForWxMemberCard">
        update t_member_info
        set
            open_id = null,
            binding_time = null,
            status = 0,
            update_time = now(3)
        where member_id = #{memberId}
    </update>

    <select id="selectCounter" resultType="com.ruihe.common.dao.bean.order.PosOrderPo">
        select
            `create_time` as createTime,
            `counter_id`  as counterId
        from `t_pos_order`
        where member_id = #{memberId}
        order by `create_time` ASC
    </select>
</mapper>