<?xml version="1.0" encoding="UTF-8"?>
<!DOCTYPE mapper PUBLIC "-//mybatis.org//DTD Mapper 3.0//EN" "http://mybatis.org/dtd/mybatis-3-mapper.dtd">
<mapper namespace="com.ruihe.admin.mapper.member.MemberLevelUpMapper">

    <!-- 通用查询映射结果 -->
    <resultMap id="BaseResultMap" type="com.ruihe.common.dao.bean.member.MemberLevelUpPo">
        <id column="up_id" property="upId" />
        <result column="rule_id" property="ruleId" />
        <result column="after_level_code" property="afterLevelCode" />
        <result column="after_level_name" property="afterLevelName" />
        <result column="after_level" property="afterLevel" />
        <result column="description" property="description" />
        <result column="single" property="single" />
        <result column="from_amt" property="fromAmt" />
        <result column="to_amt" property="toAmt" />
        <result column="acc" property="acc" />
        <result column="duration" property="duration" />
        <result column="acc_from_amt" property="accFromAmt" />
        <result column="acc_to_amt" property="accToAmt" />
        <result column="include_first" property="includeFirst" />
        <result column="create_time" property="createTime" />
    </resultMap>

    <!-- 通用查询结果列 -->
    <sql id="Base_Column_List">
        up_id, rule_id, after_level_code, after_level_name,after_level, description, single, from_amt, to_amt, acc, duration, acc_from_amt, acc_to_amt, include_first, create_time
    </sql>
    <!--批量插入-->
    <insert id="batchInsert">
        INSERT INTO t_member_level_up(rule_id, after_level_code, after_level_name,after_level,description, single, from_amt, to_amt, acc, duration, acc_from_amt, acc_to_amt, include_first, create_time)
        VALUES
        <foreach collection="list" item="e" separator=",">
            (#{e.ruleId},#{e.afterLevelCode},#{e.afterLevelName},#{e.afterLevel},#{e.description},#{e.single},#{e.fromAmt},#{e.toAmt},#{e.acc},#{e.duration},#{e.accFromAmt},#{e.accToAmt},#{e.includeFirst},#{e.createTime})
        </foreach>
    </insert>
</mapper>