<?xml version="1.0" encoding="UTF-8"?>
<!DOCTYPE mapper PUBLIC "-//mybatis.org//DTD Mapper 3.0//EN" "http://mybatis.org/dtd/mybatis-3-mapper.dtd">
<mapper namespace="com.ruihe.admin.mapper.member.MemberActivityMapper">

    <select id="selectMemberActivityByQuery" resultType="com.ruihe.common.dao.bean.member.MemberActivity">
        select
        `activity_id` as `activityId`,
        `name`,
        `subject_type` as `subjectType`,
        `buy_type` as `buyType`,
        `activity_type` as `activityType`,
        `receive_counter` as `receiveCounter`,
        `check_type` as `checkType`,
        `description`,
        `status`,
        `template_type` as templateType,
        `subject_start_time` as `subjectStartTime`,
        `subject_stop_time` as `subjectStopTime`,
        `receive_start_time` as `receiveStartTime`,
        `receive_stop_time` as `receiveStopTime`,
        `receive_type` as `receiveType`,
        `create_time` as `createTime`
        from `t_member_activity` where is_del =1
        <if test="statusList != null and statusList.size >0 ">
            and status in
            <foreach collection="statusList" index="index" item="item" open="(" separator=","
                     close=")">
                #{item}
            </foreach>
        </if>
        order by create_time desc
    </select>

    <select id="selectActivities" resultType="com.ruihe.common.dao.bean.member.MemberActivity">
        select
        `activity_id` as `activityId`,
        `name`,
        `subject_type` as `subjectType`,
        `buy_type` as `buyType`,
        `activity_type` as `activityType`,
        `receive_counter` as `receiveCounter`,
        `check_type` as `checkType`,
        `description`,
        `status`,
        `template_type` as templateType,
        `subject_start_time` as `subjectStartTime`,
        `subject_stop_time` as `subjectStopTime`,
        `receive_start_time` as `receiveStartTime`,
        `receive_stop_time` as `receiveStopTime`,
        `receive_type` as `receiveType`,
        is_del as isDel,
        account,
        create_author as createAuthor,
        `create_time` as `createTime`
        from `t_member_activity` where 1=1
        <if test="request.activityName !=null and request.activityName != ''">
            and `name` LIKE CONCAT('%',#{request.activityName},'%')
        </if>
        <if test="request.status !=null ">
            and status =#{request.status}
        </if>
        <if test="request.subjectType !=null ">
            and subject_type =#{request.subjectType}
        </if>
        <if test="request.templateType !=null ">
            and template_type =#{request.templateType}
        </if>
        <if test="request.isDel !=null ">
            and is_del =#{request.isDel}
        </if>
        order by create_time desc
    </select>
    <select id="selectCount" resultType="long">
        select
        count(1)
        from `t_member_activity` where is_del =1
        <if test="statusList != null and statusList.size >0 ">
            and status in
            <foreach collection="statusList" index="index" item="item" open="(" separator=","
                     close=")">
                #{item}
            </foreach>
        </if>
    </select>

    <select id="selectMemberCouponByQuery" resultType="com.ruihe.common.dao.bean.member.MemberCoupon">
        select
        coupon_id as couponId,
        coupon as coupon,
        activity_id as activityId,
        member_id as memberId,
        member_type as memberType,
        member_name as memberName,
        activity_name as activityName,
        mobile_phone as mobilePhone,
        receive_counter_id as receiveCounterId,
        status,
        receive_time as receiveTime,
        start_time as startTime,
        stop_time as stopTime,
        create_time as createTime
        from t_member_coupon where is_del =1

        <if test="request.subActivityId !=null and request.subActivityId != '' ">
            and sub_activity_id =#{request.subActivityId}
        </if>

        <if test="request.couponId !=null and request.couponId != '' ">
            and coupon_id =#{request.couponId}
        </if>
        <if test="request.memberId !=null and request.memberId != '' ">
            and member_id =#{request.memberId}
        </if>
        <if test="request.mobilePhone !=null and request.mobilePhone != '' ">
            and mobile_phone =#{request.mobilePhone}
        </if>
        <if test="request.receiveCounterId !=null and request.receiveCounterId != '' ">
            and receive_counter_id =#{request.receiveCounterId}
        </if>
        <if test="request.status !=null ">
            and status =#{request.status}
        </if>
        <if test="request.coupon !=null  and request.coupon != '' ">
            and coupon =#{request.coupon}
        </if>
        <if test="request.memberType !=null and request.memberType != '' ">
            and member_type =#{request.memberType}
        </if>
        order by `create_time` desc

    </select>

    <select id="memberCouponResultQuery" resultType="com.ruihe.common.dao.bean.member.MemberCouponResult">
        select
        `result_id` as `resultId`,
        `member_name` as memberName,
        `member_id` as memberId,
        `counter_id` as counterId,
        `counter_name` as counterName,
        `coupon` as coupon,
        `create_time` as createTime,
        `goods_qty` as goodsQty,
        `real_amt` as realAmt,
        `operation_id` as operationId,
        create_time as createTime,
        order_no as orderNo,
        `operation_name` as operationName
        from `t_member_coupon_result` where 1=1
        <if test="request.resultId != null and request.resultId != '' ">
            and result_id = #{request.resultId}
        </if>

        <if test="request.orderNo != null and request.orderNo != '' ">
            and order_no = #{request.orderNo}
        </if>
        <if test="request.startTime != null and request.startTime != '' ">
            and create_time &gt;= #{request.startTime}
        </if>
        <if test="request.stopTime != null and request.stopTime != '' ">
            and create_time &lt;= #{request.stopTime}
        </if>
        <if test="request.memberPhone != null and request.memberPhone != '' ">
            and member_phone = #{request.memberPhone}
        </if>
        <if test="request.coupon != null and request.coupon != '' ">
            and coupon = #{request.coupon}
        </if>
        <if test="request.memberType != null ">
            and member_type = #{request.memberType}
        </if>
        <if test="request.subActivityId != null and request.subActivityId != '' ">
            and sub_activity_id = #{request.subActivityId}
        </if>
        <if test="request.counterId != null and request.counterId != '' ">
            and counter_id = #{request.counterId}
        </if>
        order by `create_time` desc
    </select>

    <select id="couponLogQuery" resultType="com.ruihe.common.dao.bean.member.MemberCouponLog">
        select
        `id`,
        sub_activity_id as subActivityId,
        member_id as memberId,
        sub_activity_name as subActivityName,
        counter_id as counterId,
        activity_id as activityId,
        member_name as memberName,
        member_phone as memberPhone,
        create_time as createTime,
        order_no as orderNo,
        `status`
        from `t_member_coupon_log` where 1=1
        <if test="request.id != null and request.id != '' ">
            and id = #{request.id}
        </if>
        <if test="request.orderNo != null and request.orderNo != '' ">
            and order_no = #{request.orderNo}
        </if>
        <if test="request.subActivityId != null and request.subActivityId != '' ">
            and sub_activity_id = #{request.subActivityId}
        </if>
        <if test="request.subActivityName != null and request.subActivityName != '' ">
            and sub_activity_name LIKE "%"{request.subActivityName}"%"
        </if>
        <if test="request.counterId != null and request.counterId != '' ">
            and counter_id LIKE "%"{request.counterId}"%"
        </if>
        <if test="request.memberPhone != null and request.memberPhone != '' ">
            and member_phone = #{request.memberPhone}
        </if>
        <if test="request.status != null  ">
            and status = #{request.status}
        </if>
        <if test="request.startTime != null and request.startTime != '' ">
            and create_time &gt;= #{request.startTime}
        </if>
        <if test="request.stopTime != null and request.stopTime != '' ">
            and create_time &lt;= #{request.stopTime}
        </if>
        order by `create_time` desc
    </select>

    <select id="IntegralResultQuery" resultType="com.ruihe.common.dao.bean.member.MemberIntegralResult">
        select
        convert_id as convertId,
        create_time as createTime,
        member_id as memberId,
        member_name as memberName,
        member_phone as memberPhone,
        member_type as memberType,
        counter_id as counterId,
        counter_name as counterName,
        order_no as orderNo,
        goods_qty as goodsQty,
        operation_id as operationId,
        operation_name as operationName,
        real_amt as realAmt
        from t_member_integral_result where 1=1
        <if test="request.convertId != null and request.convertId != '' ">
            and convert_id = #{request.convertId}
        </if>
        <if test="request.orderNo != null and request.orderNo != '' ">
            and order_no = #{request.orderNo}
        </if>

        <if test="request.memberPhone != null and request.memberPhone != '' ">
            and member_phone = #{request.memberPhone}
        </if>
        <if test="request.counterId != null and request.counterId != '' ">
            and counter_id = #{request.counterId}
        </if>
        <if test="request.memberType != null  ">
            and member_type = #{request.memberType}
        </if>
        <if test="request.subActivityId != null and request.subActivityId != '' ">
            and sub_activity_id = #{request.subActivityId}
        </if>
        <if test="request.startTime != null and request.startTime != '' ">
            and create_time &gt;= #{request.startTime}
        </if>
        <if test="request.stopTime != null and request.stopTime != '' ">
            and create_time &lt;= #{request.stopTime}
        </if>
        order by `create_time` desc
    </select>


    <select id="queryMemberActivity" resultType="com.ruihe.common.dao.bean.member.MemberActivity">
        select
        activity_id activityId,
        `name` name,
        activity_type activityType
        from t_member_activity where 1=1
        <if test="name != null and name != '' ">
            and name LIKE CONCAT('%',#{name},'%')
        </if>
        <if test="isDel != null">
            and is_del =#{isDel}
        </if>
        order by `create_time` desc
    </select>

    <select id="queryCount" resultType="long">
        select
        count(*)
        from t_member_activity where 1=1
        <if test="isDel != null">
            and is_del =#{isDel}
        </if>
    </select>
</mapper>