<?xml version="1.0" encoding="UTF-8" ?>
<!DOCTYPE mapper
        PUBLIC "-//mybatis.org//DTD Mapper 3.0//EN"
        "http://mybatis.org/dtd/mybatis-3-mapper.dtd">
<mapper namespace="com.ruihe.admin.mapper.member.MemberFileImportMapper">

    <select id="queryImportNo" resultType="com.ruihe.admin.po.MemberFilesImportPo">
        select
        import_serial_no as importSerialNo,
        import_name as importName,
        import_mode as importMode,
        create_time as createTime,
        import_reason as importReason
        from t_member_file_import
        where 1=1
        <if test="request.importMode != null">
            and import_mode = #{request.importMode}
        </if>
        <if test="request.importName != null and request.importName != ''">
            and import_name like "%"#{request.importName}"%"
        </if>
        <if test="request.startTime != null">
            <![CDATA[  AND create_time >= #{request.startTime}]]>
        </if>
        <if test="request.endTime != null">
            <![CDATA[  AND create_time <= #{request.endTime}]]>
        </if>
    </select>

    <select id="queryImportDetail" resultType="com.ruihe.admin.po.MemberImportQueryPo">
        select
        member_card_number as memberCardNumber,
        member_name as memberName,
        mobile_phone as mobilePhone,
        birthday as birthday,
        sex as sex,
        ba_id as baId,
        counter_id as counterId,
        import_result as importResult,
        result_msg as resultMsg
        from t_member_file_import_item
        where 1=1
        <if test="importResult != null">
            and import_result = #{importResult}
        </if>
        <if test="memberCardNumber != null and memberCardNumber != ''">
            and member_card_number like "%"#{memberCardNumber}"%"
        </if>
        <if test="importSerialNo != null and importSerialNo != ''">
            AND import_serial_no = #{importSerialNo}
        </if>
    </select>

    <select id="calculatedSuccessQty" resultType="com.ruihe.admin.po.MemberImportQtyPo">
        select
        COUNT(import_result)as successQty
        from t_member_file_import_item
        where 1=1
        <if test="importSerialNo != null">
            AND import_serial_no = #{importSerialNo}
        </if>
        <if test="importResult != null">
            AND import_result = #{importResult}
        </if>
    </select>

    <select id="calculatedFailureQty" resultType="com.ruihe.admin.po.MemberImportQtyPo">
        select
        COUNT(import_result) as failureQty
        from t_member_file_import_item
        where 1=1
        <if test="importSerialNo != null">
            AND import_serial_no = #{importSerialNo}
        </if>
        <if test="importResult != null">
            AND import_result = #{importResult}
        </if>
    </select>

    <select id="calculatedProcessingQty" resultType="com.ruihe.admin.po.MemberImportQtyPo">
        select
        COUNT(import_result) as processingQty
        from t_member_file_import_item
        where 1=1
        <if test="importSerialNo != null">
            AND import_serial_no = #{importSerialNo}
        </if>
        <if test="importResult != null">
            AND import_result = #{importResult}
        </if>
    </select>


    <select id="queryTotal" resultType="long">
        select
        count(1)
        from t_member_file_import_item
        where 1=1
        <if test="importResult != null">
            and import_result = #{importResult}
        </if>
        <if test="memberCardNumber != null and memberCardNumber != ''">
            and member_card_number like "%"#{memberCardNumber}"%"
        </if>
        <if test="importSerialNo != null and importSerialNo != ''">
            AND import_serial_no = #{importSerialNo}
        </if>
    </select>


    <select id="selectMemberInfo" resultType="com.ruihe.common.dao.bean.member.MemberInfo">
        select
            member_card_number as memberCardNumber,
            member_name        as memberName,
            mobile_phone       as mobilePhone,
            birthday           as birthday,
            sex                as sex,
            ba_id              as baId,
            counter_id         as counterId,
            remark             as remark,
            import_result      as importResult,
            result_msg         as resultMsg
        from t_member_info
    </select>
</mapper>