<?xml version="1.0" encoding="UTF-8"?>
<!DOCTYPE mapper PUBLIC "-//mybatis.org//DTD Mapper 3.0//EN" "http://mybatis.org/dtd/mybatis-3-mapper.dtd">
<mapper namespace="com.ruihe.app.mapper.basic.CounterMapper">

    <select id="queryAll" resultType="com.ruihe.app.po.basic.PosCounterPo">
        select
        counter_id as counterId ,
        counter_name as counterName
        from
        t_counter_info
        where is_del = 0
        <if test="counterName !=null and counterName !=''">
            and (counter_name like "%"#{counterName}"%"
            or counter_id like "%"#{counterName}"%")
        </if>
    </select>

    <select id="queryCounterLocation" resultType="com.ruihe.app.response.CounterLocationInfoVo">
        select
        counter_id,
        counter_name,
        counter_address,
        location
        from
        t_counter_info
        where is_del = 0 and counter_type= 10001
        <if test="request.counterName !=null and request.counterName !=''">
            and (counter_name like "%"#{request.counterName}"%"
            or counter_address like "%"#{request.counterName}"%")
        </if>
        <if test="request.provinceCode !=null and request.provinceCode !=''">
            and province_code =#{request.provinceCode}
        </if>
        <if test="request.cityCode !=null and request.cityCode !=''">
            and city_code =#{request.cityCode}
        </if>
        <if test="request.countyCode !=null and request.countyCode !=''">
            and county_code =#{request.countyCode}
        </if>
        order by create_time desc
    </select>


</mapper>