<?xml version="1.0" encoding="UTF-8"?>
<!DOCTYPE mapper PUBLIC "-//mybatis.org//DTD Mapper 3.0//EN" "http://mybatis.org/dtd/mybatis-3-mapper.dtd">
<mapper namespace="com.ruihe.app.mapper.member.MemberVisitMapper">

    <select id="selectBirthdayVisitBack" resultType="com.ruihe.app.response.MemberVisitVO">
        SELECT m.member_id as memberId,
        m.birthday as birthday,
        m.member_name as name,
        m.mobile_phone as mobile,
        max(o.biz_time) as lastBuyTime,
        m.card_issuing_time as joinTime,
        i.avl_qty as availableIntegration
        from t_member_info m
        left join t_pos_order o on o.member_id = m.member_id
        left join t_integral_account i on i.member_id = m.member_id and i.member_id = o.member_id
        where m.counter_id = #{counterId}
        <choose>
            <when test="isCrossYear">
                and (date_format(str_to_date(birthday, '%Y-%m-%d'), '%m-%d') between #{beginDate} and '12-31' or
                date_format(str_to_date(birthday, '%Y-%m-%d'), '%m-%d') between '01-01' and #{endDate})
            </when>
            <otherwise>
                and date_format(str_to_date(birthday, '%Y-%m-%d'), '%m-%d') between #{beginDate} and #{endDate}
            </otherwise>
        </choose>
        group by memberId
        order by substr(birthday,6) desc, lastBuyTime desc, joinTime desc
    </select>

    <select id="selectBirthdayVisit" resultType="com.ruihe.app.response.MemberVisitVO">
        SELECT m.member_id         as memberId,
               m.birthday          as birthday,
               m.member_name       as name,
               m.mobile_phone      as mobile,
               max(o.biz_time)     as lastBuyTime,
               m.card_issuing_time as joinTime,
               i.avl_qty           as availableIntegration
        from t_member_info m
                 left join t_pos_order o on o.member_id = m.member_id
                 left join t_integral_account i on i.member_id = m.member_id and i.member_id = o.member_id
            ${ew.customSqlSegment}
        and m.status = 1
        group by memberId
        order by substr(birthday, 6)
        desc, lastBuyTime desc, joinTime desc
    </select>

    <select id="selectByOrderTime" resultType="com.ruihe.app.response.MemberVisitVO">
        SELECT m.birthday      as birthday,
               m.member_id     as memberId,
               m.member_name   as name,
               m.mobile_phone  as mobile,
               max(o.biz_time) as lastBuyTime,
               i.avl_qty       as availableIntegration
        from t_pos_order o
                 inner join t_member_info m on o.member_id = m.member_id
                 inner join t_integral_account i on i.member_id = m.member_id and i.member_id = o.member_id
        where o.counter_id = #{counterId}
          and biz_time between DATE_FORMAT(#{request.beginDate}, '%Y-%m-%d') and DATE_FORMAT(#{request.endDate}, '%Y-%m-%d')
          and m.status = 1
        group by memberId
        order by lastBuyTime desc
    </select>

    <select id="selectJoinDateVisit" resultType="com.ruihe.app.response.MemberVisitVO">
        select a.member_id,
               birthday,
               mobile_phone      as mobile,
               a.member_name     as name,
               card_issuing_time as joinTime,
               avl_qty           as availableIntegration
        from t_member_info a
                 inner join t_integral_account b on a.member_id = b.member_id
        where a.counter_id = #{counterId}
          and a.card_issuing_time >= #{beginDate}
          and a.card_issuing_time &lt; #{endDate}
          and a.status = 1
        order by card_issuing_time desc
    </select>


</mapper>