<?xml version="1.0" encoding="UTF-8"?>
<!DOCTYPE mapper PUBLIC "-//mybatis.org//DTD Mapper 3.0//EN" "http://mybatis.org/dtd/mybatis-3-mapper.dtd">
<mapper namespace="com.ruihe.app.mapper.analysis.MemberSaleStatisticMapper">

    <!--会员销售统计-->
    <select id="queryMemberSale" resultType="com.ruihe.app.po.analysis.PosMemberSaleStatisticPo">
        SELECT
        member_id memberId,
        member_phone memberPhone,
        member_name memberName,
        ifnull(SUM(case when trans_type = 1 then ABS(goods_qty) when trans_type = -1 then -ABS(goods_qty) end),0)
        goodsQty,
        ifnull(SUM(case when trans_type = 1 then ABS(real_amt) when trans_type = -1 then -ABS(real_amt) end),0) realAmt
        FROM
        t_pos_order
        <where>
            member_id is not null
            <if test="request.memberPhone != null and request.memberPhone != ''">
                AND member_phone LIKE CONCAT('%',#{request.memberPhone},'%')
            </if>
            <if test="request.counterId != null and request.counterId != ''">
                AND counter_id = #{request.counterId}
            </if>
            <if test="request.startTime != null">
                AND biz_time &gt;= #{request.startTime}
            </if>
            <if test="request.endTime != null">
                AND biz_time &lt;= #{request.endTime}
            </if>
        </where>
        GROUP BY
        member_id,
        member_phone,
        member_name
        order by realAmt desc
    </select>

    <select id="queryQtyAndAmt" resultType="com.ruihe.app.po.analysis.PosMemberSaleTotalAmtQtyPo">
        SELECT
        ifnull(SUM(case when trans_type = 1 then ABS(goods_qty) when trans_type = -1 then
        -ABS(goods_qty) else 0 end),0) qty,
        ifnull(SUM(case when trans_type = 1 then ABS(real_amt) when trans_type = -1 then
        -ABS(real_amt) else 0 end),0) amt
        FROM
        t_pos_order
        WHERE member_id is not null
        <if test="request.memberPhone != null and request.memberPhone != ''">
            AND member_phone LIKE CONCAT('%',#{request.memberPhone},'%')
        </if>
        <if test="request.counterId != null and request.counterId != ''">
            AND counter_id = #{request.counterId}
        </if>
        <if test="request.startTime != null">
            AND biz_time &gt;= #{request.startTime}
        </if>
        <if test="request.endTime != null">
            AND biz_time &lt;= #{request.endTime}
        </if>
    </select>

    <!--统计门店一段时间内的购买人数-->
    <select id="counterConsumer" resultType="java.lang.Integer">
        SELECT
        IFNULL(COUNT(DISTINCT member_id),0)
        FROM
        t_pos_order
        <where>
            member_id is not null
            <if test="memberId != null and memberId != ''">
                AND member_id = #{memberId}
            </if>
        </where>
    </select>

    <!--商品销售排行-->
    <select id="queryMerchandising" resultType="com.ruihe.app.po.analysis.PosMerchandisingPo">
        select
        b.prd_bar_code prdBarCode,
        b.goods_bar_code goodsBarCode,
        b.prd_name prdName,
        SUM(case when a.trans_type =-1 then -ABS(b.pur_qty) when a.trans_type=1 then ABS(b.pur_qty) end) salesQty,
        SUM(case when a.trans_type =-1 then -ABS(b.pur_qty)*b.sale_price when a.trans_type=1 then
        ABS(b.pur_qty)*b.sale_price end) purchasingAmt
        from
        t_pos_order a
        left join
        t_pos_order_item b
        ON
        a.order_no = b.order_no
        <where>
            b.is_virtual = 0
            <if test="request.memberPhone != null and request.memberPhone != ''">
                AND b.member_phone = #{request.memberPhone}
            </if>
            <if test="request.counterId != null and request.counterId != ''">
                AND a.counter_id = #{request.counterId}
            </if>
            <if test="request.baCode != null and request.baCode != ''">
                AND a.ba_code = #{request.baCode}
            </if>
            <if test="request.startTime != null">
                AND a.biz_time &gt;= #{request.startTime}
            </if>
            <if test="request.endTime != null">
                AND a.biz_time &lt; #{request.endTime}
            </if>
        </where>
        group BY
        b.prd_bar_code,
        b.goods_bar_code,
        b.prd_name
        ORDER BY
        purchasingAmt
        DESC
    </select>


    <select id="querySaleQtyAndAmt" resultType="com.ruihe.app.po.analysis.PosPayMentAmtAndQtyPo">
        select
        ifnull((SUM(case when a.trans_type = 1 then ABS(b.pur_qty) else 0 end) - SUM(case when a.trans_type = -1 then
        ABS(b.pur_qty) else 0 end)),0) qty,
        ifnull(SUM(case when a.trans_type = 1 then ABS(b.amount) else 0 end) - SUM(case when a.trans_type = -1 then
        ABS(b.amount) else 0 end),0) amt
        from
        t_pos_order a
        left join
        t_pos_order_item b
        ON
        a.order_no = b.order_no
        <where>
            b.is_virtual = 0

            <if test="request.memberPhone != null and request.memberPhone != ''">
                AND a.member_phone = #{request.memberPhone}
            </if>
            <if test="request.counterId != null and request.counterId != ''">
                AND a.counter_id = #{request.counterId}
            </if>
            <if test="request.baCode != null and request.baCode != ''">
                AND a.ba_code = #{request.baCode}
            </if>
            <if test="request.startTime != null">
                AND a.biz_time &gt;= #{request.startTime}
            </if>
            <if test="request.endTime != null">
                AND a.biz_time &lt;= #{request.endTime}
            </if>
        </where>
    </select>

    <!--十二个月内购买总数与购买金额-->
    <select id="queryDetailOfQtyAndAmt" resultType="com.ruihe.app.po.analysis.PosMemberSaleDetailPo">
        SELECT
        sum(case when trans_type = 1 then ABS(goods_qty) when trans_type = -1 then -ABS(goods_qty) end) qty,
        sum(case when trans_type = 1 then ABS(real_amt) when trans_type = -1 then -ABS(real_amt) end ) amt
        FROM t_pos_order
        WHERE biz_time > DATE_SUB(CURDATE(), INTERVAL 12 MONTH)
        and member_id is not null
        <if test="memberId != null and memberId != ''">
            AND member_id = #{memberId}
        </if>
        <if test="counterId != null and counterId != ''">
            AND counter_id = #{counterId}
        </if>
    </select>

    <!--十二个月内连带率和客单价-->
    <select id="queryDetailOfRateAndPrice" resultType="com.ruihe.app.po.analysis.PosMemberDetailPo">
        SELECT
        ifnull(sum(case when trans_type = 1 or activity_type = 0 then 1 else 0 end),0) orderQty,
        ifnull(sum(case when trans_type = 1 then ABS(goods_qty) else 0 end),0) salesQty,
        ifnull(sum(case when trans_type = 1 then ABS(real_amt) else 0 end),0) salesAmt,
        ifnull(sum(case when trans_type = -1 then ABS(goods_qty) else 0 end),0) returnQty,
        ifnull(sum(case when trans_type = -1 then ABS(real_amt) else 0 end),0) returnAmt
        FROM t_pos_order
        WHERE biz_time > DATE_SUB(CURDATE(), INTERVAL 12 MONTH)
        and member_id is not null
        <if test="memberId != null and memberId != ''">
            AND member_id = #{memberId}
        </if>
        <if test="counterId != null and counterId != ''">
            AND counter_id = #{counterId}
        </if>
    </select>

    <select id="queryOrderCount" resultType="com.ruihe.app.po.analysis.PosSalesOrderCountPo">
        SELECT
        ifnull(count(order_no),0) saleOrderQty
        FROM t_pos_order
        WHERE biz_time > DATE_SUB(CURDATE(), INTERVAL 12 MONTH)
        and real_amt>0
        and trans_type=1
        and member_id is not null
        <if test="memberId != null and memberId != ''">
            AND member_id = #{memberId}
        </if>
        <if test="counterId != null and counterId != ''">
            AND counter_id = #{counterId}
        </if>
    </select>

    <select id="queryReturnCount" resultType="com.ruihe.app.po.analysis.PosReturnOrderCountPo">
        SELECT
        ifnull(count(order_no),0) returnOrderQty
        FROM t_pos_order
        WHERE biz_time > DATE_SUB(CURDATE(), INTERVAL 12 MONTH)
        and ABS(real_amt)>0
        and trans_type=-1
        and member_id is not null
        <if test="memberId != null and memberId != ''">
            AND member_id = #{memberId}
        </if>
        <if test="counterId != null and counterId != ''">
            AND counter_id = #{counterId}
        </if>
    </select>

    <select id="querySalesPrdQty" resultType="com.ruihe.app.po.analysis.PosSalesTotalCountPo">
        SELECT
        ifnull(count(a.goods_qty),0) salesPrdQty
        FROM t_pos_order a , t_pos_order_item b
        <where>
            a.order_no = b.order_no
            and a.biz_time > DATE_SUB(CURDATE(), INTERVAL 12 MONTH)
            and a.trans_type=1
            and b.big_cat_name in ('开口', '日护', '疗程', '特护')
            and a.member_id is not null
            <if test="memberId != null and memberId != ''">
                AND a.member_id = #{memberId}
            </if>
            <if test="counterId != null and counterId != ''">
                AND a.counter_id = #{counterId}
            </if>
        </where>
    </select>

    <select id="queryReturnPrdQty" resultType="com.ruihe.app.po.analysis.PosReturnTotalCountPo">
        SELECT
        ifnull(count(a.goods_qty),0) returnPrdQty
        FROM t_pos_order a , t_pos_order_item b
        <where>
            a.order_no = b.order_no
            and a.biz_time > DATE_SUB(CURDATE(), INTERVAL 12 MONTH)
            and a.trans_type=-1
            and b.big_cat_name in ('开口', '日护', '疗程', '特护')
            and a.member_id is not null
            <if test="memberId != null and memberId != ''">
                AND a.member_id = #{memberId}
            </if>
            <if test="counterId != null and counterId != ''">
                AND a.counter_id = #{counterId}
            </if>
        </where>
    </select>

    <!--会员详情页中的消费计算->最近购买的时间-->
    <select id="queryLatelyTime" resultType="com.ruihe.app.po.analysis.PosMemberDiffTimePo">
        SELECT biz_time diffTime
        FROM t_pos_order
        where 1=1
        and member_id is not null
        <if test="memberId != null and memberId != ''">
            AND member_id = #{memberId}
        </if>
        <if test="counterId != null and counterId != ''">
            AND counter_id = #{counterId}
        </if>
        ORDER BY biz_time DESC
        LIMIT 1
    </select>

    <select id="queryMemberDataList" resultType="com.ruihe.app.po.analysis.PosMemberDataPo">
        SELECT
        a.member_card_number memberCardNumber,
        a.member_name memberName,
        a.rcmd_member_phone rcmdMemberName,
        a.mobile_phone mobilePhone,
        a.birthday birthday,
        a.member_level_name memberLevelName,
        a.rcmd_member_id rcmdMemberId,
        a.telephone telephone,
        a.sex sex,
        a.province_name province,
        a.address address,
        a.career career,
        a.create_time joinDate,
        a.city_name city,
        a.counter_name counterName,
        a.skin_type skinType,
        a.income income,
        b.total_qty totalQty,
        b.avl_qty avlQty,
        b.expiring_qty expiringQty,
        b.expired_qty expiredQty,
        b.exch_qty exchQty,
        b.next_expire_time nextExpireTime
        FROM t_member_info a
        LEFT JOIN t_integral_account b ON a.member_id = b.member_id
        where 1=1
        <if test="memberId != null and memberId != ''">
            AND a.member_id = #{memberId}
        </if>
        <!--<if test="counterId != null and counterId != ''">-->
        <!--AND a.counter_id = #{counterId}-->
        <!--</if>-->
    </select>

</mapper>