<?xml version="1.0" encoding="UTF-8"?>
<!DOCTYPE mapper PUBLIC "-//mybatis.org//DTD Mapper 3.0//EN" "http://mybatis.org/dtd/mybatis-3-mapper.dtd">
<mapper namespace="com.ruihe.app.mapper.member.MemberActivityProductMapper">

    <select id="selectMemberActivityRestrictsInProducts" resultType="com.ruihe.common.dao.bean.member.MemberActivityProduct">
        SELECT
        prd_bar_code ,
        min( count ) count
        FROM
        t_member_activity_product
        WHERE
        reward_type = 2
        AND activity_id IN
        <foreach collection="activityIds" index="index" item="item" open="(" separator="," close=")">
            #{item}
        </foreach>
        GROUP BY
        prd_bar_code
    </select>


    <select id="selectMemberActivityRestrictsOutProducts" resultType="com.ruihe.common.dao.bean.member.MemberActivityProduct">
        SELECT
        prd_bar_code ,
        max( count ) count
        FROM
        t_member_activity_product
        WHERE
        reward_type = 2
        AND activity_id IN
        <foreach collection="activityIds" index="index" item="item" open="(" separator="," close=")">
            #{item}
        </foreach>
        GROUP BY
        prd_bar_code
    </select>

</mapper>