<?xml version="1.0" encoding="UTF-8"?>
<!DOCTYPE mapper PUBLIC "-//mybatis.org//DTD Mapper 3.0//EN" "http://mybatis.org/dtd/mybatis-3-mapper.dtd">
<mapper namespace="com.ruihe.app.mapper.member.MemberMapper">

    <update id="updateMemberInfo">
        update t_member_info
        set
        <if test="memberInfo.openId != null and memberInfo.openId != ''">
            open_id = #{memberInfo.openId},
        </if>
        <if test="memberInfo.bindingTime != null and memberInfo.bindingTime != ''">
            binding_time = #{memberInfo.bindingTime},
        </if>
        <if test="memberInfo.memberName != null and memberInfo.memberName != ''">
            member_name = #{memberInfo.memberName},
        </if>
        <if test="memberInfo.sex != null and memberInfo.sex != ''">
            sex = #{memberInfo.sex},
        </if>
        <if test="memberInfo.birthday != null and memberInfo.birthday != ''">
            birthday = #{memberInfo.birthday},
        </if>
        <if test="memberInfo.memberCardNumber != null and memberInfo.memberCardNumber != ''">
            mobile_phone = #{memberInfo.mobilePhone},
            member_card_number = #{memberInfo.memberCardNumber},
        </if>
        <if test="memberInfo.status != null">
            status = #{memberInfo.status},
        </if>
        <if test="memberInfo.rcmdMemberId != null and memberInfo.rcmdMemberId != ''">
            rcmd_member_id = #{memberInfo.rcmdMemberId},
        </if>
        <if test="memberInfo.rcmdMemberPhone != null and memberInfo.rcmdMemberPhone != ''">
            rcmd_member_phone = #{memberInfo.rcmdMemberPhone},
        </if>
        <if test="memberInfo.rcmdMemberName != null and memberInfo.rcmdMemberName != ''">
            rcmd_member_name = #{memberInfo.rcmdMemberName},
        </if>
        update_time= #{memberInfo.updateTime}
        where member_id = #{memberInfo.memberId}
    </update>
    <update id="updateForMemberCard">
        update t_member_info
        set
            open_id = null,
            binding_time = null,
            update_time = now(3)
        where member_id = #{memberId}
    </update>

    <!--/**
     * 销售小结查询页面
     * 统计每个柜员招收新会员数量
     */-->
    <select id="baNewMemberQty" resultType="java.util.Map">
        SELECT
        p.ba_code as baCode,
        count(DISTINCT a.member_id ) as newMemeberQty
        FROM
        t_member_info a
        left join t_pos_order p on a.member_id = p.member_id
        <where>
            p.real_amt >= 200
            <if test="startTime != null">
                AND p.biz_time &gt;= #{startTime}
            </if>
            <if test="endTime != null">
                AND p.biz_time &lt;= #{endTime}
            </if>
            and p.trans_type = 1
            and a.counter_id= #{counterId}
            <if test="startTime != null">
                AND a.create_time &gt;= #{startTime}
            </if>
            <if test="endTime != null">
                AND a.create_time &lt;= #{endTime}
            </if>
            GROUP BY
            p.ba_code
        </where>
    </select>

    <select id="newMemberQty" resultType="java.lang.Integer">
        select count(distinct a.member_id)
        from t_member_info a,
        t_pos_order b
        <where>
            a.member_id = b.member_id
            and a.status=1
            and b.real_amt &gt;= 200
            and b.trans_type = 1
            <if test="counterId != null and counterId != ''">
                AND a.counter_id= #{counterId}
            </if>
            <if test="startTime != null">
                AND a.create_time &gt;= #{startTime}
            </if>
        </where>
    </select>
    <select id="selectMemberIdList" resultType="java.lang.String">
        select member_id
        from t_member_info
        where level_end_time &lt;= #{endTime}
          and member_level &gt; 2
          and member_id is not null
        order by member_id
    </select>
    <!--是否是员工-->
    <select id="isEmp" resultType="java.lang.Boolean">
        <![CDATA[




                                        SELECT
                                            CASE
                                                WHEN ifnull( count( emp_id ), 0 ) > 0 THEN
                                                    1
                                                ELSE 0
                                            END
                                        FROM
                                            t_employee
                                        WHERE
                                            phone_no IN ( SELECT mobile_phone FROM t_member_info WHERE member_id = #{memberId} )




        ]]>
    </select>

    <select id="memberList" resultType="com.ruihe.common.dao.bean.member.MemberInfo">
        SELECT distinct a.member_id,
        a.member_name,
        a.mobile_phone,
        a.member_level_code,
        a.member_level_name,
        a.member_level
        from t_member_info a
        left join t_pos_order b on a.member_id = b.member_id
        left join t_nursing_record c on a.member_id = c.member_id
        where 1=1
        <if test="phone !=null and phone !=''">
            and a.member_card_number like "%"#{phone}
        </if>
        <if test="memberName !=null and memberName !=''">
            and a.member_name like "%"#{memberName}"%"
        </if>
        and (a.counter_id=#{counterId} or b.counter_id=#{counterId} or c.counter_id=#{counterId})

    </select>
</mapper>