<?xml version="1.0" encoding="UTF-8"?>
<!DOCTYPE mapper PUBLIC "-//mybatis.org//DTD Mapper 3.0//EN" "http://mybatis.org/dtd/mybatis-3-mapper.dtd">
<mapper namespace="com.ruihe.app.mapper.analysis.PaymentStructureMapper">

    <!--支付构成报表 ->支付方式与销售额-->
    <select id="queryAmtAndPayChannel" resultType="com.ruihe.app.po.analysis.PosPaymentStructurePo">
        SELECT
        d.pay_channel payChannel,
        SUM(CASE WHEN a.trans_type = 1 THEN ABS(d.pay_amt) ELSE 0 END) salesVolume,
        SUM(CASE WHEN a.trans_type = -1 THEN ABS(d.pay_amt) ELSE 0 END) returnVolume
        FROM
        t_pos_order a,t_pos_pmt_order d,t_employee c
        <where>
            a.order_no = d.order_no
            and a.ba_code =c.emp_id
            and c.status=1
            <if test="request.counterId != null and request.counterId != ''">
                AND a.counter_id = #{request.counterId}
            </if>
            <if test="request.baCode != null and request.baCode != ''">
                AND a.ba_code = #{request.baCode}
            </if>
            <if test="request.startTime != null">
                AND a.biz_time &gt;= #{request.startTime}
            </if>
            <if test="request.endTime != null">
                AND a.biz_time &lt;= #{request.endTime}
            </if>
            <!--<if test="request.baCode == null or request.baCode == ''">-->
                <!--AND a.ba_code in (select b.emp_id from t_employee_counter b)-->
            <!--</if>-->
        </where>
        GROUP BY
        d.pay_channel
        order by salesVolume desc
    </select>
</mapper>