<?xml version="1.0" encoding="UTF-8"?>
<!DOCTYPE mapper PUBLIC "-//mybatis.org//DTD Mapper 3.0//EN" "http://mybatis.org/dtd/mybatis-3-mapper.dtd">
<mapper namespace="com.ruihe.app.mapper.order.PosAuthorityMapper">

    <!-- 通用查询映射结果 -->
    <resultMap id="BaseResultMap" type="com.ruihe.common.dao.bean.order.PosAuthorityPo">
        <result column="authority_id" property="authorityId"/>
        <result column="name" property="name"/>
        <result column="start_time" property="startTime"/>
        <result column="end_time" property="endTime"/>
        <result column="issued_time" property="issuedTime"/>
        <result column="type" property="type"/>
        <result column="status" property="status"/>
        <result column="create_time" property="createTime"/>
        <result column="update_time" property="updateTime"/>
    </resultMap>

    <!-- 通用查询结果列 -->
    <sql id="Base_Column_List">
        authority_id, `name`, start_time, end_time, issued_time, `type`, status, create_time, update_time
    </sql>
    <select id="queryAuthority" resultType="com.ruihe.common.dao.bean.order.PosAuthorityPo">
        <![CDATA[
            select
            a.authority_id,
            a.`name`,
            a.start_time,
            a.end_time,
            a.issued_time,
            a.`type`,
            a.create_time,
            a.update_time
            from t_pos_authority a,t_pos_authority_counter b
            where a.authority_id = b.authority_id
			  and a.start_time <= now(3)
              and a.end_time >= now(3)
              and a.`status` = 1
       AND (
               ( b.dept_type = 5 AND b.counter_id = #{counter.counterId} )
            OR ( b.dept_type = 4 AND b.counter_id = #{counter.orgMasterId} )
            OR ( b.dept_type = 3 AND b.counter_id = #{counter.orgOfficeId} )
            OR ( b.dept_type = 2 AND b.counter_id = #{counter.orgAreaId} )
            OR ( b.dept_type = 1 )
        )
        ]]>
    </select>
    <!--查询指定权限-->
    <select id="countSpecifiedAuthority" resultType="java.lang.Integer">
        <![CDATA[
            select
            count(a.authority_id)
            from t_pos_authority a,t_pos_authority_counter b
            where a.authority_id = b.authority_id
			  and a.`type` = #{type}
			  and a.start_time <= now(3)
              and a.end_time >= now(3)
              and a.`status` = 1
              AND (
               ( b.dept_type = 5 AND b.counter_id = #{counter.counterId} )
            OR ( b.dept_type = 4 AND b.counter_id = #{counter.orgMasterId} )
            OR ( b.dept_type = 3 AND b.counter_id = #{counter.orgOfficeId} )
            OR ( b.dept_type = 2 AND b.counter_id = #{counter.orgAreaId} )
            OR ( b.dept_type = 1 )
        )
        ]]>
    </select>
</mapper>
