<?xml version="1.0" encoding="UTF-8"?>
<!DOCTYPE mapper PUBLIC "-//mybatis.org//DTD Mapper 3.0//EN" "http://mybatis.org/dtd/mybatis-3-mapper.dtd">
<mapper namespace="com.ruihe.mapper.posCounterMessageMapper">

    <!-- 通用查询映射结果 -->
    <resultMap id="BaseResultMap" type="com.ruihe.app.po.fa.PosCounterMessagePo">
        <id column="counter_id" property="counterId" />
        <result column="pos_msg_id" property="posMsgId" />
        <result column="create_time" property="createTime" />
        <result column="msg_create_time" property="msgCreateTime" />
    </resultMap>

    <!-- 通用查询结果列 -->
    <sql id="Base_Column_List">
        counter_id, pos_msg_id, create_time, msg_create_time
    </sql>

</mapper>
