<?xml version="1.0" encoding="UTF-8"?>
<!DOCTYPE mapper PUBLIC "-//mybatis.org//DTD Mapper 3.0//EN" "http://mybatis.org/dtd/mybatis-3-mapper.dtd">
<mapper namespace="com.ruihe.app.mapper.order.PosLadingOrderItemMapper">

    <!-- 通用查询映射结果 -->
    <resultMap id="BaseResultMap" type="com.ruihe.common.dao.bean.order.PosLadingOrderItemPo">
        <id column="lading_order_no" property="ladingOrderNo"/>
        <result column="order_no" property="orderNo"/>
        <result column="prd_bar_code" property="prdBarCode"/>
        <result column="goods_bar_code" property="goodsBarCode"/>
        <result column="prd_name" property="prdName"/>
        <result column="lading_qty" property="ladingQty"/>
        <result column="prd_price" property="prdPrice"/>
        <result column="member_price" property="memberPrice"/>
        <result column="big_cat_code" property="bigCatCode"/>
        <result column="big_cat_name" property="bigCatName"/>
        <result column="medium_cat_code" property="mediumCatCode"/>
        <result column="medium_cat_name" property="mediumCatName"/>
        <result column="small_cat_code" property="smallCatCode"/>
        <result column="small_cat_name" property="smallCatName"/>
        <result column="create_time" property="createTime"/>
        <result column="update_time" property="updateTime"/>
    </resultMap>
    <!-- 通用查询结果列 -->
    <sql id="Base_Column_List">
        lading_order_no, order_no, prd_bar_code, goods_bar_code, prd_name, lading_qty, prd_price, member_price, big_cat_code, big_cat_name, medium_cat_code, medium_cat_name, small_cat_code, small_cat_name, create_time, update_time
    </sql>
    <insert id="batchInsert">
        INSERT INTO t_pos_lading_order_item(lading_order_no, order_no, prd_bar_code, goods_bar_code, prd_name, lading_qty,
        prd_price, member_price, big_cat_code, big_cat_name, medium_cat_code, medium_cat_name, small_cat_code,
        small_cat_name, create_time, update_time)
        VALUES
        <foreach collection="list" item="e" separator=",">
            (#{e.ladingOrderNo},#{e.orderNo},#{e.prdBarCode},#{e.goodsBarCode},#{e.prdName},#{e.ladingQty},
             #{e.prdPrice},#{e.memberPrice},#{e.bigCatCode},#{e.bigCatName},#{e.mediumCatCode},#{e.mediumCatName},
             #{e.smallCatCode},#{e.smallCatName},#{e.createTime},#{e.updateTime})
        </foreach>
    </insert>

</mapper>
