<?xml version="1.0" encoding="UTF-8"?>
<!DOCTYPE mapper PUBLIC "-//mybatis.org//DTD Mapper 3.0//EN" "http://mybatis.org/dtd/mybatis-3-mapper.dtd">
<mapper namespace="com.reuihe.mapper.PosOrderRecordItemMapper">

    <!-- 通用查询映射结果 -->
    <resultMap id="BaseResultMap" type="com.ruihe.common.dao.bean.order.PosLadingOrderItemPo">
        <id column="record_id" property="recordId" />
        <result column="order_no" property="orderNo" />
        <result column="counter_id" property="counterId" />
        <result column="member_name" property="memberName" />
        <result column="member_phone" property="memberPhone" />
        <result column="prd_bar_code" property="prdBarCode" />
        <result column="goods_bar_code" property="goodsBarCode" />
        <result column="prd_name" property="prdName" />
        <result column="stock" property="stock" />
        <result column="create_time" property="createTime" />
        <result column="update_time" property="updateTime" />
    </resultMap>

    <!-- 通用查询结果列 -->
    <sql id="Base_Column_List">
        record_id, order_no, counter_id, member_name, member_phone, prd_bar_code, goods_bar_code, prd_name, stock, create_time, update_time
    </sql>

</mapper>
