<?xml version="1.0" encoding="UTF-8"?>
<!DOCTYPE mapper PUBLIC "-//mybatis.org//DTD Mapper 3.0//EN" "http://mybatis.org/dtd/mybatis-3-mapper.dtd">
<mapper namespace="com.ruihe.app.mapper.order.PosOrderItemMapper">

    <!-- 通用查询映射结果 -->
    <resultMap id="BaseResultMap" type="com.ruihe.common.dao.bean.order.PosOrderItemPo">
        <id column="order_no" property="orderNo"/>
        <result column="counter_id" property="counterId"/>
        <result column="counter_name" property="counterName"/>
        <result column="member_id" property="memberId"/>
        <result column="member_name" property="memberName"/>
        <result column="member_phone" property="memberPhone"/>
        <result column="prd_bar_code" property="prdBarCode"/>
        <result column="goods_bar_code" property="goodsBarCode"/>
        <result column="prd_name" property="prdName"/>
        <result column="unit_name" property="unitName"/>
        <result column="prd_price" property="prdPrice"/>
        <result column="member_price" property="memberPrice"/>
        <result column="big_cat_code" property="bigCatCode"/>
        <result column="big_cat_name" property="bigCatName"/>
        <result column="medium_cat_code" property="mediumCatCode"/>
        <result column="medium_cat_name" property="mediumCatName"/>
        <result column="small_cat_code" property="smallCatCode"/>
        <result column="small_cat_name" property="smallCatName"/>
        <result column="sale_price" property="salePrice"/>
        <result column="pur_qty" property="purQty"/>
        <result column="surplus_qty" property="surplusQty"/>
        <result column="amount" property="amount"/>
        <result column="share_amt" property="shareAmt"/>
        <result column="pro_type" property="proType"/>
        <result column="is_virtual" property="isVirtual"/>
        <result column="activity_id" property="activityId"/>
        <result column="activity_desc" property="activityDesc"/>
        <result column="create_time" property="createTime"/>
        <result column="update_time" property="updateTime"/>
    </resultMap>

    <!-- 通用查询结果列 -->
    <sql id="Base_Column_List">
        order_no
        ,
        counter_id,
        counter_name,
        member_id,
        member_name,
        member_phone,
        prd_bar_code,
        goods_bar_code,
        prd_name,
        unit_name,
        prd_price,
        member_price,
        big_cat_code,
        big_cat_name,
        medium_cat_code,
        medium_cat_name,
        small_cat_code,
        small_cat_name,
        sale_price,
        pur_qty,
        surplus_qty,
        amount,
        share_amt,
        pro_type,
        activity_id,
        activity_desc,
        is_virtual,
        create_time,
        update_time
    </sql>
    <!--批量插入-->
    <insert id="batchInsert">
        INSERT INTO t_pos_order_item(order_no, counter_id, counter_name, member_id, member_name, member_phone,
        prd_bar_code, goods_bar_code, prd_name, unit_name,
        prd_price, member_price, big_cat_code, big_cat_name, medium_cat_code, medium_cat_name, small_cat_code,
        small_cat_name,
        sale_price, pur_qty, surplus_qty, amount, share_amt, pro_type, activity_id, activity_desc,
        is_virtual,create_time,update_time,discern_type
        )
        VALUES
        <foreach collection="list" item="e" separator=",">
            (#{e.orderNo},#{e.counterId},#{e.counterName},#{e.memberId},#{e.memberName},#{e.memberPhone},#{e.prdBarCode},#{e.goodsBarCode},#{e.prdName},#{e.unitName},
            #{e.prdPrice},#{e.memberPrice},#{e.bigCatCode},#{e.bigCatName},#{e.mediumCatCode},#{e.mediumCatName},#{e.smallCatCode},#{e.smallCatName},
            #{e.salePrice},#{e.purQty},#{e.surplusQty},#{e.amount},#{e.shareAmt},#{e.proType},#{e.activityId},#{e.activityDesc},#{e.isVirtual},now(3),now(3),#{e.discernType})
        </foreach>
    </insert>

    <!--批量修改-->
    <update id="batchUpdate" parameterType="java.util.List">
        <foreach collection="list" item="e" index="index" open="" close="" separator=";">
            <![CDATA[
            UPDATE t_pos_order_item
            SET
                surplus_qty = #{e.surplusQty},
                update_time = #{e.updateTime}
            WHERE
                  prd_bar_code = #{e.prdBarCode} and order_no = #{e.orderNo} and activity_id = #{e.activityId} and discern_type = #{e.discernType}
              ]]>
        </foreach>
    </update>
    <select id="selectOrderItemPage" resultType="com.ruihe.common.dao.bean.order.PosOrderItemPo">
        select order_no, counter_id, counter_name, member_id, member_name, member_phone, prd_bar_code, goods_bar_code,
        prd_name, unit_name,
        prd_price, member_price, big_cat_code, big_cat_name, medium_cat_code, medium_cat_name, small_cat_code,
        small_cat_name,
        sale_price, pur_qty, surplus_qty, amount, share_amt, pro_type, activity_id, activity_desc,
        is_virtual,create_time,update_time
        from t_pos_order_item
        <where>
            is_virtual = 0
            <if test=" request.startTime != null or request.endTime != null">
                and order_no in(select order_no
                from t_pos_order where order_no not in( select order_no
                from t_pos_order where pre_order_no !='' and member_id = #{request.memberId})
                and member_id = #{request.memberId} and counter_id=#{request.counterId}
                <!--销售类型为“销售”，不能为“退货”-->
                and trans_type =1
                <if test=" request.startTime != null ">
                    and biz_time &gt;=#{request.startTime}
                </if>
                <if test=" request.endTime != null ">
                    and biz_time &lt; #{request.endTime}
                </if>)
            </if>
            <!--排除虚拟商品-->
            and <![CDATA[ sale_price>=0 ]]>
            order by create_time desc
        </where>
    </select>

</mapper>
