<?xml version="1.0" encoding="UTF-8"?>
<!DOCTYPE mapper PUBLIC "-//mybatis.org//DTD Mapper 3.0//EN" "http://mybatis.org/dtd/mybatis-3-mapper.dtd">
<mapper namespace="com.ruihe.app.mapper.order.PosOrderMapper">

    <!-- 通用查询映射结果 -->
    <resultMap id="BaseResultMap" type="com.ruihe.common.dao.bean.order.PosOrderPo">
        <id column="order_no" property="orderNo"/>
        <result column="pre_order_no" property="preOrderNo"/>
        <result column="counter_id" property="counterId"/>
        <result column="counter_name" property="counterName"/>
        <result column="counter_addr" property="counterAddr"/>
        <result column="counter_chan_code" property="counterChanCode"/>
        <result column="counter_chan_name" property="counterChanName"/>
        <result column="member_id" property="memberId"/>
        <result column="member_name" property="memberName"/>
        <result column="member_phone" property="memberPhone"/>
        <result column="order_chan_code" property="orderChanCode"/>
        <result column="order_chan_name" property="orderChanName"/>
        <result column="ba_code" property="baCode"/>
        <result column="ba_name" property="baName"/>
        <result column="order_amt" property="orderAmt"/>
        <result column="discount_amt" property="discountAmt"/>
        <result column="discount_rate" property="discountRate"/>
        <result column="real_amt" property="realAmt"/>
        <result column="goods_qty" property="goodsQty"/>
        <result column="surplus_qty" property="surplusQty"/>
        <result column="last_pick_up_time" property="lastPickUpTime"/>
        <result column="rsv_pick_up_time" property="rsvPickUpTime"/>
        <result column="receipt_no" property="receiptNo"/>
        <result column="trans_type" property="transType"/>
        <result column="order_type" property="orderType"/>
        <result column="area_code" property="areaCode"/>
        <result column="area_name" property="areaName"/>
        <result column="province_code" property="provinceCode"/>
        <result column="province_name" property="provinceName"/>
        <result column="city_code" property="cityCode"/>
        <result column="city_name" property="cityName"/>
        <result column="county_code" property="countyCode"/>
        <result column="county_name" property="countyName"/>
        <result column="org_area_code" property="orgAreaCode"/>
        <result column="org_area_name" property="orgAreaName"/>
        <result column="org_office_code" property="orgOfficeCode"/>
        <result column="org_office_name" property="orgOfficeName"/>
        <result column="org_principal_code" property="orgPrincipalCode"/>
        <result column="org_principal_name" property="orgPrincipalName"/>
        <result column="activity_type" property="activityType"/>
        <result column="promotion_id" property="promotionId"/>
        <result column="create_time" property="createTime"/>
        <result column="update_time" property="updateTime"/>
    </resultMap>

    <!-- 通用查询结果列 -->
    <sql id="Base_Column_List">
        order_no
        ,
        pre_order_no,
        counter_id,
        counter_name,
        counter_addr,
        counter_chan_code,
        counter_chan_name,
        member_id,
        member_name,
        member_phone,
        order_chan_code,
        order_chan_name,
        ba_code,
        ba_name,
        order_amt,
        discount_amt,
        discount_rate,
        real_amt,
        integral_amt,
        goods_qty,
        surplus_qty,
        last_pick_up_time,
        rsv_pick_up_time,
        receipt_no,
        trans_type,
        order_type,
        area_code,
        area_name,
        province_code,
        province_name,
        city_code,
        city_name,
        county_code,
        county_name,
        org_area_code,
        org_area_name,
        org_office_code,
        org_office_name,
        org_principal_code,
        org_principal_name,
        activity_type,
        promotion_id,
        create_time,
        update_time
    </sql>

    <select id="selectOrderHistory" resultType="java.lang.String">
        select order_no
        from t_pos_order where order_no not in( select order_no
        from t_pos_order where pre_order_no !='' and member_id = #{request.memberId})
        and member_id = #{request.memberId} and counter_id=#{request.counterId}
        <!--销售类型为“销售”，不能为“退货”-->
        and trans_type =1
        <if test=" request.startTime != null ">
            and biz_time &gt;=#{request.startTime}
        </if>
        <if test=" request.endTime != null ">
            and biz_time &lt; #{request.endTime}
        </if>
    </select>

    <select id="sales" resultType="java.util.Map">
        <![CDATA[
        select trans_type         as transType,
               sum(ABS(real_amt)) as realAmt
        from t_pos_order
        where counter_id = #{counterId}
          and biz_time >= #{startTime}
          and biz_time < #{endTime}
        group by trans_type
        ]]>
    </select>


    <select id="saleTotal" resultType="com.ruihe.app.po.analysis.PosPaymentStructurePo">
        SELECT
        ifnull(count(a.order_no),0) saleNo
        FROM
        t_pos_order a
        <where>
            a.trans_type=1
            <if test="request.counterId != null and request.counterId != ''">
                AND a.counter_id = #{request.counterId}
            </if>
            <if test="request.startTime != null">
                AND a.biz_time &gt;= #{request.startTime}
            </if>
            <if test="request.endTime != null">
                AND a.biz_time &lt;= #{request.endTime}
            </if>
            <if test="request.baCode != null and request.baCode != ''">
                AND a.ba_code = #{request.baCode}
            </if>
            <!--<if test="request.baCode == null or request.baCode == ''">-->
                <!--AND a.ba_code in (select b.emp_id from t_employee_counter b where b.counter_code = #{request.counterId})-->
            <!--</if>-->
        </where>
    </select>

    <select id="returnTotal" resultType="com.ruihe.app.po.analysis.PosPaymentStructurePo">
        SELECT
        ifnull(count(a.order_no),0) returnNo
        FROM
        t_pos_order a
        <where>
            a.trans_type=-1
            <if test="request.counterId != null and request.counterId != ''">
                AND a.counter_id = #{request.counterId}
            </if>
            <if test="request.startTime != null">
                AND a.biz_time &gt;= #{request.startTime}
            </if>
            <if test="request.endTime != null">
                AND a.biz_time &lt;= #{request.endTime}
            </if>
            <if test="request.baCode != null and request.baCode != ''">
                AND a.ba_code = #{request.baCode}
            </if>
            <!--<if test="request.baCode == null or request.baCode == ''">-->
                <!--AND a.ba_code in (select b.emp_id from t_employee_counter b where b.counter_code = #{request.counterId})-->
            <!--</if>-->
        </where>
    </select>
    <select id="selectPosOrderPoList" resultType="com.ruihe.common.dao.bean.order.PosOrderPo">
        select order_no as orderNo,
        counter_id as counterId,
        member_id as memberId,
        member_name as memberName,
        member_phone as memberPhone,
        order_chan_code as orderChanCode,
        order_chan_name as orderChanName,
        goods_qty as goodsQty,
        surplus_qty as surplusQty,
        biz_time as createTime
        FROM
        t_pos_order
        where order_type = 2
        AND surplus_qty &gt; 0
        AND counter_id = #{request.counterId}
        AND order_no not in(select order_no from t_pos_order
        where 1 = 1
        and pre_order_no !='' and counter_id = #{request.counterId})
        <if test="request.memberId != null and request.memberId !=''">
            AND member_id = #{request.memberId}
        </if>
        <if test="request.memberPhone != null and request.memberPhone !=''">
            AND member_phone = #{request.memberPhone}
        </if>
        <if test="request.startTime != null">
            AND biz_time &gt;= #{request.startTime}
        </if>
        <if test="request.endTime != null">
            AND biz_time &lt; #{request.endTime}
        </if>
        order by biz_time desc
    </select>
    <select id="selectBuyHistory" resultType="com.ruihe.common.dao.bean.order.PosOrderPo">
        select a.order_no as orderNo,
        a.pre_order_no as preOrderNo,
        a.biz_time as bizTime,
        a.member_phone as memberPhone,
        a.member_name as memberName,
        a.trans_type as transType,
        a.activity_type as activityType,
        a.receipt_no as receiptNo,
        b.name as baName,
        a.goods_qty as goodsQty,
        a.real_amt as realAmt
        from t_pos_order a,t_employee b
        where a.ba_code =b.emp_id
        <if test="request.memberId != null and request.memberId != ''">
            AND a.member_id = #{request.memberId}
        </if>
        <if test="request.startTime != null">
            AND a.biz_time &gt;= #{request.startTime}
        </if>
        <if test="request.endTime != null">
            AND a.biz_time &lt; #{request.endTime}
        </if>
        <if test="request.receiptNo != null and request.receiptNo != ''">
            AND a.receipt_no like "%"#{request.receiptNo}"%"
        </if>
        <if test="request.transType != null">
            AND a.trans_type = #{request.transType}
        </if>
        <if test="request.activityType != null and request.activityType != 1">
            AND a.activity_type = #{request.activityType}
        </if>
        <if test="request.activityType != null and request.activityType == 1">
            AND (a.activity_type = #{request.activityType} or a.activity_type =4)
        </if>
        order by a.biz_time desc
    </select>
    <select id="selectAmtAndQty" resultType="com.ruihe.common.pojo.response.homepage.AmtAndQty">
        select
        sum(case when trans_type =1 then ABS(goods_qty) when trans_type =-1 then -ABS(goods_qty) end) as totalQty,
        sum(case when trans_type =1 then ABS(real_amt) when trans_type =-1 then -ABS(real_amt) end) as totalAmt
        from t_pos_order
        <where>
            <if test="request.transType != null">
                AND trans_type = #{request.transType}
            </if>
            <if test="request.memberId != null and request.memberId != ''">
                AND member_id = #{request.memberId}
            </if>
            <if test="request.startTime != null">
                AND biz_time &gt;= #{request.startTime}
            </if>
            <if test="request.endTime != null">
                AND biz_time &lt; #{request.endTime}
            </if>
            <if test="request.receiptNo != null and request.receiptNo != ''">
                AND receipt_no like "%"#{request.receiptNo}"%"
            </if>
            <if test="request.activityType != null and request.activityType != 1">
                AND activity_type = #{request.activityType}
            </if>
            <if test="request.activityType != null and request.activityType == 1">
                AND (activity_type = #{request.activityType} or activity_type =4)
            </if>
        </where>
    </select>
    <select id="selectOrderList" resultType="com.ruihe.common.dao.bean.order.PosOrderPo">
        select order_no,
               real_amt,
               goods_qty,
               create_time,
               update_time
        from t_pos_order
        where member_id = #{memberId}
          and trans_type = 1
          and create_time &gt; #{startTime}
          and create_time &lt; #{endTime}
          and order_no not in (select pre_order_no
                               from t_pos_order
                               where trans_type = -1
                                 and member_id = #{memberId}
                                 and pre_order_no !=''
                                 and create_time &gt; #{startTime}
                                 and create_time &lt; #{endTime}
        )
        order by create_time asc


    </select>

    <select id="selectFirstOrder" resultType="java.lang.Integer">
        SELECT
        count(1)
        FROM
        t_pos_order
        WHERE
        member_id = #{memberId}
        AND biz_time &gt; #{beginDate}
        AND biz_time &lt; #{endDate}
        AND trans_type = 1
        AND order_no NOT IN (
        SELECT
        pre_order_no
        FROM
        t_pos_order
        WHERE
        member_id = #{memberId}
        AND biz_time &gt; #{beginDate}
        AND biz_time &lt; #{endDate}
        AND trans_type = - 1
        )
    </select>
    <select id="selectRegulation" resultType="com.ruihe.common.dao.bean.member.MemberLevelLog">
        select member_id,
               level_before,
               level_code_before,
               level_name_before,
               level_after,
               level_code_after,
               level_name_after,
               level_start_time,
               level_end_time,
               real_end_time,
               change_type,
               rule_id,
               status,
               create_time
    from t_member_level_log
    where member_id = #{memberId}
          and level_after=level_before
          and change_type =2
          order by create_time DESC
            limit 1
    </select>

    <select id="sumPayAmt" resultType="java.math.BigDecimal">
        select ifnull(sum(case when trans_type = 1 then ABS(real_amt) when trans_type = -1 then -ABS(real_amt) end),0)
        from t_pos_order
        where  member_id = #{memberId}
          and create_time &gt; #{startTime}
          and create_time &lt; #{endTime}
        <!--此处排除等级的销售单（因为退货）-->
          and order_no not in (select pre_order_no
                               from t_pos_order
                               where trans_type = -1
                                 and member_id = #{memberId}
                                 and pre_order_no !='')
        <!--此处排除等级范围内的退货单（例如保级之后退货没有影响到等级，这里面就要计算，而在时间范围内的退货就不计算）-->
        and order_no not in (select order_no
        from t_pos_order
        where trans_type = -1
            and member_id = #{memberId}
            and pre_order_no !=''
            and create_time &gt; #{startTime}
            and create_time &lt; #{endTime})
    </select>

    <select id="sumPayAmtGroupByMemberId" resultType="com.ruihe.common.pojo.response.homepage.MemberIdAndTotalAmt">
        select
        member_id,
        ifnull(sum(trans_type * real_amt), 0) AS total_amt
        from t_pos_order d
        where  1=1
        <if test="list != null and list.isEmpty() == false">
        and member_id in
        <foreach collection="list"  item="item" open="(" separator="," close=")">
            #{item}
        </foreach>
        </if>
        and create_time &gt; #{startTime}
        and create_time &lt; #{endTime}
        <!--此处排除等级的销售单（因为退货）-->
        AND NOT EXISTS (
        SELECT
        pre_order_no
        FROM
        t_pos_order r
        WHERE
        trans_type = - 1
        AND r.pre_order_no = d.order_no
        <if test="list != null and list.isEmpty() == false">
            and member_id in
            <foreach collection="list"  item="item" open="(" separator="," close=")">
                #{item}
            </foreach>
        </if>
        and pre_order_no !='')
        <!--此处排除等级范围内的退货单（例如保级之后退货没有影响到等级，这里面就要计算，而在时间范围内的退货就不计算）-->
        AND NOT EXISTS (
        SELECT
        order_no
        FROM
        t_pos_order s
        WHERE
        trans_type = - 1
        AND s.order_no = d.order_no
        <if test="list != null and list.isEmpty() == false">
            and member_id in
            <foreach collection="list"  item="item" open="(" separator="," close=")">
                #{item}
            </foreach>
        </if>
        and pre_order_no !=''
        and create_time &gt; #{startTime}
        and create_time &lt; #{endTime})
        group by member_id
    </select>



    <select id="selectAllOrderList" resultType="com.ruihe.common.dao.bean.order.PosOrderPo">
        select order_no,
               pre_order_no,
               real_amt,
               goods_qty,
               trans_type,
               create_time,
               update_time
        from t_pos_order
        where member_id = #{memberId}
          and create_time &gt; #{startTime}
          and create_time &lt; #{endTime}
          and order_no not in
              (select pre_order_no
               from t_pos_order
               where trans_type = -1
                and member_id = #{memberId}
                and pre_order_no !=''
                and create_time &gt; #{startTime}
                and create_time &lt; #{endTime}
        )
        and order_no not in
        (select order_no
        from t_pos_order
        where trans_type = -1
            and member_id = #{memberId}
            and pre_order_no !=''
            and create_time &gt; #{startTime}
            and create_time &lt; #{endTime}
        )
        order by create_time asc
    </select>
    <select id="sumTaskPayAmt" resultType="java.math.BigDecimal">
        select ifnull(sum(case when trans_type = 1 then ABS(real_amt) when trans_type = -1 then -ABS(real_amt) end),0)
        from t_pos_order
        where  member_id = #{memberId}
        and create_time &gt; #{startTime}
        and create_time &lt; #{endTime}
        and order_no not in (select pre_order_no
        from t_pos_order
        where trans_type = -1
        and member_id = #{memberId}
        and pre_order_no !=''
        and create_time &gt; #{startTime}
        and create_time &lt; #{endTime})
        and order_no not in (select order_no
        from t_pos_order
        where trans_type = -1
        and member_id = #{memberId}
        and pre_order_no !=''
        and create_time &gt; #{startTime}
        and create_time &lt; #{endTime})

    </select>

    <select id="selectOrderListByMember" resultType="com.ruihe.common.dao.bean.order.PosOrderPo">
        select order_no,
        pre_order_no,
        real_amt,
        goods_qty,
        trans_type,
        create_time,
        update_time,
        inte_qty
        FROM t_pos_order WHERE trans_type = 1 and biz_time > #{amendmentTime} and DATE_ADD(DATE(#{amendmentTime}),INTERVAL + 1 DAY) > biz_time and member_id = #{memberId}
        and order_no not in (
            SELECT pre_order_no FROM t_pos_order WHERE trans_type = -1  and biz_time > #{amendmentTime} and DATE_ADD(DATE(#{amendmentTime}),INTERVAL + 1 DAY) > biz_time and member_id = #{memberId}
        )
    </select>
</mapper>
