<?xml version="1.0" encoding="UTF-8"?>
<!DOCTYPE mapper PUBLIC "-//mybatis.org//DTD Mapper 3.0//EN" "http://mybatis.org/dtd/mybatis-3-mapper.dtd">
<mapper namespace="com.reuihe.mapper.PosOrderRecordMapper">

    <!-- 通用查询映射结果 -->
    <resultMap id="BaseResultMap" type="com.ruihe.common.dao.bean.order.PosLadingOrderPo">
        <id column="record_id" property="recordId" />
        <result column="order_no" property="orderNo" />
        <result column="counter_id" property="counterId" />
        <result column="order_chan_code" property="orderChanCode" />
        <result column="order_chan_name" property="orderChanName" />
        <result column="member_id" property="memberId" />
        <result column="member_name" property="memberName" />
        <result column="member_phone" property="memberPhone" />
        <result column="stock" property="stock" />
        <result column="status" property="status" />
        <result column="ba_code" property="baCode" />
        <result column="ba_name" property="baName" />
        <result column="update_ba_code" property="updateBaCode" />
        <result column="update_ba_name" property="updateBaName" />
        <result column="order_time" property="orderTime" />
        <result column="create_time" property="createTime" />
        <result column="update_time" property="updateTime" />
    </resultMap>

    <!-- 通用查询结果列 -->
    <sql id="Base_Column_List">
        record_id, order_no, counter_id, order_chan_code, order_chan_name, member_id, member_name, member_phone, stock, status, ba_code, ba_name, update_ba_code, update_ba_name, order_time, create_time, update_time
    </sql>

</mapper>
