<?xml version="1.0" encoding="UTF-8"?>
<!DOCTYPE mapper PUBLIC "-//mybatis.org//DTD Mapper 3.0//EN" "http://mybatis.org/dtd/mybatis-3-mapper.dtd">
<mapper namespace="com.ruihe.app.mapper.order.PosPaymentOrderMapper">

    <!-- 通用查询映射结果 -->
    <resultMap id="BaseResultMap" type="com.ruihe.common.dao.bean.order.PosPaymentOrderPo">
        <id column="payment_order_no" property="paymentOrderNo"/>
        <result column="order_no" property="orderNo"/>
        <result column="counter_id" property="counterId"/>
        <result column="counter_name" property="counterName"/>
        <result column="member_id" property="memberId"/>
        <result column="member_name" property="memberName"/>
        <result column="member_phone" property="memberPhone"/>
        <result column="pay_channel" property="payChannel"/>
        <result column="pay_amt" property="payAmt"/>
        <result column="create_time" property="createTime"/>
        <result column="biz_time" property="bizTime"/>
    </resultMap>

    <!-- 通用查询结果列 -->
    <sql id="Base_Column_List">
        payment_order_no, order_no, counter_id, counter_name, member_id, member_name, member_phone, pay_channel,
        pay_amt, create_time ,biz_time
    </sql>
    <!--批量插入-->
    <insert id="batchInsert">
        INSERT INTO t_pos_pmt_order(payment_order_no, order_no, counter_id, counter_name, member_id, member_name,
        member_phone, pay_channel, pay_amt, create_time ,biz_time)
        VALUES
        <foreach collection="list" item="e" separator=",">
            (#{e.paymentOrderNo},#{e.orderNo},#{e.counterId},#{e.counterName},#{e.memberId},#{e.memberName},#{e.memberPhone},#{e.payChannel},#{e.payAmt},#{e.createTime},#{e.bizTime})
        </foreach>
    </insert>

</mapper>
