<?xml version="1.0" encoding="UTF-8"?>
<!DOCTYPE mapper PUBLIC "-//mybatis.org//DTD Mapper 3.0//EN" "http://mybatis.org/dtd/mybatis-3-mapper.dtd">
<mapper namespace="com.ruihe.app.mapper.basic.ProductSortItemMapper">

    <!-- 通用查询映射结果 -->
    <resultMap id="BaseResultMap" type="com.ruihe.common.dao.bean.base.ProductSortItem">
        <id column="sort_id" property="sortId" />
        <result column="sort_code" property="sortCode" />
        <result column="sort_name" property="sortName" />
        <result column="meta_code" property="metaCode" />
        <result column="meta_name" property="metaName" />
        <result column="is_prd_binded" property="isPrdBinded" />
        <result column="parent_sort_id" property="parentSortId" />
        <result column="parent_sort_name" property="parentSortName" />
        <result column="status" property="status" />
        <result column="create_time" property="createTime" />
        <result column="update_time" property="updateTime" />
    </resultMap>

    <!-- 通用查询结果列 -->
    <sql id="Base_Column_List">
        sort_id, sort_code, sort_name, meta_code, meta_name, is_prd_binded, parent_sort_id, parent_sort_name, status, create_time, update_time
    </sql>

</mapper>
