<?xml version="1.0" encoding="UTF-8"?>
<!DOCTYPE mapper PUBLIC "-//mybatis.org//DTD Mapper 3.0//EN" "http://mybatis.org/dtd/mybatis-3-mapper.dtd">
<mapper namespace="com.ruihe.app.mapper.basic.ProductMapper">

    <!-- 通用查询映射结果 -->
    <resultMap id="BaseResultMap" type="com.ruihe.common.dao.bean.base.Product">
        <id column="prd_bar_code" property="prdBarCode" />
        <result column="goods_bar_code" property="goodsBarCode" />
        <result column="brand_name" property="brandName" />
        <result column="prd_name" property="prdName" />
        <result column="spec" property="spec" />
        <result column="unit_qty" property="unitQty" />
        <result column="unit_name" property="unitName" />
        <result column="exch_permit" property="exchPermit" />
        <result column="big_cat_code" property="bigCatCode" />
        <result column="big_cat_name" property="bigCatName" />
        <result column="medium_cat_code" property="mediumCatCode" />
        <result column="medium_cat_name" property="mediumCatName" />
        <result column="small_cat_code" property="smallCatCode" />
        <result column="small_cat_name" property="smallCatName" />
        <result column="sale_price" property="salePrice" />
        <result column="member_price" property="memberPrice" />
        <result column="status" property="status" />
        <result column="create_time" property="createTime" />
        <result column="update_time" property="updateTime" />
        <result column="level" property="level" />
        <result column="level" property="level" />
    </resultMap>

    <!-- 通用查询结果列 -->
    <sql id="Base_Column_List">
        prd_bar_code, goods_bar_code, brand_name, prd_name, spec, unit_qty, unit_name, exch_permit, big_cat_code, big_cat_name, medium_cat_code, medium_cat_name, small_cat_code, small_cat_name, sale_price, member_price, status, create_time, update_time
    </sql>

    <!--库存=》库存报表=》按商品分类统计-->
    <select id="prdCatReport" resultType="com.ruihe.common.dao.bean.warehouse.WhStockPrdCatReportPo">
        SELECT
        big_cat_code bigCatCode,
        big_cat_name bigCatName,
        medium_cat_code mediumCatCode,
        medium_cat_name mediumCatName,
        small_cat_code smallCatCode,
        small_cat_name smallCatName
        FROM
        t_product
        <where>
            <if test="bigCatCode!=null and bigCatCode !='' ">
                and big_cat_code = #{bigCatCode}
            </if>
            <if test="mediumCatCode!=null and mediumCatCode !='' ">
                and medium_cat_code = #{mediumCatCode}
            </if>
            <if test="smallCatCode!=null and smallCatCode !='' ">
                and small_cat_code = #{smallCatCode}
            </if>
        </where>
        GROUP BY
        big_cat_code,
        big_cat_name,
        medium_cat_code,
        medium_cat_name,
        small_cat_code,
        small_cat_name
    </select>

    <!--库存=》库存报表=》按商品分类统计-->
    <select id="prdSeriesReport" resultType="com.ruihe.common.dao.bean.warehouse.WhStockPrdSeriesReportPo">
        SELECT
        series_code seriesCode,
        series_name seriesName,
        #{counterId} counterId
        FROM
        t_wh_stock k, t_product t
        where k.prd_bar_code = t.prd_bar_code
       <if test="seriesCode!=null and seriesCode !='' ">
            and series_code = #{seriesCode}
       </if>
        GROUP BY
        series_code,
        series_name
    </select>


    <select id="selectProduct" resultType="com.ruihe.common.dao.bean.base.Product">
        SELECT
        `prd_bar_code`,
        `goods_bar_code`,
        `brand_name`,
        `prd_name`,
        `spec`,
        `unit_qty`,
        `unit_name`,
        `exch_permit`,
        `big_cat_code`,
        `big_cat_name`,
        `medium_cat_code`,
        `medium_cat_name`,
        `small_cat_code`,
        `small_cat_name`,
        `sale_price`,
        `member_price`,
        `status`,
        `create_time`,
        `update_time`
        FROM t_product WHERE sale_status = 1
        <if test="condition!=null and condition !='' ">
            and
            (goods_bar_code like "%"#{condition}"%"
            or
            prd_name like "%"#{condition}"%")
        </if>
        <if test="price!=null and price !='' ">
            and
            member_price = #{price}
        </if>
        order by
        big_cat_code ASC,
        medium_cat_code ASC,
        small_cat_code ASC,
        prd_bar_code ASC
    </select>

    <!-- 库存产品打印-all -->
    <select id="listAllStockOfCategory" resultType="com.ruihe.common.dao.bean.warehouse.WhStockPo">
        SELECT
        prd_bar_code,
        goods_bar_code,
        big_cat_code,
        big_cat_name,
        medium_cat_code,
        medium_cat_name,
        small_cat_code,
        small_cat_name,
        prd_name
        FROM
        t_product
        WHERE 1=1
        <if test="bigCatCode!=null and bigCatCode !='' ">
            and big_cat_code = #{bigCatCode}
        </if>
        <if test="mediumCatCode!=null and mediumCatCode !='' ">
            and medium_cat_code = #{mediumCatCode}
        </if>
        <if test="smallCatCode!=null and smallCatCode !='' ">
            and small_cat_code = #{smallCatCode}
        </if>
        GROUP BY
        prd_bar_code
        order by
        big_cat_code ASC,
        medium_cat_code ASC,
        small_cat_code ASC,
        prd_bar_code ASC
    </select>
    
    <!-- 库存系列打印-all -->
    <select id="listAllStockOfSeries" resultType="com.ruihe.common.dao.bean.warehouse.WhStockPo"
            parameterType="java.lang.String">
        SELECT
        t.`prd_bar_code`,
        t.`goods_bar_code`,
        t.`big_cat_code`,
        t.`big_cat_name`,
        t.`medium_cat_code`,
        t.`medium_cat_name`,
        t.`small_cat_code`,
        t.`small_cat_name`,
        t.`prd_name`
        FROM
        `t_product` t
        WHERE 1=1
        <if test="seriesCode != null and seriesCode != '' ">
            and t.series_code = #{seriesCode}
        </if>
        GROUP BY
        prd_bar_code
        order by
        t.big_cat_code ASC,
        t.medium_cat_code ASC,
        t.small_cat_code ASC,
        t.prd_bar_code ASC
    </select>
</mapper>
