<?xml version="1.0" encoding="UTF-8"?>
<!DOCTYPE mapper PUBLIC "-//mybatis.org//DTD Mapper 3.0//EN" "http://mybatis.org/dtd/mybatis-3-mapper.dtd">
<mapper namespace="com.ruihe.app.mapper.order.RealTimeAccMapper">

    <!-- 通用查询映射结果 -->
    <resultMap id="BaseResultMap" type="com.ruihe.common.dao.bean.home.RealTimeAccPo">
        <result column="id" property="id"/>
        <result column="crt_time" property="crtTime"/>
        <result column="point_time" property="pointTime"/>
        <result column="amt" property="amt"/>
        <result column="qty" property="qty"/>
    </resultMap>

    <!-- 通用查询结果列 -->
    <sql id="Base_Column_List">
        id
        ,
        crt_time,
        point_time,
        amt,
        qty
    </sql>
    <insert id="batchInsert">
        INSERT INTO t_real_time_acc(crt_time, point_time, amt, qty)
        VALUES
        <foreach collection="list" item="e" separator=",">
            (#{e.crtTime},#{e.pointTime},#{e.amt},#{e.qty})
        </foreach>
    </insert>

    <!--批量更新-->
    <update id="batchUpdate" parameterType="java.util.List">
        <foreach collection="list" item="e" index="index" open="" close="" separator=";">
            <![CDATA[
            UPDATE t_real_time_acc
                set amt = #{e.amt},
                    qty = #{e.qty}
              where
                id = #{e.id}
            ]]>
        </foreach>
    </update>
</mapper>
