<?xml version="1.0" encoding="UTF-8"?>
<!DOCTYPE mapper PUBLIC "-//mybatis.org//DTD Mapper 3.0//EN" "http://mybatis.org/dtd/mybatis-3-mapper.dtd">
<mapper namespace="com.ruihe.app.mapper.analysis.SalesDetailReportMapper">

    <select id="queryDetail" resultType="com.ruihe.app.po.analysis.PosSaleDetailPo">
        SELECT
        prd_bar_code prdBarCode,
        prd_name prdName,
        sale_price orderAmt,
        SUM(pur_qty) purQty,
        SUM(share_amt) shareAmt
        FROM
        t_pos_order_item
        where 1=1
        <if test="orderNo != null and orderNo != ''">
            AND order_no= #{orderNo}
        </if>
        GROUP BY
        prd_bar_code,
        prd_name,
        sale_price
    </select>

    <select id="queryAmt" resultType="com.ruihe.app.po.analysis.PosSaleDetailPo">
        SELECT
        SUM(real_amt) amt
        FROM
        t_pos_order
        <where>
            <if test="orderNo != null and orderNo != ''">
                AND order_no= #{orderNo}
            </if>
        </where>
    </select>

    <select id="queryPayType" resultType="com.ruihe.app.po.analysis.PosSaleDetailPayMentPo">
        SELECT
        pay_channel payChannel,
        pay_amt payChannelAmt
        FROM
        t_pos_pmt_order
        <where>
            <if test="orderNo != null and orderNo != ''">
                AND order_no= #{orderNo}
            </if>
        </where>
    </select>

    <select id="queryReturnNo" resultType="com.ruihe.app.po.analysis.PosSaleDetailPo">
        SELECT
        pre_order_no preOrderNo,
        order_no orderNo,
        biz_time createTime,
        goods_qty goodsQty,
        member_name memberName,
        real_amt realAmt
        FROM
        t_pos_order
        <where>
            <if test="orderNo != null and orderNo != ''">
                AND pre_order_no= #{orderNo}
            </if>
        </where>
    </select>


    <select id="queryTotalAmt" resultType="com.ruihe.app.po.analysis.PosSaleDetailReturnPo">
        SELECT
        SUM(real_amt) amt
        FROM
        t_pos_order
        <where>
            <if test="preOrderNo != null and preOrderNo != ''">
                AND order_no= #{preOrderNo}
            </if>
            <if test="transType != null">
                AND trans_type= #{transType}
            </if>
        </where>
    </select>

    <select id="queryPay" resultType="com.ruihe.app.po.analysis.PosSaleDetailReturnPo">
        SELECT
        pay_channel payChannel,
        pay_amt payAmt
        FROM
        t_pos_pmt_order
        <where>
            <if test="orderNo != null and orderNo != ''">
                AND order_no= #{orderNo}
            </if>
        </where>
    </select>

    <select id="returnNo" resultType="com.ruihe.app.po.analysis.PosSaleDetailReturnPo">
        SELECT
        pre_order_no preOrderNo,
        order_no orderNo,
        biz_time createTime,
        goods_qty goodsQty,
        member_name memberName,
        real_amt realAmt
        FROM
        t_pos_order
        <where>
            <if test="preOrderNo != null and preOrderNo != ''">
                AND order_no= #{preOrderNo}
            </if>
            <if test="transType != null">
                AND trans_type= #{transType}
            </if>
        </where>
    </select>

    <select id="queryReturnType" resultType="com.ruihe.app.po.analysis.PosSaleDetailReturnPo">
        SELECT
        prd_bar_code prdBarCode,
        prd_name prdName,
        sale_price orderAmt,
        SUM(pur_qty) purQty,
        SUM(share_amt) shareAmt
        FROM
        t_pos_order_item
        where 1=1
        <if test="orderNo != null and orderNo != ''">
            AND order_no= #{orderNo}
        </if>
        GROUP BY
        prd_bar_code,
        prd_name,
        sale_price
    </select>

    <select id="queryReturnOrderDetails" resultType="com.ruihe.app.po.analysis.PosReturnOrderDetailsPo">
        SELECT
        prd_bar_code prdBarCode,
        prd_name prdName,
        sale_price salePrice,
        pur_qty purQty,
        share_amt shareAmt,
        SUM(pur_qty) qty,
        SUM(sale_price) amt
        FROM
        t_pos_order_item
        <where>
            <if test="orderNo != null and orderNo != ''">
                AND order_no= #{orderNo}
            </if>
        </where>
        GROUP BY
        prd_bar_code,
        prd_name,
        sale_price,
        pur_qty,
        share_amt
    </select>

    <select id="queryPayWays" resultType="com.ruihe.app.po.analysis.PosReturnOrderDetailsPo">
        SELECT
        pay_channel payChannel,
        pay_amt payAmt
        FROM
        t_pos_pmt_order
        <where>
            <if test="orderNo != null and orderNo != ''">
                AND order_no= #{orderNo}
            </if>
        </where>
    </select>
</mapper>