<?xml version="1.0" encoding="UTF-8"?>
<!DOCTYPE mapper PUBLIC "-//mybatis.org//DTD Mapper 3.0//EN" "http://mybatis.org/dtd/mybatis-3-mapper.dtd">
<mapper namespace="com.ruihe.app.mapper.analysis.SalesSummaryMapper">

    <!--查询柜台下的所有柜员/销售单数或者是退货单数/总销售额-->
    <select id="querySaleSummary" resultType="com.ruihe.app.po.analysis.PosSalesSummaryPo">
        SELECT
        a.ba_code baCode,
        a.ba_name baName,
        count( case when a.trans_type = 1 then a.order_no end ) orderQty,
        count( case when a.trans_type = -1 then a.order_no end ) returnOrderQty,
        sum( case when a.trans_type = 1 then ABS(a.goods_qty) else 0 end ) salesQty,
        sum( case when a.trans_type = 1 then ABS(a.real_amt) else 0 end ) salesAmt,
        sum( case when a.trans_type = -1 then ABS(a.goods_qty) else 0 end ) returnQty,
        sum( case when a.trans_type = -1 then ABS(a.real_amt) else 0 end ) returnAmt,
        sum( case when a.trans_type = 1 then ABS(a.sk_qty) else 0 end ) skSalesQty,
        sum( case when a.trans_type = -1 then ABS(a.sk_qty) else 0 end ) skReturnQty
        <!--        sum( case when a.activity_type = 0 then ABS(a.goods_qty) else 0 end ) bookQty,-->
        <!--        sum( case when a.activity_type = 0 then ABS(a.real_amt) else 0 end ) bookAmt-->
        FROM
        t_pos_order a
        where a.counter_id= #{counterId}
        <if test="baCode != null and baCode != ''">
            AND a.ba_code= #{baCode}
        </if>
        <if test="startTime != null">
            AND a.biz_time &gt;= #{startTime}
        </if>
        <if test="endTime != null">
            AND a.biz_time &lt;= #{endTime}
        </if>
        GROUP BY
        a.ba_code
        order by salesAmt desc
    </select>

    <!--统计门店一段时间内的销售订单数-->
    <select id="salesOrderCount" resultType="java.lang.Integer">
        SELECT
        COUNT(a.order_no)
        FROM
        t_pos_order a
        <where>
            a.real_amt>0
            and a.trans_type=1
            <if test="baCode != null and baCode != ''">
                AND a.ba_code= #{baCode}
            </if>
            <if test="counterId != null and counterId != ''">
                AND a.counter_id= #{counterId}
            </if>
            <if test="startTime != null">
                AND a.biz_time &gt;= #{startTime}
            </if>
            <if test="endTime != null">
                AND a.biz_time &lt;= #{endTime}
            </if>
            <if test="baCode == null or baCode == ''">
                AND a.ba_code in (select b.emp_id from t_employee_counter b)
            </if>
        </where>
    </select>


    <select id="calculationSalesOrderCount" resultType="java.lang.Integer">
        SELECT
        COUNT(order_no)
        FROM
        t_pos_order
        <where>
            and real_amt>0
            and trans_type=1
            <if test="counterId != null and counterId != ''">
                AND counter_id= #{counterId}
            </if>
            <if test="startTime != null">
                AND biz_time &gt;= #{startTime}
            </if>
            <if test="endTime != null">
                AND biz_time &lt;= #{endTime}
            </if>
        </where>
    </select>

    <!--统计门店一段时间内的退货订单数-->
    <select id="returnOrderCount" resultType="java.lang.Integer">
        SELECT
        COUNT(a.order_no)
        FROM
        t_pos_order a,t_employee c
        <where>
            and a.ba_code =c.emp_id
            and c.status=1
            and a.real_amt>0
            and a.trans_type=-1
            <if test="baCode != null and baCode != ''">
                AND a.ba_code= #{baCode}
            </if>
            <if test="counterId != null and counterId != ''">
                AND a.counter_id= #{counterId}
            </if>
            <if test="startTime != null">
                AND a.biz_time &gt;= #{startTime}
            </if>
            <if test="endTime != null">
                AND a.biz_time &lt;= #{endTime}
            </if>
            <if test="baCode == null or baCode == ''">
                AND a.ba_code in (select b.emp_id from t_employee_counter b)
            </if>
        </where>
    </select>

    <select id="calculationReturnOrderCount" resultType="java.lang.Integer">
        SELECT
        COUNT(order_no)
        FROM
        t_pos_order
        <where>
            and real_amt>0
            and trans_type=-1
            <if test="counterId != null and counterId != ''">
                AND counter_id= #{counterId}
            </if>
            <if test="startTime != null">
                AND biz_time &gt;= #{startTime}
            </if>
            <if test="endTime != null">
                AND biz_time &lt;= #{endTime}
            </if>
        </where>
    </select>

    <select id="querySalesPrdQty" resultType="java.lang.Integer">
        SELECT
        count(a.goods_qty)
        FROM t_pos_order a , t_pos_order_item d ,t_employee c
        <where>
            and a.ba_code =c.emp_id
            and c.status=1
            and a.order_no = d.order_no
            and a.trans_type=1
            and d.big_cat_name in ('开口', '日护', '疗程', '特护')
            <if test="baCode != null and baCode != ''">
                AND a.ba_code= #{baCode}
            </if>
            <if test="counterId != null and counterId != ''">
                AND a.counter_id= #{counterId}
            </if>
            <if test="startTime != null">
                AND a.biz_time &gt;= #{startTime}
            </if>
            <if test="endTime != null">
                AND a.biz_time &lt;= #{endTime}
            </if>
            <if test="baCode == null or baCode == ''">
                AND a.ba_code in (select b.emp_id from t_employee_counter b)
            </if>
        </where>
    </select>

    <select id="calculationSalesPrdQty" resultType="java.lang.Integer">
        SELECT
        count(a.goods_qty)
        FROM t_pos_order a , t_pos_order_item d
        <where>
            and a.order_no = d.order_no
            and a.trans_type=1
            and d.big_cat_name in ('开口', '日护', '疗程', '特护')
            <if test="counterId != null and counterId != ''">
                AND a.counter_id= #{counterId}
            </if>
            <if test="startTime != null">
                AND a.biz_time &gt;= #{startTime}
            </if>
            <if test="endTime != null">
                AND a.biz_time &lt;= #{endTime}
            </if>
        </where>
    </select>

    <select id="queryReturnPrdQty" resultType="java.lang.Integer">
        SELECT
        ifnull(count(a.goods_qty),0)
        FROM t_pos_order a , t_pos_order_item d ,t_employee c
        <where>
            and a.ba_code =c.emp_id
            and c.status=1
            and a.order_no = d.order_no
            and a.trans_type=-1
            and d.big_cat_name in ('开口', '日护', '疗程', '特护')
            <if test="baCode != null and baCode != ''">
                AND a.ba_code= #{baCode}
            </if>
            <if test="counterId != null and counterId != ''">
                AND a.counter_id= #{counterId}
            </if>
            <if test="startTime != null">
                AND a.biz_time &gt;= #{startTime}
            </if>
            <if test="endTime != null">
                AND a.biz_time &lt;= #{endTime}
            </if>
            <if test="baCode == null or baCode == ''">
                AND a.ba_code in (select b.emp_id from t_employee_counter b)
            </if>
        </where>
    </select>

    <select id="calculationReturnPrdQty" resultType="java.lang.Integer">
        SELECT
        ifnull(count(a.goods_qty),0)
        FROM t_pos_order a , t_pos_order_item d
        <where>
            and a.order_no = d.order_no
            and a.trans_type=-1
            and d.big_cat_name in ('开口', '日护', '疗程', '特护')
            <if test="counterId != null and counterId != ''">
                AND a.counter_id= #{counterId}
            </if>
            <if test="startTime != null">
                AND a.biz_time &gt;= #{startTime}
            </if>
            <if test="endTime != null">
                AND a.biz_time &lt;= #{endTime}
            </if>
        </where>
    </select>

    <select id="sumCounterAllStock" resultType="com.ruihe.app.po.analysis.PosSaleDetailReportPo">
        SELECT
        sum(case when a.trans_type = 1 then ABS(a.goods_qty) when a.trans_type = -1 then -ABS(a.goods_qty) end) saleQty,
        sum(case when a.trans_type = 1 then ABS(a.real_amt) when a.trans_type = -1 then -ABS(a.real_amt) end) saleAmt
        FROM
        t_pos_order a
        <where>
            a.counter_id= #{request.counterId}
            <if test="request.memberPhone != null and request.memberPhone != ''">
                AND a.member_phone= #{request.memberPhone}
            </if>
            <if test="request.receiptNo != null and request.receiptNo != ''">
                AND a.receipt_no like CONCAT('%',#{request.receiptNo},'%')
            </if>
            <if test="request.transType != null">
                AND a.trans_type= #{request.transType}
            </if>
            <if test="request.activityType != null">
                AND a.activity_type= #{request.activityType}
            </if>
            <if test="request.baCode != null and request.baCode != ''">
                AND a.ba_code=#{request.baCode}
            </if>
            <if test="request.startTime != null">
                AND a.biz_time &gt;= #{request.startTime}
            </if>
            <if test="request.endTime != null">
                AND a.biz_time &lt;= #{request.endTime}
            </if>
        </where>
    </select>

    <!--计算提货退货数量-->
    <select id="queryTakeReturnGoodsQty" resultType="com.ruihe.app.po.analysis.PosSalesSummaryPo">
        SELECT
        sum( case when d.status = 1 then d.lading_qty else 0 end ) takeGoodsQty,
        sum( case when d.status = 2 then d.lading_qty else 0 end ) takeReturnQty
        FROM
        t_pos_order a,t_employee b,t_employee_counter c,t_pos_lading_order d
        <where>
            and a.ba_code =b.emp_id and b.emp_id=c.emp_id and d.ba_code=b.emp_id
            and b.status=1
            <if test="counterId != null and counterId != ''">
                AND d.counter_id= #{counterId}
            </if>
            <if test="startTime != null">
                AND d.create_time &gt;= #{startTime}
            </if>
            <if test="endTime != null">
                AND d.create_time &lt;= #{endTime}
            </if>
            <if test="baCode != null and baCode != ''">
                AND d.ba_code= #{baCode}
            </if>
        </where>
    </select>

    <!--计算提货退货数量-->
    <select id="queryTakeReturnGoodsQtyByFly" resultType="com.ruihe.app.po.analysis.PosSalesSummaryPo">
        SELECT
        sum( case when d.status = 0 then d.lading_qty else 0 end ) takeGoodsQty,
        sum( case when d.status = 1 then d.lading_qty else 0 end ) takeReturnQty,
        d.ba_code as baCode
        FROM
        t_pos_lading_order d
        <where>
            d.counter_id= #{counterId}
            <if test="startTime != null">
                AND d.create_time &gt;= #{startTime}
            </if>
            <if test="endTime != null">
                AND d.create_time &lt;= #{endTime}
            </if>
            <if test="baCode != null and baCode != ''">
                AND d.ba_code in (select b.emp_id from t_employee_counter b where b.counter_code = #{counterId})
            </if>
        </where>
        GROUP BY d.ba_code
    </select>

    <!--计算预订单退货数和预订单退货金额-->
    <select id="calculationReturnQtyAndAmt" resultType="com.ruihe.app.po.analysis.PosSalesSummaryPo">
        select
        ifnull(count(a.order_no),0) orderFormReturnQty,
        ifnull(SUM(a.real_amt),0) orderFormReturnAmt
        from
        t_pos_order a,t_employee b,t_employee_counter c
        <where>
            and a.ba_code =b.emp_id and b.emp_id=c.emp_id
            and b.status=1
            and a.trans_type = '-1' and a.order_type = '2'
            <if test="counterId != null and counterId != ''">
                AND a.counter_id= #{counterId}
            </if>
            <if test="startTime != null">
                AND a.biz_time &gt;= #{startTime}
            </if>
            <if test="endTime != null">
                AND a.biz_time &lt;= #{endTime}
            </if>
            <if test="baCode != null and baCode != ''">
                AND a.ba_code= #{baCode}
            </if>
        </where>
    </select>

    <select id="count" resultType="long">
        select
        count(DISTINCT(a.ba_code))
        from
        t_pos_order a,t_employee b,t_employee_counter c
        <where>
            and a.ba_code =b.emp_id and b.emp_id=c.emp_id
            and b.status=1
            <if test="counterId != null and counterId != ''">
                AND a.counter_id= #{counterId}
            </if>
            <if test="startTime != null">
                AND a.biz_time &gt;= #{startTime}
            </if>
            <if test="endTime != null">
                AND a.biz_time &lt;= #{endTime}
            </if>
            <if test="baCode != null and baCode != ''">
                AND a.ba_code= #{baCode}
            </if>
        </where>
    </select>
</mapper>
