<?xml version="1.0" encoding="UTF-8"?>
<!DOCTYPE mapper PUBLIC "-//mybatis.org//DTD Mapper 3.0//EN" "http://mybatis.org/dtd/mybatis-3-mapper.dtd">
<mapper namespace="com.ruihe.app.mapper.analysis.SalesMonthlyReportMapper">

    <!--销售月报表-->
    <select id="queryMonthReport" resultType="com.ruihe.app.po.analysis.PosSalesMonthlyReportPo">
        <![CDATA[
        SELECT
            ifnull(sum(case when trans_type = 1 then ABS(goods_qty) when trans_type = -1 then -ABS(goods_qty) end),
                   0)                         goodsQty,
            ifnull(sum(case when trans_type = 1 then ABS(real_amt) when trans_type = -1 then - ABS(real_amt) end),
                   0)                         realAmt,
            DATE_FORMAT(biz_time, '%Y-%m-%d') `date`
        FROM
            t_pos_order
        WHERE counter_id = #{counterId}
          AND biz_time between #{startTime} and #{endTime}
        GROUP BY
            `date`
        ORDER BY
            `date`
            DESC
        ]]>
    </select>

    <!--计算销售明细报表-->
    <select id="querySummary" resultType="com.ruihe.app.po.analysis.PosSalesMonthlyPo">
        SELECT
        goods_qty goodsQty,
        real_amt realAmt,
        trans_type transType,
        biz_time createTime,
        member_name memberName,
        receipt_no receiptNo
        FROM
        t_pos_order
        WHERE 1=1
        <if test="counterId != null and counterId != ''">
            AND counter_id = #{counterId}
        </if>
        <if test="createTime != null and createTime != ''">
            AND biz_time =#{createTime}
        </if>
    </select>


    <!--销售月报表->销售明细报表->条件搜索-->
    <select id="queryDetails" resultType="com.ruihe.app.po.analysis.PosMonthlyReportConditionPo">
        SELECT
        count( case when trans_type = 1 then order_no end ) saleOrderQty,
        count( case when trans_type = -1 then order_no end ) returnOrderQty,
        count( case when activity_type = 0 then order_no end ) integralExchangeOrderQty,
        sum( case when trans_type = 1 then ABS(goods_qty) end ) salesQty,
        sum( case when trans_type = -1 then -ABS(goods_qty) end ) returnQty,
        sum( case when activity_type = 0 then goods_qty end ) integralExchangeQty,
        sum( case when trans_type = 1 then ABS(real_amt) end ) saleAmt,
        sum( case when trans_type = -1 then -ABS(real_amt) end ) returnAmt,
        sum( case when activity_type = 0 then real_amt end ) integralExchangeAmt,
        sum( case when trans_type = 1 then ABS(goods_qty) else -ABS(goods_qty) end ) `number`,
        sum( case when trans_type = 1 then ABS(real_amt) else -ABS(real_amt) end ) performance
        FROM
        t_pos_order
        <where>
            <if test="request.counterId != null and request.counterId != ''">
                AND counter_id = #{request.counterId}
            </if>
            <if test="request.transType != null ">
                AND trans_type =#{request.transType}
            </if>
            <if test="request.activityType != null ">
                AND activity_type =#{request.activityType}
            </if>
            <if test="request.time != null ">
                <![CDATA[AND biz_time >= #{request.time}]]>
            </if>
            <if test="endTime != null ">
                <![CDATA[AND biz_time < #{endTime}]]>
            </if>
        </where>
    </select>

    <select id="queryType" resultType="com.ruihe.app.po.analysis.PosDetailReportConditionPo">
        SELECT
        activity_type activityType,
        COUNT(order_no) orders,
        SUM(goods_qty) number,
        SUM(real_amt) performance
        FROM
        t_pos_order
        WHERE 1=1
        <if test="request.counterId != null and request.counterId != ''">
            AND counter_id = #{request.counterId}
        </if>
        <if test="request.time != null ">
            <![CDATA[AND biz_time >= #{request.time}]]>
        </if>
        <if test="endTime != null ">
            <![CDATA[AND biz_time < #{endTime}]]>
        </if>
        <if test="request.activityType != null ">
            AND activity_type =#{request.activityType}
        </if>
        group by
        activity_type
    </select>

    <select id="queryDetailsReport" resultType="com.ruihe.app.po.analysis.PosDetailReportConditionPo">
        SELECT
        member_phone memberPhone,
        trans_type transType,
        activity_type activityType,
        ba_name baName,
        goods_qty qty,
        create_time createTime,
        biz_time bizTime,
        member_name memberName,
        receipt_no receiptNo,
        order_no orderNo,
        SUM(real_amt) amt
        -- COUNT(goods_qty) qty
        FROM
        t_pos_order
        WHERE 1=1
        <if test="request.counterId != null and request.counterId != ''">
            AND counter_id = #{request.counterId}
        </if>
        <!--<if test="request.receiptNo != null and request.receiptNo != ''">-->
        <!--AND receipt_no like "%"#{request.receiptNo}"%"-->
        <!--</if>-->
        <if test="request.transType != null">
            AND trans_type =#{request.transType}
        </if>
        <if test="request.activityType != null ">
            AND activity_type =#{request.activityType}
        </if>
        <if test="request.time != null ">
            <![CDATA[AND biz_time >= #{request.time}]]>
        </if>
        <if test="endTime != null ">
            <![CDATA[AND biz_time < #{endTime}]]>
        </if>
        <if test="request.activityType != null ">
            AND activity_type =#{request.activityType}
        </if>
        GROUP BY
        member_phone,
        trans_type,
        activity_type,
        ba_name,
        goods_qty,
        create_time,
        member_name,
        receipt_no,
        order_no
        order by biz_time desc
    </select>


    <select id="querySaleDetail" resultType="com.ruihe.app.po.analysis.PosSalesDetailsPo">
        SELECT
        DISTINCT a.prd_bar_code prdBarCode,
        a.prd_name prdName,
        a.share_amt shareAmt,
        b.pay_channel payChannel,
        SUM(b.pay_amt) amt,
        SUM(a.pur_qty) qty
        FROM
        t_pos_order_item a,
        t_pos_pmt_order b
        WHERE a.order_no = b.order_no
        <if test="orderNo != null and orderNo != ''">
            AND a.order_no = #{orderNo}
        </if>
        GROUP BY
        a.prd_bar_code,
        a.prd_name,
        a.share_amt,
        b.pay_channel
    </select>


</mapper>