<?xml version="1.0" encoding="UTF-8"?>
<!DOCTYPE mapper PUBLIC "-//mybatis.org//DTD Mapper 3.0//EN" "http://mybatis.org/dtd/mybatis-3-mapper.dtd">
<mapper namespace="com.ruihe.app.mapper.warehouse.WhEnterItemMapper">

    <!-- 通用查询映射结果 -->
    <resultMap id="BaseResultMap" type="com.ruihe.common.dao.bean.warehouse.WhEnterItemPo">
        <id column="enter_no" property="enterNo"/>
        <result column="prd_bar_code" property="prdBarCode"/>
        <result column="goods_bar_code" property="goodsBarCode"/>
        <result column="prd_name" property="prdName"/>
        <result column="prd_price" property="prdPrice"/>
        <result column="member_price" property="memberPrice"/>
        <result column="big_cat_code" property="bigCatCode"/>
        <result column="big_cat_name" property="bigCatName"/>
        <result column="medium_cat_code" property="mediumCatCode"/>
        <result column="medium_cat_name" property="mediumCatName"/>
        <result column="small_cat_code" property="smallCatCode"/>
        <result column="small_cat_name" property="smallCatName"/>
        <result column="delivery_qty" property="deliveryQty"/>
        <result column="real_qty" property="realQty"/>
        <result column="real_amt" property="realAmt"/>
        <result column="create_time" property="createTime"/>
        <result column="update_time" property="updateTime"/>
    </resultMap>

    <!--批量插入-->
    <insert id="batchInsert">
        INSERT INTO t_wh_enter_item(enter_no, prd_bar_code, goods_bar_code, prd_name, prd_price, member_price,
        big_cat_code, big_cat_name, medium_cat_code, medium_cat_name, small_cat_code, small_cat_name ,
        delivery_qty,real_qty, real_amt, create_time, update_time)
        VALUES
        <foreach collection="list" item="e" separator=",">
            (#{e.enterNo},#{e.prdBarCode},#{e.goodsBarCode},#{e.prdName},#{e.prdPrice},#{e.memberPrice},
            #{e.bigCatCode},#{e.bigCatName},#{e.mediumCatCode},#{e.mediumCatName},#{e.smallCatCode},#{e.smallCatName},
            #{e.deliveryQty},#{e.realQty},#{e.realAmt},#{e.createTime},#{e.updateTime})
        </foreach>
    </insert>

    <!--批量修改-->
    <update id="batchUpdate" parameterType="java.util.List">
        <foreach collection="list" item="e" index="index" open="" close="" separator=";">
            <![CDATA[
            UPDATE t_wh_enter_item
            SET
                real_qty = #{e.realQty},
                real_amt = #{e.realAmt},
                update_time = #{e.updateTime}
            WHERE
                  prd_bar_code = #{e.prdBarCode} and enter_no = #{e.enterNo}
              ]]>
        </foreach>
    </update>
</mapper>