<?xml version="1.0" encoding="UTF-8"?>
<!DOCTYPE mapper PUBLIC "-//mybatis.org//DTD Mapper 3.0//EN" "http://mybatis.org/dtd/mybatis-3-mapper.dtd">
<mapper namespace="com.ruihe.app.mapper.warehouse.WhEnterMapper">


    <select id="queryWhEnter" resultType="com.ruihe.app.po.warehouse.WhEnterQueryPo">
        SELECT
        enter_no as enterNo,
        status as status,
        real_qty as realQty,
        real_amt as realAmt,
        create_time as createTime,
        ba_code as baCode,
        ba_name as baName,
        delivery_qty as deliveryQty
        FROM
        t_wh_enter
        where 1=1
        <if test="request.counterId != null and request.counterId != ''">
            AND counter_id= #{request.counterId}
        </if>
        <if test="request.status != null">
            AND status= #{request.status}
        </if>
        <if test="request.applyStartTime != null">
            AND create_time &gt;= #{request.applyStartTime}
        </if>
        <if test="request.applyEndTime != null">
            AND create_time &lt;= #{request.applyEndTime}
        </if>
        order by create_time desc
    </select>


    <select id="queryWhEnterItem" resultType="com.ruihe.app.po.warehouse.WhEnterQueryPo">
        SELECT
        enter_no as enterNo,
        status as status,
        counter_id as counterId,
        counter_name as counterName,
        real_qty as realQty,
        real_amt as realAmt,
        ba_code as baCode,
        ba_name as baName,
        delivery_no as deliveryNo,
        delivery_qty as deliveryQty,
        create_time as createTime
        FROM
        t_wh_enter
        where 1=1
        <if test="enterNo != null and enterNo != ''">
            AND enter_no= #{enterNo}
        </if>
    </select>

    <select id="queryWhEnterAmt" resultType="com.ruihe.app.po.warehouse.WhEnterQueryPo">
        SELECT
        SUM(member_price*delivery_qty) as enterAmt
        FROM
        t_wh_enter_item
        where 1=1
        <if test="enterNo != null and enterNo != ''">
            AND enter_no= #{enterNo}
        </if>
    </select>
</mapper>