<?xml version="1.0" encoding="UTF-8"?>
<!DOCTYPE mapper PUBLIC "-//mybatis.org//DTD Mapper 3.0//EN" "http://mybatis.org/dtd/mybatis-3-mapper.dtd">
<mapper namespace="com.ruihe.app.mapper.warehouse.WhFreeInventoryItemMapper">

    <!-- 通用查询映射结果 -->
    <resultMap id="BaseResultMap" type="com.ruihe.common.dao.bean.warehouse.WhFreeInventoryItemPo">
        <id column="apply_no" property="applyNo"/>
        <result column="prd_bar_code" property="prdBarCode"/>
        <result column="goods_bar_code" property="goodsBarCode"/>
        <result column="prd_name" property="prdName"/>
        <result column="prd_price" property="prdPrice" />
        <result column="member_price" property="memberPrice" />
        <result column="big_cat_code" property="bigCatCode" />
        <result column="big_cat_name" property="bigCatName" />
        <result column="medium_cat_code" property="mediumCatCode" />
        <result column="medium_cat_name" property="mediumCatName" />
        <result column="small_cat_code" property="smallCatCode" />
        <result column="small_cat_name" property="smallCatName" />
        <result column="book_qty" property="bookQty"/>
        <result column="real_qty" property="realQty"/>
        <result column="diff_qty" property="diffQty"/>
        <result column="diff_amt" property="diffAmt"/>
        <result column="create_time" property="createTime"/>
        <result column="update_time" property="updateTime"/>
    </resultMap>

    <!-- 通用查询结果列 -->
    <sql id="Base_Column_List">
        apply_no,
        prd_bar_code,
        goods_bar_code,
        prd_name,
        prd_price,
        member_price,
        big_cat_code,
        big_cat_name,
        medium_cat_code,
        medium_cat_name,
        small_cat_code,
        small_cat_name,
        book_qty,
        real_qty,
        diff_qty,
        diff_amt,
        create_time,
        update_time
    </sql>
    <!--批量插入-->
    <insert id="batchInsert">
        INSERT INTO t_wh_free_inventory_item(apply_no, prd_bar_code, goods_bar_code, prd_name, prd_price, member_price, big_cat_code, big_cat_name, medium_cat_code, medium_cat_name, small_cat_code, small_cat_name, book_qty,
        real_qty,diff_qty, diff_amt, create_time, update_time)
        VALUES
        <foreach collection="itemPoList" item="e" separator=",">
            (#{e.applyNo},#{e.prdBarCode},#{e.goodsBarCode},#{e.prdName},
            #{e.prdPrice},#{e.memberPrice},#{e.bigCatCode},#{e.bigCatName},#{e.mediumCatCode},#{e.mediumCatName},#{e.smallCatCode},#{e.smallCatName},
            #{e.bookQty},#{e.realQty},#{e.diffQty},#{e.diffAmt},now(3),now(3))
        </foreach>
    </insert>
</mapper>
