<?xml version="1.0" encoding="UTF-8"?>
<!DOCTYPE mapper PUBLIC "-//mybatis.org//DTD Mapper 3.0//EN" "http://mybatis.org/dtd/mybatis-3-mapper.dtd">
<mapper namespace="com.ruihe.app.mapper.warehouse.WhStockMapper">

    <!-- 通用查询映射结果 -->
    <resultMap id="BaseResultMap" type="com.ruihe.common.dao.bean.warehouse.WhStockPo">
        <id column="counter_id" property="counterId"/>
        <result column="counter_name" property="counterName"/>
        <result column="prd_bar_code" property="prdBarCode"/>
        <result column="goods_bar_code" property="goodsBarCode"/>
        <result column="prd_name" property="prdName"/>
        <result column="prd_price" property="prdPrice"/>
        <result column="big_cat_code" property="bigCatCode"/>
        <result column="big_cat_name" property="bigCatName"/>
        <result column="medium_cat_code" property="mediumCatCode"/>
        <result column="selectDownStock" property="mediumCatName"/>
        <result column="small_cat_code" property="smallCatCode"/>
        <result column="small_cat_name" property="smallCatName"/>
        <result column="stock" property="stock"/>
        <result column="create_time" property="createTime"/>
        <result column="update_time" property="updateTime"/>
    </resultMap>
    <resultMap id="prd_cat_report" type="com.ruihe.common.dao.bean.warehouse.WhStockPrdCatReportPo">
        <id column="counter_id" property="counterId"/>
        <result column="big_cat_code" property="bigCatCode"/>
        <result column="big_cat_name" property="bigCatName"/>
        <result column="medium_cat_code" property="mediumCatCode"/>
        <result column="medium_cat_name" property="mediumCatName"/>
        <result column="small_cat_code" property="smallCatCode"/>
        <result column="small_cat_name" property="smallCatName"/>
        <result column="current_stock" property="currentStock"/>
        <result column="current_amt" property="currentAmt"/>
    </resultMap>

    <!-- 通用查询结果列 -->
    <sql id="Base_Column_List">
        counter_id
        ,
        counter_name,
        prd_bar_code,
        goods_bar_code,
        prd_name,
        prd_price,
        member_price,
        big_cat_code,
        big_cat_name,
        medium_cat_code,
        medium_cat_name,
        small_cat_code,
        small_cat_name,
        stock,
        create_time,
        update_time
    </sql>

    <!--批量插入-->
    <insert id="batchInsert">
        INSERT INTO t_wh_stock(counter_id,counter_name, prd_bar_code, goods_bar_code, prd_name,
        prd_price, member_price, big_cat_code, big_cat_name, medium_cat_code, medium_cat_name, small_cat_code,
        small_cat_name ,
        stock, create_time, update_time)
        VALUES
        <foreach collection="list" item="e" separator=",">
            (#{e.counterId},#{e.counterName},#{e.prdBarCode},#{e.goodsBarCode},#{e.prdName},
            #{e.prdPrice},#{e.memberPrice},#{e.bigCatCode},#{e.bigCatName},#{e.mediumCatCode},#{e.mediumCatName},#{e.smallCatCode},#{e.smallCatName},
            #{e.stock}, now(3), now(3))
        </foreach>
    </insert>

    <!--批量更新-->
    <update id="batchUpdate" parameterType="java.util.List">
        <foreach collection="list" item="e" index="index" open="" close="" separator=";">
            <![CDATA[
            UPDATE t_wh_stock
                set stock = stock + #{e.stock},
                    update_time = now(3)
              where
                counter_id = #{e.counterId} and prd_bar_code = #{e.prdBarCode}
            ]]>
        </foreach>
    </update>

    <!--批量更新-->
    <update id="updateProduct" parameterType="com.ruihe.common.dao.bean.base.Product">
        UPDATE t_wh_stock
        set goods_bar_code= #{product.goodsBarCode},
            prd_name = #{product.prdName},
            prd_price = #{product.salePrice},
            member_price = #{product.memberPrice}
        where
            prd_bar_code = #{product.prdBarCode}
    </update>


    <select id="selectPrdSeriesList" resultType="com.ruihe.common.dao.bean.warehouse.WhStockPo">
        select
        k.counter_id,
        k.counter_name,
        k.prd_bar_code,
        k.goods_bar_code,
        k.prd_name,
        k.prd_price,
        k.member_price,
        k.big_cat_code,
        k.big_cat_name,
        k.medium_cat_code,
        k.medium_cat_name,
        k.small_cat_code,
        k.small_cat_name,
        k.stock,
        k.create_time,
        k.update_time
        from
        t_wh_stock k, t_product t
        where k.prd_bar_code = t.prd_bar_code
        <if test="counterId!=null and counterId !='' ">
            and counter_id = #{counterId}
        </if>
        <if test="seriesCode!=null and seriesCode !='' ">
            and series_code = #{seriesCode}
        </if>
        order by k.prd_bar_code asc
    </select>

    <!--库存=》库存报表=》按商品分类统计-->
    <select id="prdCatReport" resultType="com.ruihe.common.dao.bean.warehouse.WhStockPrdCatReportPo">
        SELECT
        counter_id counterId,
        big_cat_code bigCatCode,
        big_cat_name bigCatName,
        medium_cat_code mediumCatCode,
        medium_cat_name mediumCatName,
        small_cat_code smallCatCode,
        small_cat_name smallCatName,
        sum(stock) current_stock,
        sum(stock * member_price) current_amt
        FROM
        t_wh_stock
        <where>
            <if test="counterId!=null and counterId !='' ">
                and counter_id = #{counterId}
            </if>
            <if test="bigCatCode!=null and bigCatCode !='' ">
                and big_cat_code = #{bigCatCode}
            </if>
            <if test="mediumCatCode!=null and mediumCatCode !='' ">
                and medium_cat_code = #{mediumCatCode}
            </if>
            <if test="smallCatCode!=null and smallCatCode !='' ">
                and small_cat_code = #{smallCatCode}
            </if>
        </where>
        GROUP BY
        counter_id,
        big_cat_code,
        big_cat_name,
        medium_cat_code,
        medium_cat_name,
        small_cat_code,
        small_cat_name
        order by
        current_amt desc
    </select>

    <!--库存=》库存报表=》按商品系列统计-->
    <select id="prdSeriesReport" resultType="com.ruihe.common.dao.bean.warehouse.WhStockPrdSeriesReportPo">
        SELECT
        k.counter_id counterId,
        t.series_code seriesCode,
        t.series_name seriesName,
        sum(stock) current_stock,
        sum(stock * k.member_price) current_amt
        FROM
        t_wh_stock k, t_product t
        where k.prd_bar_code = t.prd_bar_code
        <if test="counterId!=null and counterId !='' ">
            and k.counter_id = #{counterId}
        </if>
        <if test="seriesCode!=null and seriesCode !='' ">
            and t.series_code = #{seriesCode}
        </if>
        GROUP BY
        k.counter_id,
        t.series_code,
        t.series_name
        order by
        t.series_code desc
    </select>

    <select id="prdCatReport1" resultType="com.ruihe.common.dao.bean.warehouse.WhStockPrdCatReportPo">
        SELECT
        counter_id counterId,
        big_cat_code bigCatCode,
        big_cat_name bigCatName,
        medium_cat_code mediumCatCode,
        medium_cat_name mediumCatName,
        small_cat_code smallCatCode,
        small_cat_name smallCatName,
        sum(stock) current_stock,
        sum(stock * member_price) current_amt
        FROM
        t_wh_stock
        <where>
            and stock>0
            <if test="counterId!=null and counterId !='' ">
                and counter_id = #{counterId}
            </if>
            <if test="bigCatCode!=null and bigCatCode !='' ">
                and big_cat_code = #{bigCatCode}
            </if>
        </where>
        GROUP BY
        counter_id,
        big_cat_code,
        big_cat_name,
        medium_cat_code,
        medium_cat_name,
        small_cat_code,
        small_cat_name
        order by
        current_amt desc
    </select>

    <!--统计柜台下所有商品库存数量、金额-->
    <select id="sumCounterAllStock" resultType="com.ruihe.common.dao.bean.warehouse.WhStockSubtotalPo">
        SELECT
            ifnull(sum(stock), 0)                qty,
            ifnull(sum(stock * member_price), 0) amt
        FROM t_wh_stock
        WHERE counter_id = #{counterId}
    </select>
    <!--统计柜台下商品小类库存数量、金额-->
    <select id="sumCounterSmallCatStock" resultType="com.ruihe.common.dao.bean.warehouse.WhStockSubtotalPo">
        SELECT
            ifnull(sum(stock), 0)                qty,
            ifnull(sum(stock * member_price), 0) amt
        FROM
            t_wh_stock
        WHERE counter_id = #{counterId}
          AND big_cat_code = #{bigCatCode}
          AND medium_cat_code = #{mediumCatCode}
          AND small_cat_code = #{smallCatCode}
    </select>


    <select id="selectProduct" resultType="com.ruihe.common.dao.bean.warehouse.WhStockPo">
        select
            t.counter_id,
            t.counter_name,
            t.prd_bar_code,
            t.goods_bar_code,
            t.prd_name,
            t.member_price,
            t.member_price,
            t.big_cat_code,
            t.big_cat_name,
            t.medium_cat_code,
            t.medium_cat_name,
            t.small_cat_code,
            t.small_cat_name,
            ifnull(t.stock, 0) stock
        from t_product p
                 left join t_wh_stock t on p.prd_bar_code = t.prd_bar_code
        where p.prd_bar_code = t.prd_bar_code
          and p.sale_status = 1
          and t.counter_id = #{counterId}
          and (
            p.prd_bar_code LIKE CONCAT('%', #{prdBarCode}, '%')
            )
    </select>

    <select id="selectMoney" resultType="com.ruihe.common.dao.bean.warehouse.WhStockPo">
        select
        t.counter_id,
        t.counter_name,
        t.prd_bar_code,
        t.goods_bar_code,
        t.prd_name,
        t.prd_price as prdPrice,
        t.member_price,
        t.big_cat_code,
        t.big_cat_name,
        t.medium_cat_code,
        t.medium_cat_name,
        t.small_cat_code,
        t.small_cat_name,
        t.stock
        from t_product p
        left join t_wh_stock t on p.prd_bar_code = t.prd_bar_code
        where
        p.prd_bar_code = t.prd_bar_code
        <if test="includeDisabledProduct==false">
            and sale_status = 1
        </if>
        and t.counter_id = #{counterId}
        and t.member_price = #{money}
        order by
        t.big_cat_code ASC,
        t.medium_cat_code ASC,
        t.small_cat_code ASC,
        t.prd_bar_code ASC
    </select>
    <select id="selectStockProduct" resultType="com.ruihe.common.dao.bean.warehouse.WhStockPo">
        select
        t.counter_id,
        t.counter_name,
        t.prd_bar_code,
        t.goods_bar_code,
        t.prd_name,
        t.prd_price as prdPrice,
        t.member_price,
        t.big_cat_code,
        t.big_cat_name,
        t.medium_cat_code,
        t.medium_cat_name,
        t.small_cat_code,
        t.small_cat_name,
        t.stock
        from t_product p
        left join t_wh_stock t on p.prd_bar_code = t.prd_bar_code
        where
        p.goods_bar_code = t.goods_bar_code
        <if test="includeDisabledProduct==false">
            and sale_status = 1
        </if>
        and t.counter_id = #{counterId}
        and t.goods_bar_code LIKE CONCAT('%', #{barCode}, '%')
        <if test="bigCatCode!=null and bigCatCode !='' ">
            and t.big_cat_code = #{bigCatCode}
        </if>
        <if test="mediumCatCode!=null and mediumCatCode !='' ">
            and t.medium_cat_code = #{mediumCatCode}
        </if>
        <if test="smallCatCode!=null and smallCatCode !='' ">
            and t.small_cat_code = #{smallCatCode}
        </if>
        <if test="seriesCode!=null and seriesCode !='' ">
            and p.series_code = #{seriesCode}
        </if>
        order by
        t.big_cat_code ASC,
        t.medium_cat_code ASC,
        t.small_cat_code ASC,
        t.prd_bar_code ASC
    </select>
    <select id="selectMoneyProduct" resultType="com.ruihe.common.dao.bean.base.Product">
        select
        prd_bar_code as prdBarCode,
        goods_bar_code as goodsBarCode,
        prd_name as prdName,
        spec,
        unit_qty as unitQty,
        unit_name as unitName,
        exch_permit as exchPermit,
        big_cat_code as bigCatCode,
        big_cat_name as bigCatName,
        medium_cat_code as mediumCatCode,
        medium_cat_name as mediumCatName,
        small_cat_code as smallCatCode,
        small_cat_name as smallCatName,
        sale_price as salePrice,
        member_price as memberPrice,
        status,
        sale_status,
        create_time as createTime
        from t_product
        where member_price = #{money}
        <if test="includeDisabledProduct==false">
            and sale_status = 1
        </if>
        order by
        big_cat_code ASC,
        medium_cat_code ASC,
        small_cat_code ASC,
        prd_bar_code ASC
    </select>

    <select id="selectBarProduct" resultType="com.ruihe.common.dao.bean.base.Product">
        select
        prd_bar_code as prdBarCode,
        goods_bar_code as goodsBarCode,
        prd_name as prdName,
        spec,
        unit_qty as unitQty,
        unit_name as unitName,
        exch_permit as exchPermit,
        big_cat_code as bigCatCode,
        big_cat_name as bigCatName,
        medium_cat_code as mediumCatCode,
        medium_cat_name as mediumCatName,
        small_cat_code as smallCatCode,
        small_cat_name as smallCatName,
        sale_price as salePrice,
        member_price as memberPrice,
        status,
        sale_status,
        create_time as createTime
        from t_product
        where goods_bar_code LIKE CONCAT('%', #{barCode}, '%')
        <if test="includeDisabledProduct==false">
            and sale_status = 1
        </if>
        <if test="bigCatCode!=null and bigCatCode !='' ">
            and big_cat_code = #{bigCatCode}
        </if>
        <if test="mediumCatCode!=null and mediumCatCode !='' ">
            and medium_cat_code = #{mediumCatCode}
        </if>
        <if test="smallCatCode!=null and smallCatCode !='' ">
            and small_cat_code = #{smallCatCode}
        </if>
        <if test="seriesCode!=null and seriesCode !='' ">
            and series_code = #{seriesCode}
        </if>
        order by
        big_cat_code ASC,
        medium_cat_code ASC,
        small_cat_code ASC,
        prd_bar_code ASC
    </select>

    <select id="selectCounterSort" resultType="com.ruihe.common.pojo.response.basic.CounterSortVo">
        SELECT
            big_cat_name sortName,
            count(0)
            count
        FROM
            t_wh_stock
        WHERE
            counter_id = #{counterId}
        GROUP BY
            big_cat_name
    </select>

    <select id="selectDownStock" resultType="com.ruihe.common.dao.bean.warehouse.WhStockPo">
            SELECT
	            t.`counter_id` AS counterId,
	            t.`prd_bar_code` AS prdBarCode,
	            t.`goods_bar_code` AS goodsBarCode,
	            t.`big_cat_code` AS bigCatCode,
	            t.`big_cat_name` AS bigCatName,
	            t.`medium_cat_code` AS mediumCatCode,
	            t.`medium_cat_name` AS mediumCatName,
	            t.`small_cat_code` AS smallCatCode,
	            t.`small_cat_name` AS smallCatName,
	            t.`prd_name` AS prdName,
	            t.`stock`
            FROM
	            `t_wh_stock` t ,`t_product` p
            WHERE
                t.`prd_bar_code`=p.`prd_bar_code`
            and t.`counter_id` = #{counterId}
            ORDER BY
	            t.`big_cat_code` ASC,
	            t.`medium_cat_code` ASC,
	            t.`small_cat_code` ASC,
	            t.`prd_bar_code` ASC
    </select>

    <select id="selectCountStock" resultType="com.ruihe.common.dao.bean.warehouse.WhCounterStockPo">
        SELECT
            n.org_office_name,
            n.org_office_id,
            n.org_master_name,
            org_master_id,
            n.counter_id,
            n.counter_name,
            k.stock,
            k.prd_bar_code,
            k.prd_name,
            k.goods_bar_code,
            k.prd_price,
            k.member_price,
            k.big_cat_code,
            k.big_cat_name,
            k.medium_cat_code,
            k.medium_cat_name,
            k.small_cat_code,
            k.small_cat_name
        FROM
            `t_counter_info` n,
            t_wh_stock k
        WHERE
            n.counter_id = k.counter_id
            and k.counter_id != #{counterId}
            AND n.counter_type = 10001
            AND n.is_del = 0
            AND k.stock > 0
            and k.goods_bar_code = #{goodsBarCode}
            and n.org_office_id = #{orgOfficeId}
            order by k.stock desc
    </select>

    <!-- 库存产品打印_counter_id -->
    <select id="listStockOfCategory" resultType="com.ruihe.common.dao.bean.warehouse.WhStockPo">
        SELECT
        s.counter_id,
        s.prd_bar_code,
        s.goods_bar_code,
        s.big_cat_code,
        s.big_cat_name,
        s.medium_cat_code,
        s.medium_cat_name,
        s.small_cat_code,
        s.small_cat_name,
        s.prd_name,
        s.stock
        FROM
        t_wh_stock s,
        t_product p
        WHERE 1=1
        and s.prd_bar_code = p.prd_bar_code
        and counter_id = #{counterId}
        <if test="bigCatCode!=null and bigCatCode !='' ">
            and s.big_cat_code = #{bigCatCode}
        </if>
        <if test="mediumCatCode!=null and mediumCatCode !='' ">
            and s.medium_cat_code = #{mediumCatCode}
        </if>
        <if test="smallCatCode!=null and smallCatCode !='' ">
            and s.small_cat_code = #{smallCatCode}
        </if>
        GROUP BY
        prd_bar_code
        order by
        big_cat_code ASC,
        medium_cat_code ASC,
        small_cat_code ASC,
        prd_bar_code ASC
    </select>

    <!-- 库存系列打印-counter_id -->
    <select id="listStockOfSeries" resultType="com.ruihe.common.dao.bean.warehouse.WhStockPo">
        SELECT
        t.`counter_id`,
        t.`prd_bar_code`,
        t.`goods_bar_code`,
        t.`big_cat_code`,
        t.`big_cat_name`,
        t.`medium_cat_code`,
        t.`medium_cat_name`,
        t.`small_cat_code`,
        t.`small_cat_name`,
        t.`prd_name` ,
        t.`stock`
        FROM
        `t_wh_stock` t ,`t_product` p
        WHERE
        t.`prd_bar_code`=p.`prd_bar_code`
        and t.`counter_id` = #{counterId}
        <if test="seriesCode != null and seriesCode != '' ">
            and p.series_code = #{seriesCode}
        </if>
        GROUP BY
        prd_bar_code
        order by
        t.big_cat_code ASC,
        t.medium_cat_code ASC,
        t.small_cat_code ASC,
        t.prd_bar_code ASC
    </select>
</mapper>
