<?xml version="1.0" encoding="UTF-8"?>
<!DOCTYPE mapper PUBLIC "-//mybatis.org//DTD Mapper 3.0//EN" "http://mybatis.org/dtd/mybatis-3-mapper.dtd">
<mapper namespace="com.ruihe.app.mapper.warehouse.WhStockLogMapper">

    <!-- 通用查询映射结果 -->
    <resultMap id="BaseResultMap" type="com.ruihe.common.dao.bean.warehouse.WhStockLogPo">
        <id column="counter_id" property="counterId"/>
        <result column="counter_name" property="counterName"/>
        <result column="biz_type" property="bizType"/>
        <result column="biz_no" property="bizNo"/>
        <result column="biz_time" property="bizTime"/>
        <result column="prd_bar_code" property="prdBarCode"/>
        <result column="goods_bar_code" property="goodsBarCode"/>
        <result column="prd_name" property="prdName"/>
        <result column="prd_price" property="prdPrice"/>
        <result column="member_price" property="memberPrice"/>
        <result column="big_cat_code" property="bigCatCode"/>
        <result column="big_cat_name" property="bigCatName"/>
        <result column="medium_cat_code" property="mediumCatCode"/>
        <result column="medium_cat_name" property="mediumCatName"/>
        <result column="small_cat_code" property="smallCatCode"/>
        <result column="small_cat_name" property="smallCatName"/>
        <result column="qty" property="qty"/>
        <result column="remark" property="remark"/>
        <result column="ba_code" property="baCode"/>
        <result column="ba_name" property="baName"/>
        <result column="create_time" property="createTime"/>
    </resultMap>

    <!-- 通用查询结果列 -->
    <sql id="Base_Column_List">
        counter_id
        ,
        counter_name,
        biz_type,
        biz_no,
        biz_time,
        prd_bar_code,
        goods_bar_code,
        prd_name,
        prd_price,
        member_price,
        big_cat_code,
        big_cat_name,
        medium_cat_code,
        medium_cat_name,
        small_cat_code,
        small_cat_name,
        qty,
        remark,
        ba_code,
        ba_name,
        create_time
    </sql>

    <!--批量插入-->
    <insert id="batchInsert">
        INSERT INTO t_wh_stock_log(counter_id, counter_name, biz_type, biz_no, biz_time, prd_bar_code, goods_bar_code,
        prd_name, prd_price, member_price, big_cat_code, big_cat_name, medium_cat_code, medium_cat_name, small_cat_code,
        small_cat_name, qty, remark, ba_code, ba_name,create_time)
        VALUES
        <foreach collection="list" item="e" separator=",">
            (#{e.counterId},#{e.counterName},#{e.bizType},#{e.bizNo},#{e.bizTime},#{e.prdBarCode},#{e.goodsBarCode},
            #{e.prdName},#{e.prdPrice},#{e.memberPrice},#{e.bigCatCode},#{e.bigCatName},#{e.mediumCatCode},#{e.mediumCatName},#{e.smallCatCode},#{e.smallCatName},
            #{e.qty},#{e.remark},#{e.baCode},#{e.baName},now(3))
        </foreach>
    </insert>
    <!--单品进销存报表-->
    <select id="singlePrdBizReport" resultType="com.ruihe.common.dao.bean.warehouse.WhSinglePrdStockPo">
        SELECT
        prd_bar_code prdBarcode,
        goods_bar_code goodsBarCode,
        prd_name prdName,
        biz_type bizType,
        (case when biz_type = 12 then sum(qty) else sum(ABS(qty)) end) qty,
        sum(ABS(qty * prd_price)) amt
        FROM
        t_wh_stock_log
        WHERE 1=1
        <if test="request.counterId != null and request.counterId != ''">
            AND counter_id = #{request.counterId}
        </if>
        <if test="request.prdBarCode != null and request.prdBarCode != ''">
            AND prd_bar_code = #{request.prdBarCode}
        </if>
        <if test="request.startTime != null">
            AND biz_time &gt;= #{request.startTime}
        </if>
        <if test="request.endTime != null ">
            AND biz_time &lt;= #{request.endTime}
        </if>
        GROUP BY
        prd_bar_code,
        goods_bar_code,
        prd_name,
        biz_type;
    </select>

    <select id="queryTotal" resultType="com.ruihe.app.po.analysis.PosStockLogSubtotalPo">
        SELECT
        stock as totalQty,
        stock * member_price as totalAmt
        FROM
        t_wh_stock
        WHERE 1=1
        <if test="counterId != null and counterId != ''">
            AND counter_id = #{counterId}
        </if>
        <if test="prdBarCode != null and prdBarCode != ''">
            AND prd_bar_code = #{prdBarCode}
        </if>
    </select>

    <select id="queryItem" resultType="com.ruihe.common.dao.bean.warehouse.WhStockLogPo">
        SELECT
        biz_time bizTime,
        biz_type bizType,
        qty qty,
        ba_name baName
        FROM
        t_wh_stock_log
        WHERE 1=1
        <if test="request.counterId != null and request.counterId != ''">
            AND counter_id = #{request.counterId}
        </if>
        <if test="request.prdBarCode != null and request.prdBarCode != ''">
            AND prd_bar_code = #{request.prdBarCode}
        </if>
        <if test="request.startTime != null ">
            AND biz_time &gt;= #{request.startTime}
        </if>
        <if test="request.endTime != null ">
            AND biz_time &lt;= #{request.endTime}
        </if>
        ORDER BY
        biz_time DESC
    </select>
</mapper>
