<?xml version="1.0" encoding="UTF-8"?>
<!DOCTYPE mapper PUBLIC "-//mybatis.org//DTD Mapper 3.0//EN" "http://mybatis.org/dtd/mybatis-3-mapper.dtd">
<mapper namespace="com.ruihe.app.mapper.warehouse.WhTransferItemMapper">

    <!-- 通用查询映射结果 -->
    <resultMap id="BaseResultMap" type="com.ruihe.common.dao.bean.warehouse.WhTransferItemPo">
        <id column="transfer_order_no" property="transferOrderNo"/>
        <result column="prd_bar_code" property="prdBarCode"/>
        <result column="prd_name" property="prdName"/>
        <result column="goods_bar_code" property="goodsBarCode"/>
        <result column="in_qty" property="inQty"/>
        <result column="ack_in_qty" property="ackInQty"/>
        <result column="ack_out_qty" property="ackOutQty"/>
        <result column="prd_price" property="prdPrice"/>
        <result column="member_price" property="memberPrice" />
        <result column="big_cat_code" property="bigCatCode" />
        <result column="big_cat_name" property="bigCatName" />
        <result column="medium_cat_code" property="mediumCatCode" />
        <result column="medium_cat_name" property="mediumCatName" />
        <result column="small_cat_code" property="smallCatCode" />
        <result column="small_cat_name" property="smallCatName" />
        <result column="create_time" property="createTime"/>
        <result column="update_time" property="updateTime"/>
    </resultMap>

    <!--批量插入-->
    <insert id="batchInsert">
        INSERT INTO t_wh_transfer_item(transfer_order_no, prd_bar_code, prd_name, goods_bar_code, in_qty, ack_in_qty, ack_out_qty,
        prd_price,member_price,big_cat_code, big_cat_name, medium_cat_code, medium_cat_name, small_cat_code, small_cat_name ,
        create_time, update_time)
        VALUES
        <foreach collection="list" item="e" separator=",">
            (#{e.transferOrderNo},#{e.prdBarCode},#{e.prdName},#{e.goodsBarCode},#{e.inQty},#{e.ackInQty},#{e.ackOutQty},
            #{e.prdPrice},#{e.memberPrice},#{e.bigCatCode},#{e.bigCatName},#{e.mediumCatCode},#{e.mediumCatName},#{e.smallCatCode},#{e.smallCatName},
            now(3),now(3))
        </foreach>
    </insert>

    <select id="query" resultType="com.ruihe.app.po.analysis.WhTransferStockPo">
        SELECT
            b.stock,
            a.prd_bar_code,
            a.prd_name,
            a.goods_bar_code,
            a.in_qty,
            a.ack_out_qty,
            a.ack_in_qty,
            a.member_price
        FROM
            t_wh_transfer_item a , t_wh_stock b
        WHERE
            a.prd_bar_code = b.prd_bar_code
          AND b.counter_id=#{counterId}
          AND b.prd_bar_code=#{prdBarCode}
          AND a.transfer_order_no=#{transferOrderNo}
    </select>
</mapper>