<?xml version="1.0" encoding="UTF-8"?>
<!DOCTYPE mapper PUBLIC "-//mybatis.org//DTD Mapper 3.0//EN" "http://mybatis.org/dtd/mybatis-3-mapper.dtd">
<mapper namespace="com.ruihe.app.mapper.warehouse.WhU8StockOptMapper">

    <!-- 通用查询映射结果 -->
    <resultMap id="BaseResultMap" type="com.ruihe.common.dao.bean.warehouse.WhU8StockOptPo">
        <id column="opt_no" property="optNo" />
        <result column="counter_id" property="counterId" />
        <result column="counter_name" property="counterName" />
        <result column="biz_type" property="bizType" />
        <result column="biz_no" property="bizNo" />
        <result column="biz_time" property="bizTime" />
        <result column="status" property="status" />
        <result column="remark" property="remark" />
        <result column="create_time" property="createTime" />
        <result column="update_time" property="updateTime" />
    </resultMap>

    <!-- 通用查询结果列 -->
    <sql id="Base_Column_List">
        opt_no, counter_id, counter_name, biz_type, biz_no, biz_time, status, remark, create_time, update_time
    </sql>

</mapper>
