<?xml version="1.0" encoding="UTF-8"?>
<!DOCTYPE mapper PUBLIC "-//mybatis.org//DTD Mapper 3.0//EN" "http://mybatis.org/dtd/mybatis-3-mapper.dtd">
<mapper namespace="com.ruihe.app.mapper.u8.U8ChangePriceItemMapper">

    <!-- 通用查询映射结果 -->
    <resultMap id="BaseResultMap" type="com.ruihe.common.dao.bean.u8.U8ChangePriceItemPo">
        <id column="id" property="id" />
        <result column="order_no" property="orderNo" />
        <result column="cus_code" property="cusCode" />
        <result column="cus_name" property="cusName" />
        <result column="prd_bar_code" property="prdBarCode" />
        <result column="prd_name" property="prdName" />
        <result column="order_price" property="orderPrice" />
        <result column="status" property="status" />
        <result column="sync_time" property="syncTime" />
        <result column="effective_time" property="effectiveTime" />
        <result column="create_time" property="createTime" />
        <result column="update_time" property="updateTime" />
    </resultMap>
    <!-- 通用查询结果列 -->
    <sql id="Base_Column_List">
        id, order_no, cus_code, cus_name, prd_bar_code, prd_name, order_price, status, sync_time, effective_time, create_time, update_time
    </sql>

    <!--批量插入-->
    <insert id="batchInsert">
        INSERT INTO t_u8_change_price_item(order_no, cus_code, cus_name, prd_bar_code, prd_name, order_price, status, sync_time,
         effective_time, create_time, update_time)
        VALUES
        <foreach collection="list" item="e" separator=",">
            (#{e.orderNo},#{e.cusCode},#{e.cusName},#{e.prdBarCode},#{e.prdName},#{e.orderPrice},#{e.status},#{e.syncTime},#{e.effectiveTime},
            #{e.createTime},#{e.updateTime})
        </foreach>
    </insert>
    
    <select id="selectMaxPrdEffectiveTime" resultType="com.ruihe.common.dao.bean.u8.U8ChangePriceItemSimplePo">
        SELECT prd_bar_code,max(effective_time) as max_effective_time
        FROM `t_u8_change_price_item`
        where status = 1
        <if test="list != null and list.isEmpty() == false">
            and prd_bar_code in
            <foreach collection="list"  item="item" open="(" separator="," close=")">
                #{item}
            </foreach>
        </if>
        group by prd_bar_code
    </select>

</mapper>
